#
# There is insufficient memory for the Java Runtime Environment to continue.
# Native memory allocation (mmap) failed to map 66060288 bytes for G1 virtual space
# Possible reasons:
#   The system is out of physical RAM or swap space
#   The process is running with CompressedOops enabled, and the Java Heap may be blocking the growth of the native heap
# Possible solutions:
#   Reduce memory load on the system
#   Increase physical memory or swap space
#   Check if swap backing store is full
#   Decrease Java heap size (-Xmx/-Xms)
#   Decrease number of Java threads
#   Decrease Java thread stack sizes (-Xss)
#   Set larger code cache with -XX:ReservedCodeCacheSize=
#   JVM is running with Unscaled Compressed Oops mode in which the Java heap is
#     placed in the first 4GB address space. The Java Heap base address is the
#     maximum limit for the native heap growth. Please use -XX:HeapBaseMinAddress
#     to set the Java Heap base and to place the Java Heap above 4GB virtual address.
# This output file may be truncated or incomplete.
#
#  Out of Memory Error (os_windows.cpp:3825), pid=3808, tid=4308
#
# JRE version: OpenJDK Runtime Environment (17.0.9) (build 17.0.9+0--11185874)
# Java VM: OpenJDK 64-Bit Server VM (17.0.9+0--11185874, mixed mode, tiered, compressed oops, compressed class ptrs, g1 gc, windows-amd64)
# No core dump will be written. Minidumps are not enabled by default on client versions of Windows
#

---------------  S U M M A R Y ------------

Command Line: --add-opens=java.base/java.util=ALL-UNNAMED --add-opens=java.base/java.lang=ALL-UNNAMED --add-opens=java.base/java.lang.invoke=ALL-UNNAMED --add-opens=java.prefs/java.util.prefs=ALL-UNNAMED --add-opens=java.base/java.nio.charset=ALL-UNNAMED --add-opens=java.base/java.net=ALL-UNNAMED --add-opens=java.base/java.util.concurrent.atomic=ALL-UNNAMED -Xmx2048m -Dfile.encoding=UTF-8 -Duser.country=PH -Duser.language=en -Duser.variant -javaagent:C:\Users\Administrator\.gradle\wrapper\dists\gradle-8.4-bin\1w5dpkrfk8irigvoxmyhowfim\gradle-8.4\lib\agents\gradle-instrumentation-agent-8.4.jar org.gradle.launcher.daemon.bootstrap.GradleDaemon 8.4

Host: AMD Ryzen 5 1400 Quad-Core Processor           , 8 cores, 15G,  Windows 10 , 64 bit Build 19041 (10.0.19041.5915)
Time: Sat Apr 18 20:22:53 2026 China Standard Time elapsed time: 45.910570 seconds (0d 0h 0m 45s)

---------------  T H R E A D  ---------------

Current thread (0x0000018ab48bb110):  VMThread "VM Thread" [stack: 0x0000003cda400000,0x0000003cda500000] [id=4308]

Stack: [0x0000003cda400000,0x0000003cda500000]
Native frames: (J=compiled Java code, j=interpreted, Vv=VM code, C=native code)
V  [jvm.dll+0x6886e9]
V  [jvm.dll+0x841e4a]
V  [jvm.dll+0x843a8e]
V  [jvm.dll+0x8440f3]
V  [jvm.dll+0x24c14f]
V  [jvm.dll+0x685499]
V  [jvm.dll+0x679c2a]
V  [jvm.dll+0x30cf9b]
V  [jvm.dll+0x314446]
V  [jvm.dll+0x36425e]
V  [jvm.dll+0x36448f]
V  [jvm.dll+0x2e2d68]
V  [jvm.dll+0x2e0f44]
V  [jvm.dll+0x2e054c]
V  [jvm.dll+0x3253fb]
V  [jvm.dll+0x8487eb]
V  [jvm.dll+0x849531]
V  [jvm.dll+0x849a4d]
V  [jvm.dll+0x849e24]
V  [jvm.dll+0x849ef0]
V  [jvm.dll+0x7f06aa]
V  [jvm.dll+0x687565]
C  [ucrtbase.dll+0x21bb2]
C  [KERNEL32.DLL+0x17374]
C  [ntdll.dll+0x4cc91]

VM_Operation (0x0000003ce2ef8be0): G1CollectForAllocation, mode: safepoint, requested by thread 0x0000018abdf7f8b0


---------------  P R O C E S S  ---------------

Threads class SMR info:
_java_thread_list=0x0000018abd635060, length=130, elements={
0x0000018a9aa4dc60, 0x0000018ab4a52500, 0x0000018ab4a533d0, 0x0000018ab4a99b40,
0x0000018ab4a9a510, 0x0000018ab4aacd30, 0x0000018ab4ab1a40, 0x0000018ab4ab2a70,
0x0000018ab4ac04b0, 0x0000018ab4ac0de0, 0x0000018ab4bd8fa0, 0x0000018ab4d252d0,
0x0000018abacd91f0, 0x0000018abb280070, 0x0000018aba5f0420, 0x0000018abb462840,
0x0000018abacd84a0, 0x0000018abab322b0, 0x0000018abad9f870, 0x0000018ab9a865e0,
0x0000018ab9a851a0, 0x0000018ab9a84270, 0x0000018ab9a87510, 0x0000018ab9a86af0,
0x0000018ab9a87000, 0x0000018ab9a83d60, 0x0000018ab9a84780, 0x0000018ab9a84c90,
0x0000018abb708810, 0x0000018abb70a160, 0x0000018abb70a670, 0x0000018abb705060,
0x0000018abb709740, 0x0000018abb7078e0, 0x0000018abb70ab80, 0x0000018abb708d20,
0x0000018abb7073d0, 0x0000018abb70bab0, 0x0000018abb709230, 0x0000018abb70c9e0,
0x0000018abb708300, 0x0000018abb709c50, 0x0000018abb705f90, 0x0000018abb70b090,
0x0000018abb70b5a0, 0x0000018abb70bfc0, 0x0000018abb70c4d0, 0x0000018abb705570,
0x0000018abb705a80, 0x0000018abb7064a0, 0x0000018abb7069b0, 0x0000018ab9a856b0,
0x0000018abb0578f0, 0x0000018abb058d30, 0x0000018abb059c60, 0x0000018abb053720,
0x0000018abb056ed0, 0x0000018abb052d00, 0x0000018abb0573e0, 0x0000018abb058310,
0x0000018abb054b60, 0x0000018abb059750, 0x0000018abb058820, 0x0000018abb055070,
0x0000018abb055a90, 0x0000018abb05a170, 0x0000018abb059240, 0x0000018abb05a680,
0x0000018abb055fa0, 0x0000018abb0564b0, 0x0000018abb0569c0, 0x0000018abfc850d0,
0x0000018abfc804e0, 0x0000018abfc87440, 0x0000018abfc82340, 0x0000018abfc82d60,
0x0000018abfc83780, 0x0000018abfc81920, 0x0000018abfc83c90, 0x0000018abfc855e0,
0x0000018abfc841a0, 0x0000018abfc86a20, 0x0000018abfc83270, 0x0000018abfc85af0,
0x0000018abfc84bc0, 0x0000018abfc809f0, 0x0000018abfc80f00, 0x0000018abfc81e30,
0x0000018abfc81410, 0x0000018abc0eed30, 0x0000018abc0ed3e0, 0x0000018abc0ede00,
0x0000018abc0ee310, 0x0000018abc0ed8f0, 0x0000018abc0ef240, 0x0000018abc0ee820,
0x0000018abc0ef750, 0x0000018abc0efc60, 0x0000018abc0ec4b0, 0x0000018abc0eced0,
0x0000018abebe4b20, 0x0000018abebdf000, 0x0000018abebe0e60, 0x0000018abebddbc0,
0x0000018abebe5030, 0x0000018abebe3bf0, 0x0000018abebdf510, 0x0000018abebdfa20,
0x0000018abebe1370, 0x0000018abebdff30, 0x0000018abebe22a0, 0x0000018abebe27b0,
0x0000018abebe4100, 0x0000018abebe4610, 0x0000018abebde5e0, 0x0000018abebe31d0,
0x0000018abebe1880, 0x0000018abebde0d0, 0x0000018abebe2cc0, 0x0000018abebe36e0,
0x0000018abdf7e470, 0x0000018abdf7ee90, 0x0000018abdf7f8b0, 0x0000018abdf83f90,
0x0000018abdf7df60, 0x0000018abdf844a0, 0x0000018abdf83060, 0x0000018abdf84ec0,
0x0000018abc2a6290, 0x0000018abc2a3d60
}

Java Threads: ( => current thread )
  0x0000018a9aa4dc60 JavaThread "main" [_thread_blocked, id=5952, stack(0x0000003cd9e00000,0x0000003cd9f00000)]
  0x0000018ab4a52500 JavaThread "Reference Handler" daemon [_thread_blocked, id=4032, stack(0x0000003cda500000,0x0000003cda600000)]
  0x0000018ab4a533d0 JavaThread "Finalizer" daemon [_thread_blocked, id=1676, stack(0x0000003cda600000,0x0000003cda700000)]
  0x0000018ab4a99b40 JavaThread "Signal Dispatcher" daemon [_thread_blocked, id=5024, stack(0x0000003cda700000,0x0000003cda800000)]
  0x0000018ab4a9a510 JavaThread "Attach Listener" daemon [_thread_blocked, id=1716, stack(0x0000003cda800000,0x0000003cda900000)]
  0x0000018ab4aacd30 JavaThread "Service Thread" daemon [_thread_blocked, id=3296, stack(0x0000003cda900000,0x0000003cdaa00000)]
  0x0000018ab4ab1a40 JavaThread "Monitor Deflation Thread" daemon [_thread_blocked, id=1188, stack(0x0000003cdaa00000,0x0000003cdab00000)]
  0x0000018ab4ab2a70 JavaThread "C2 CompilerThread0" daemon [_thread_in_native, id=1556, stack(0x0000003cdab00000,0x0000003cdac00000)]
  0x0000018ab4ac04b0 JavaThread "C1 CompilerThread0" daemon [_thread_blocked, id=2960, stack(0x0000003cdac00000,0x0000003cdad00000)]
  0x0000018ab4ac0de0 JavaThread "Sweeper thread" daemon [_thread_blocked, id=8832, stack(0x0000003cdad00000,0x0000003cdae00000)]
  0x0000018ab4bd8fa0 JavaThread "Common-Cleaner" daemon [_thread_blocked, id=5672, stack(0x0000003cdae00000,0x0000003cdaf00000)]
  0x0000018ab4d252d0 JavaThread "Notification Thread" daemon [_thread_blocked, id=8712, stack(0x0000003cdaf00000,0x0000003cdb000000)]
  0x0000018abacd91f0 JavaThread "Daemon health stats" [_thread_blocked, id=1148, stack(0x0000003cdb800000,0x0000003cdb900000)]
  0x0000018abb280070 JavaThread "Incoming local TCP Connector on port 50738" [_thread_in_native, id=8260, stack(0x0000003cdb900000,0x0000003cdba00000)]
  0x0000018aba5f0420 JavaThread "Daemon periodic checks" [_thread_blocked, id=6464, stack(0x0000003cdba00000,0x0000003cdbb00000)]
  0x0000018abb462840 JavaThread "Daemon" [_thread_blocked, id=8024, stack(0x0000003cdbb00000,0x0000003cdbc00000)]
  0x0000018abacd84a0 JavaThread "Handler for socket connection from /127.0.0.1:50738 to /127.0.0.1:50739" [_thread_in_native, id=1944, stack(0x0000003cdbc00000,0x0000003cdbd00000)]
  0x0000018abab322b0 JavaThread "Cancel handler" [_thread_blocked, id=8788, stack(0x0000003cdbd00000,0x0000003cdbe00000)]
  0x0000018abad9f870 JavaThread "Daemon worker" [_thread_blocked, id=1948, stack(0x0000003cdbe00000,0x0000003cdbf00000)]
  0x0000018ab9a865e0 JavaThread "Asynchronous log dispatcher for DefaultDaemonConnection: socket connection from /127.0.0.1:50738 to /127.0.0.1:50739" [_thread_blocked, id=4012, stack(0x0000003cdbf00000,0x0000003cdc000000)]
  0x0000018ab9a851a0 JavaThread "Stdin handler" [_thread_blocked, id=7000, stack(0x0000003cdc000000,0x0000003cdc100000)]
  0x0000018ab9a84270 JavaThread "Daemon client event forwarder" [_thread_blocked, id=1700, stack(0x0000003cdc100000,0x0000003cdc200000)]
  0x0000018ab9a87510 JavaThread "Cache worker for journal cache (C:\Users\Administrator\.gradle\caches\journal-1)" [_thread_blocked, id=5404, stack(0x0000003cdc300000,0x0000003cdc400000)]
  0x0000018ab9a86af0 JavaThread "File lock request listener" [_thread_in_native, id=6620, stack(0x0000003cdc400000,0x0000003cdc500000)]
  0x0000018ab9a87000 JavaThread "Cache worker for file hash cache (C:\Users\Administrator\.gradle\caches\8.4\fileHashes)" [_thread_blocked, id=7920, stack(0x0000003cdc600000,0x0000003cdc700000)]
  0x0000018ab9a83d60 JavaThread "File watcher server" daemon [_thread_blocked, id=4596, stack(0x0000003cdc700000,0x0000003cdc800000)]
  0x0000018ab9a84780 JavaThread "File watcher consumer" daemon [_thread_blocked, id=8368, stack(0x0000003cdc800000,0x0000003cdc900000)]
  0x0000018ab9a84c90 JavaThread "Cache worker for checksums cache (C:\Users\Administrator\StudioProjects\AndroidStudioMcdelivery\.gradle\8.4\checksums)" [_thread_blocked, id=1584, stack(0x0000003cdc500000,0x0000003cdc600000)]
  0x0000018abb708810 JavaThread "Cache worker for file hash cache (C:\Users\Administrator\StudioProjects\AndroidStudioMcdelivery\.gradle\8.4\fileHashes)" [_thread_blocked, id=4708, stack(0x0000003cdc900000,0x0000003cdca00000)]
  0x0000018abb70a160 JavaThread "Cache worker for cache directory md-supplier (C:\Users\Administrator\.gradle\caches\8.4\md-supplier)" [_thread_blocked, id=6372, stack(0x0000003cdca00000,0x0000003cdcb00000)]
  0x0000018abb70a670 JavaThread "Cache worker for file content cache (C:\Users\Administrator\.gradle\caches\8.4\fileContent)" [_thread_blocked, id=6916, stack(0x0000003cdcb00000,0x0000003cdcc00000)]
  0x0000018abb705060 JavaThread "Cache worker for cache directory md-rule (C:\Users\Administrator\.gradle\caches\8.4\md-rule)" [_thread_blocked, id=6204, stack(0x0000003cdcc00000,0x0000003cdcd00000)]
  0x0000018abb709740 JavaThread "Cache worker for execution history cache (C:\Users\Administrator\.gradle\caches\8.4\executionHistory)" [_thread_blocked, id=1196, stack(0x0000003cdcd00000,0x0000003cdce00000)]
  0x0000018abb7078e0 JavaThread "Cache worker for kotlin-dsl (C:\Users\Administrator\.gradle\caches\8.4\kotlin-dsl)" [_thread_blocked, id=3428, stack(0x0000003cdd100000,0x0000003cdd200000)]
  0x0000018abb70ab80 JavaThread "jar transforms" [_thread_blocked, id=2792, stack(0x0000003cdd200000,0x0000003cdd300000)]
  0x0000018abb708d20 JavaThread "jar transforms Thread 2" [_thread_blocked, id=788, stack(0x0000003cdd300000,0x0000003cdd400000)]
  0x0000018abb7073d0 JavaThread "jar transforms Thread 3" [_thread_blocked, id=7060, stack(0x0000003cdd400000,0x0000003cdd500000)]
  0x0000018abb70bab0 JavaThread "jar transforms Thread 4" [_thread_blocked, id=8220, stack(0x0000003cdd500000,0x0000003cdd600000)]
  0x0000018abb709230 JavaThread "Cache worker for dependencies-accessors (C:\Users\Administrator\StudioProjects\AndroidStudioMcdelivery\.gradle\8.4\dependencies-accessors)" [_thread_blocked, id=7036, stack(0x0000003cdd600000,0x0000003cdd700000)]
  0x0000018abb70c9e0 JavaThread "Cache worker for Build Output Cleanup Cache (C:\Users\Administrator\StudioProjects\AndroidStudioMcdelivery\.gradle\buildOutputCleanup)" [_thread_blocked, id=3988, stack(0x0000003cdd700000,0x0000003cdd800000)]
  0x0000018abb708300 JavaThread "jar transforms Thread 5" [_thread_blocked, id=2532, stack(0x0000003cdd800000,0x0000003cdd900000)]
  0x0000018abb709c50 JavaThread "jar transforms Thread 6" [_thread_blocked, id=6100, stack(0x0000003cdd900000,0x0000003cdda00000)]
  0x0000018abb705f90 JavaThread "Unconstrained build operations" [_thread_blocked, id=9012, stack(0x0000003cdda00000,0x0000003cddb00000)]
  0x0000018abb70b090 JavaThread "Unconstrained build operations Thread 2" [_thread_blocked, id=2264, stack(0x0000003cddb00000,0x0000003cddc00000)]
  0x0000018abb70b5a0 JavaThread "Unconstrained build operations Thread 3" [_thread_blocked, id=6472, stack(0x0000003cddc00000,0x0000003cddd00000)]
  0x0000018abb70bfc0 JavaThread "Unconstrained build operations Thread 4" [_thread_blocked, id=8900, stack(0x0000003cddd00000,0x0000003cdde00000)]
  0x0000018abb70c4d0 JavaThread "Unconstrained build operations Thread 5" [_thread_blocked, id=1768, stack(0x0000003cdde00000,0x0000003cddf00000)]
  0x0000018abb705570 JavaThread "Unconstrained build operations Thread 6" [_thread_blocked, id=6420, stack(0x0000003cddf00000,0x0000003cde000000)]
  0x0000018abb705a80 JavaThread "Unconstrained build operations Thread 7" [_thread_blocked, id=4728, stack(0x0000003cde000000,0x0000003cde100000)]
  0x0000018abb7064a0 JavaThread "jar transforms Thread 7" [_thread_blocked, id=2080, stack(0x0000003cde100000,0x0000003cde200000)]
  0x0000018abb7069b0 JavaThread "jar transforms Thread 8" [_thread_blocked, id=4076, stack(0x0000003cde200000,0x0000003cde300000)]
  0x0000018ab9a856b0 JavaThread "build event listener" [_thread_blocked, id=6500, stack(0x0000003cdcf00000,0x0000003cdd000000)]
  0x0000018abb0578f0 JavaThread "Memory manager" [_thread_blocked, id=7664, stack(0x0000003cde400000,0x0000003cde500000)]
  0x0000018abb058d30 JavaThread "build event listener" [_thread_blocked, id=4200, stack(0x0000003cde300000,0x0000003cde400000)]
  0x0000018abb059c60 JavaThread "included builds" [_thread_blocked, id=6200, stack(0x0000003cde600000,0x0000003cde700000)]
  0x0000018abb053720 JavaThread "Execution worker" [_thread_blocked, id=8572, stack(0x0000003cde700000,0x0000003cde800000)]
  0x0000018abb056ed0 JavaThread "Execution worker Thread 2" [_thread_blocked, id=4252, stack(0x0000003cde800000,0x0000003cde900000)]
  0x0000018abb052d00 JavaThread "Execution worker Thread 3" [_thread_blocked, id=5040, stack(0x0000003cde900000,0x0000003cdea00000)]
  0x0000018abb0573e0 JavaThread "Execution worker Thread 4" [_thread_blocked, id=8800, stack(0x0000003cdea00000,0x0000003cdeb00000)]
  0x0000018abb058310 JavaThread "Execution worker Thread 5" [_thread_blocked, id=2776, stack(0x0000003cdeb00000,0x0000003cdec00000)]
  0x0000018abb054b60 JavaThread "Execution worker Thread 6" [_thread_blocked, id=2236, stack(0x0000003cdec00000,0x0000003cded00000)]
  0x0000018abb059750 JavaThread "Execution worker Thread 7" [_thread_blocked, id=5088, stack(0x0000003cded00000,0x0000003cdee00000)]
  0x0000018abb058820 JavaThread "Cache worker for execution history cache (C:\Users\Administrator\StudioProjects\AndroidStudioMcdelivery\.gradle\8.4\executionHistory)" [_thread_blocked, id=5528, stack(0x0000003cdee00000,0x0000003cdef00000)]
  0x0000018abb055070 JavaThread "Unconstrained build operations Thread 8" [_thread_blocked, id=5864, stack(0x0000003cdef00000,0x0000003cdf000000)]
  0x0000018abb055a90 JavaThread "Unconstrained build operations Thread 9" [_thread_blocked, id=5352, stack(0x0000003cdf000000,0x0000003cdf100000)]
  0x0000018abb05a170 JavaThread "Unconstrained build operations Thread 10" [_thread_blocked, id=2916, stack(0x0000003cdf100000,0x0000003cdf200000)]
  0x0000018abb059240 JavaThread "Unconstrained build operations Thread 11" [_thread_blocked, id=1996, stack(0x0000003cdf200000,0x0000003cdf300000)]
  0x0000018abb05a680 JavaThread "Unconstrained build operations Thread 12" [_thread_blocked, id=1156, stack(0x0000003cdf300000,0x0000003cdf400000)]
  0x0000018abb055fa0 JavaThread "Unconstrained build operations Thread 13" [_thread_blocked, id=5100, stack(0x0000003cdf400000,0x0000003cdf500000)]
  0x0000018abb0564b0 JavaThread "Unconstrained build operations Thread 14" [_thread_blocked, id=4880, stack(0x0000003cdf500000,0x0000003cdf600000)]
  0x0000018abb0569c0 JavaThread "WorkerExecutor Queue" [_thread_blocked, id=2608, stack(0x0000003cde500000,0x0000003cde600000)]
  0x0000018abfc850d0 JavaThread "Unconstrained build operations Thread 15" [_thread_blocked, id=792, stack(0x0000003cdf600000,0x0000003cdf700000)]
  0x0000018abfc804e0 JavaThread "Unconstrained build operations Thread 16" [_thread_blocked, id=3292, stack(0x0000003cdf700000,0x0000003cdf800000)]
  0x0000018abfc87440 JavaThread "Unconstrained build operations Thread 17" [_thread_blocked, id=3256, stack(0x0000003cdf800000,0x0000003cdf900000)]
  0x0000018abfc82340 JavaThread "Unconstrained build operations Thread 18" [_thread_blocked, id=1792, stack(0x0000003cdf900000,0x0000003cdfa00000)]
  0x0000018abfc82d60 JavaThread "Unconstrained build operations Thread 19" [_thread_blocked, id=3012, stack(0x0000003cdfa00000,0x0000003cdfb00000)]
  0x0000018abfc83780 JavaThread "Unconstrained build operations Thread 20" [_thread_blocked, id=3556, stack(0x0000003cdfb00000,0x0000003cdfc00000)]
  0x0000018abfc81920 JavaThread "Unconstrained build operations Thread 21" [_thread_blocked, id=2364, stack(0x0000003cdfc00000,0x0000003cdfd00000)]
  0x0000018abfc83c90 JavaThread "WorkerExecutor Queue Thread 2" [_thread_blocked, id=2004, stack(0x0000003cdff00000,0x0000003ce0000000)]
  0x0000018abfc855e0 JavaThread "WorkerExecutor Queue Thread 3" [_thread_blocked, id=6072, stack(0x0000003ce0000000,0x0000003ce0100000)]
  0x0000018abfc841a0 JavaThread "WorkerExecutor Queue Thread 4" [_thread_blocked, id=1916, stack(0x0000003ce0100000,0x0000003ce0200000)]
  0x0000018abfc86a20 JavaThread "WorkerExecutor Queue Thread 5" [_thread_blocked, id=6768, stack(0x0000003ce0200000,0x0000003ce0300000)]
  0x0000018abfc83270 JavaThread "WorkerExecutor Queue Thread 6" [_thread_blocked, id=1324, stack(0x0000003ce0300000,0x0000003ce0400000)]
  0x0000018abfc85af0 JavaThread "WorkerExecutor Queue Thread 8" [_thread_blocked, id=2120, stack(0x0000003ce0500000,0x0000003ce0600000)]
  0x0000018abfc84bc0 JavaThread "Unconstrained build operations Thread 22" [_thread_blocked, id=4036, stack(0x0000003ce0600000,0x0000003ce0700000)]
  0x0000018abfc809f0 JavaThread "Unconstrained build operations Thread 23" [_thread_blocked, id=6828, stack(0x0000003ce0700000,0x0000003ce0800000)]
  0x0000018abfc80f00 JavaThread "Unconstrained build operations Thread 24" [_thread_blocked, id=6348, stack(0x0000003ce0800000,0x0000003ce0900000)]
  0x0000018abfc81e30 JavaThread "Unconstrained build operations Thread 25" [_thread_blocked, id=5624, stack(0x0000003ce0900000,0x0000003ce0a00000)]
  0x0000018abfc81410 JavaThread "Unconstrained build operations Thread 26" [_thread_blocked, id=5420, stack(0x0000003ce0a00000,0x0000003ce0b00000)]
  0x0000018abc0eed30 JavaThread "Unconstrained build operations Thread 27" [_thread_blocked, id=2860, stack(0x0000003ce0b00000,0x0000003ce0c00000)]
  0x0000018abc0ed3e0 JavaThread "Unconstrained build operations Thread 28" [_thread_blocked, id=6208, stack(0x0000003ce0c00000,0x0000003ce0d00000)]
  0x0000018abc0ede00 JavaThread "Unconstrained build operations Thread 29" [_thread_blocked, id=5168, stack(0x0000003ce0d00000,0x0000003ce0e00000)]
  0x0000018abc0ee310 JavaThread "Unconstrained build operations Thread 30" [_thread_blocked, id=4284, stack(0x0000003ce0e00000,0x0000003ce0f00000)]
  0x0000018abc0ed8f0 JavaThread "Unconstrained build operations Thread 31" [_thread_blocked, id=8864, stack(0x0000003ce0f00000,0x0000003ce1000000)]
  0x0000018abc0ef240 JavaThread "Unconstrained build operations Thread 32" [_thread_blocked, id=464, stack(0x0000003ce1000000,0x0000003ce1100000)]
  0x0000018abc0ee820 JavaThread "Unconstrained build operations Thread 33" [_thread_blocked, id=5260, stack(0x0000003ce1100000,0x0000003ce1200000)]
  0x0000018abc0ef750 JavaThread "Unconstrained build operations Thread 34" [_thread_blocked, id=6088, stack(0x0000003ce1200000,0x0000003ce1300000)]
  0x0000018abc0efc60 JavaThread "Unconstrained build operations Thread 35" [_thread_blocked, id=5364, stack(0x0000003ce1300000,0x0000003ce1400000)]
  0x0000018abc0ec4b0 JavaThread "Unconstrained build operations Thread 36" [_thread_blocked, id=7960, stack(0x0000003ce1400000,0x0000003ce1500000)]
  0x0000018abc0eced0 JavaThread "WorkerExecutor Queue Thread 9" [_thread_blocked, id=2440, stack(0x0000003ce1500000,0x0000003ce1600000)]
  0x0000018abebe4b20 JavaThread "Unconstrained build operations Thread 37" [_thread_blocked, id=6600, stack(0x0000003ce1600000,0x0000003ce1700000)]
  0x0000018abebdf000 JavaThread "Unconstrained build operations Thread 38" [_thread_blocked, id=6528, stack(0x0000003ce1700000,0x0000003ce1800000)]
  0x0000018abebe0e60 JavaThread "Unconstrained build operations Thread 39" [_thread_blocked, id=4064, stack(0x0000003ce1800000,0x0000003ce1900000)]
  0x0000018abebddbc0 JavaThread "Unconstrained build operations Thread 40" [_thread_blocked, id=1368, stack(0x0000003ce1900000,0x0000003ce1a00000)]
  0x0000018abebe5030 JavaThread "Unconstrained build operations Thread 41" [_thread_blocked, id=6520, stack(0x0000003ce1a00000,0x0000003ce1b00000)]
  0x0000018abebe3bf0 JavaThread "Unconstrained build operations Thread 42" [_thread_blocked, id=6388, stack(0x0000003ce1b00000,0x0000003ce1c00000)]
  0x0000018abebdf510 JavaThread "Unconstrained build operations Thread 43" [_thread_blocked, id=1560, stack(0x0000003ce1c00000,0x0000003ce1d00000)]
  0x0000018abebdfa20 JavaThread "Unconstrained build operations Thread 44" [_thread_blocked, id=7056, stack(0x0000003ce1d00000,0x0000003ce1e00000)]
  0x0000018abebe1370 JavaThread "Unconstrained build operations Thread 45" [_thread_blocked, id=736, stack(0x0000003ce1e00000,0x0000003ce1f00000)]
  0x0000018abebdff30 JavaThread "Unconstrained build operations Thread 46" [_thread_blocked, id=3392, stack(0x0000003ce1f00000,0x0000003ce2000000)]
  0x0000018abebe22a0 JavaThread "Unconstrained build operations Thread 47" [_thread_blocked, id=7828, stack(0x0000003ce2000000,0x0000003ce2100000)]
  0x0000018abebe27b0 JavaThread "Unconstrained build operations Thread 48" [_thread_blocked, id=5824, stack(0x0000003ce2100000,0x0000003ce2200000)]
  0x0000018abebe4100 JavaThread "Unconstrained build operations Thread 49" [_thread_blocked, id=2520, stack(0x0000003ce2200000,0x0000003ce2300000)]
  0x0000018abebe4610 JavaThread "Unconstrained build operations Thread 50" [_thread_blocked, id=8376, stack(0x0000003ce2300000,0x0000003ce2400000)]
  0x0000018abebde5e0 JavaThread "Unconstrained build operations Thread 51" [_thread_blocked, id=3720, stack(0x0000003ce2600000,0x0000003ce2700000)]
  0x0000018abebe31d0 JavaThread "Unconstrained build operations Thread 52" [_thread_blocked, id=5036, stack(0x0000003ce2700000,0x0000003ce2800000)]
  0x0000018abebe1880 JavaThread "Unconstrained build operations Thread 53" [_thread_blocked, id=2464, stack(0x0000003ce2800000,0x0000003ce2900000)]
  0x0000018abebde0d0 JavaThread "Unconstrained build operations Thread 54" [_thread_blocked, id=1712, stack(0x0000003ce2900000,0x0000003ce2a00000)]
  0x0000018abebe2cc0 JavaThread "Unconstrained build operations Thread 55" [_thread_blocked, id=7128, stack(0x0000003ce2a00000,0x0000003ce2b00000)]
  0x0000018abebe36e0 JavaThread "Unconstrained build operations Thread 56" [_thread_blocked, id=1364, stack(0x0000003ce2b00000,0x0000003ce2c00000)]
  0x0000018abdf7e470 JavaThread "Unconstrained build operations Thread 57" [_thread_blocked, id=2008, stack(0x0000003ce2c00000,0x0000003ce2d00000)]
  0x0000018abdf7ee90 JavaThread "Unconstrained build operations Thread 58" [_thread_blocked, id=5860, stack(0x0000003ce2d00000,0x0000003ce2e00000)]
  0x0000018abdf7f8b0 JavaThread "Unconstrained build operations Thread 59" [_thread_blocked, id=4408, stack(0x0000003ce2e00000,0x0000003ce2f00000)]
  0x0000018abdf83f90 JavaThread "Unconstrained build operations Thread 60" [_thread_blocked, id=6428, stack(0x0000003ce2f00000,0x0000003ce3000000)]
  0x0000018abdf7df60 JavaThread "Unconstrained build operations Thread 61" [_thread_blocked, id=8416, stack(0x0000003ce3000000,0x0000003ce3100000)]
  0x0000018abdf844a0 JavaThread "Unconstrained build operations Thread 62" [_thread_blocked, id=7680, stack(0x0000003ce3100000,0x0000003ce3200000)]
  0x0000018abdf83060 JavaThread "Unconstrained build operations Thread 63" [_thread_blocked, id=4744, stack(0x0000003ce3200000,0x0000003ce3300000)]
  0x0000018abdf84ec0 JavaThread "Unconstrained build operations Thread 64" [_thread_blocked, id=5180, stack(0x0000003ce3300000,0x0000003ce3400000)]
  0x0000018abc2a6290 JavaThread "C2 CompilerThread1" daemon [_thread_in_native, id=4120, stack(0x0000003cdce00000,0x0000003cdcf00000)]
  0x0000018abc2a3d60 JavaThread "C2 CompilerThread2" daemon [_thread_blocked, id=7516, stack(0x0000003cdfd00000,0x0000003cdfe00000)]

Other Threads:
=>0x0000018ab48bb110 VMThread "VM Thread" [stack: 0x0000003cda400000,0x0000003cda500000] [id=4308]
  0x0000018ab4d257b0 WatcherThread [stack: 0x0000003cdb000000,0x0000003cdb100000] [id=5480]
  0x0000018a9aaabb00 GCTaskThread "GC Thread#0" [stack: 0x0000003cd9f00000,0x0000003cda000000] [id=4152]
  0x0000018ab9a83a00 GCTaskThread "GC Thread#1" [stack: 0x0000003cdb200000,0x0000003cdb300000] [id=4868]
  0x0000018ab9c9a950 GCTaskThread "GC Thread#2" [stack: 0x0000003cdb300000,0x0000003cdb400000] [id=1404]
  0x0000018ab9a825c0 GCTaskThread "GC Thread#3" [stack: 0x0000003cdb400000,0x0000003cdb500000] [id=8536]
  0x0000018ab95feff0 GCTaskThread "GC Thread#4" [stack: 0x0000003cdb500000,0x0000003cdb600000] [id=5920]
  0x0000018ab95ff2b0 GCTaskThread "GC Thread#5" [stack: 0x0000003cdb600000,0x0000003cdb700000] [id=3364]
  0x0000018abb514b50 GCTaskThread "GC Thread#6" [stack: 0x0000003cdb100000,0x0000003cdb200000] [id=5784]
  0x0000018abb5e6750 GCTaskThread "GC Thread#7" [stack: 0x0000003cdb700000,0x0000003cdb800000] [id=7408]
  0x0000018a9aabc960 ConcurrentGCThread "G1 Main Marker" [stack: 0x0000003cda000000,0x0000003cda100000] [id=852]
  0x0000018a9aabda30 ConcurrentGCThread "G1 Conc#0" [stack: 0x0000003cda100000,0x0000003cda200000] [id=1852]
  0x0000018abaa80ed0 ConcurrentGCThread "G1 Conc#1" [stack: 0x0000003cdc200000,0x0000003cdc300000] [id=4204]
  0x0000018a9ab0e5d0 ConcurrentGCThread "G1 Refine#0" [stack: 0x0000003cda200000,0x0000003cda300000] [id=4056]
  0x0000018abb9fb9d0 ConcurrentGCThread "G1 Refine#1" [stack: 0x0000003cdd000000,0x0000003cdd100000] [id=4640]
  0x0000018abe643e50 ConcurrentGCThread "G1 Refine#2" [stack: 0x0000003cdfe00000,0x0000003cdff00000] [id=4520]
  0x0000018ab4773590 ConcurrentGCThread "G1 Service" [stack: 0x0000003cda300000,0x0000003cda400000] [id=3160]

Threads with active compile tasks:
C2 CompilerThread0    45985 21117 %     4       com.android.tools.r8.ir.regalloc.b::c @ 1693 (4465 bytes)
C2 CompilerThread1    45985 21686 %     4       com.android.tools.r8.internal.jd::a @ 1066 (6886 bytes)
C2 CompilerThread2    45985 21909   !   4       java.util.concurrent.ConcurrentHashMap::computeIfAbsent (576 bytes)

VM state: at safepoint (normal execution)

VM Mutex/Monitor currently owned by a thread:  ([mutex/lock_event])
[0x0000018a9aa4a120] Threads_lock - owner thread: 0x0000018ab48bb110
[0x0000018a9aa48bc0] Heap_lock - owner thread: 0x0000018abdf7f8b0

Heap address: 0x0000000080000000, size: 2048 MB, Compressed Oops mode: 32-bit

CDS archive(s) not mapped
Compressed class space mapped at: 0x0000000100000000-0x0000000140000000, reserved size: 1073741824
Narrow klass base: 0x0000000000000000, Narrow klass shift: 3, Narrow klass range: 0x140000000

GC Precious Log:
 CPUs: 8 total, 8 available
 Memory: 16263M
 Large Page Support: Disabled
 NUMA Support: Disabled
 Compressed Oops: Enabled (32-bit)
 Heap Region Size: 1M
 Heap Min Capacity: 8M
 Heap Initial Capacity: 256M
 Heap Max Capacity: 2G
 Pre-touch: Disabled
 Parallel Workers: 8
 Concurrent Workers: 2
 Concurrent Refinement Workers: 8
 Periodic GC: Disabled

Heap:
 garbage-first heap   total 502784K, used 224361K [0x0000000080000000, 0x0000000100000000)
  region size 1024K, 13 young (13312K), 13 survivors (13312K)
 Metaspace       used 133471K, committed 134400K, reserved 1179648K
  class space    used 18433K, committed 18880K, reserved 1048576K

Heap Regions: E=young(eden), S=young(survivor), O=old, HS=humongous(starts), HC=humongous(continues), CS=collection set, F=free, OA=open archive, CA=closed archive, TAMS=top-at-mark-start (previous, next)
|   0|0x0000000080000000, 0x0000000080100000, 0x0000000080100000|100%|HS|  |TAMS 0x0000000080100000, 0x0000000080000000| Complete 
|   1|0x0000000080100000, 0x0000000080200000, 0x0000000080200000|100%|HC|  |TAMS 0x0000000080200000, 0x0000000080100000| Complete 
|   2|0x0000000080200000, 0x0000000080300000, 0x0000000080300000|100%|HC|  |TAMS 0x0000000080300000, 0x0000000080200000| Complete 
|   3|0x0000000080300000, 0x0000000080400000, 0x0000000080400000|100%|HC|  |TAMS 0x0000000080400000, 0x0000000080300000| Complete 
|   4|0x0000000080400000, 0x0000000080500000, 0x0000000080500000|100%| O|  |TAMS 0x0000000080500000, 0x0000000080400000| Untracked 
|   5|0x0000000080500000, 0x0000000080600000, 0x0000000080600000|100%| O|  |TAMS 0x0000000080600000, 0x0000000080500000| Untracked 
|   6|0x0000000080600000, 0x0000000080700000, 0x0000000080700000|100%| O|  |TAMS 0x0000000080700000, 0x0000000080600000| Untracked 
|   7|0x0000000080700000, 0x0000000080800000, 0x0000000080800000|100%| O|  |TAMS 0x0000000080800000, 0x0000000080700000| Untracked 
|   8|0x0000000080800000, 0x0000000080900000, 0x0000000080900000|100%| O|  |TAMS 0x0000000080900000, 0x0000000080800000| Untracked 
|   9|0x0000000080900000, 0x0000000080a00000, 0x0000000080a00000|100%| O|  |TAMS 0x0000000080a00000, 0x0000000080900000| Untracked 
|  10|0x0000000080a00000, 0x0000000080b00000, 0x0000000080b00000|100%| O|  |TAMS 0x0000000080a00000, 0x0000000080a00000| Untracked 
|  11|0x0000000080b00000, 0x0000000080c00000, 0x0000000080c00000|100%| O|  |TAMS 0x0000000080c00000, 0x0000000080b00000| Untracked 
|  12|0x0000000080c00000, 0x0000000080d00000, 0x0000000080d00000|100%| O|  |TAMS 0x0000000080d00000, 0x0000000080c00000| Untracked 
|  13|0x0000000080d00000, 0x0000000080e00000, 0x0000000080e00000|100%| O|  |TAMS 0x0000000080e00000, 0x0000000080d00000| Untracked 
|  14|0x0000000080e00000, 0x0000000080f00000, 0x0000000080f00000|100%| O|  |TAMS 0x0000000080f00000, 0x0000000080e00000| Untracked 
|  15|0x0000000080f00000, 0x0000000081000000, 0x0000000081000000|100%| O|  |TAMS 0x0000000081000000, 0x0000000080f00000| Untracked 
|  16|0x0000000081000000, 0x0000000081100000, 0x0000000081100000|100%| O|  |TAMS 0x0000000081100000, 0x0000000081000000| Untracked 
|  17|0x0000000081100000, 0x0000000081200000, 0x0000000081200000|100%| O|  |TAMS 0x0000000081200000, 0x0000000081100000| Untracked 
|  18|0x0000000081200000, 0x0000000081300000, 0x0000000081300000|100%| O|  |TAMS 0x0000000081300000, 0x0000000081200000| Untracked 
|  19|0x0000000081300000, 0x0000000081400000, 0x0000000081400000|100%| O|  |TAMS 0x0000000081400000, 0x0000000081300000| Untracked 
|  20|0x0000000081400000, 0x0000000081500000, 0x0000000081500000|100%| O|  |TAMS 0x0000000081500000, 0x0000000081400000| Untracked 
|  21|0x0000000081500000, 0x0000000081600000, 0x0000000081600000|100%| O|  |TAMS 0x0000000081600000, 0x0000000081500000| Untracked 
|  22|0x0000000081600000, 0x0000000081700000, 0x0000000081700000|100%| O|  |TAMS 0x0000000081700000, 0x0000000081600000| Untracked 
|  23|0x0000000081700000, 0x0000000081800000, 0x0000000081800000|100%| O|  |TAMS 0x0000000081800000, 0x0000000081700000| Untracked 
|  24|0x0000000081800000, 0x0000000081900000, 0x0000000081900000|100%| O|  |TAMS 0x0000000081900000, 0x0000000081800000| Untracked 
|  25|0x0000000081900000, 0x0000000081a00000, 0x0000000081a00000|100%| O|  |TAMS 0x0000000081a00000, 0x0000000081900000| Untracked 
|  26|0x0000000081a00000, 0x0000000081b00000, 0x0000000081b00000|100%| O|  |TAMS 0x0000000081b00000, 0x0000000081a00000| Untracked 
|  27|0x0000000081b00000, 0x0000000081c00000, 0x0000000081c00000|100%| O|  |TAMS 0x0000000081c00000, 0x0000000081b00000| Untracked 
|  28|0x0000000081c00000, 0x0000000081d00000, 0x0000000081d00000|100%| O|  |TAMS 0x0000000081d00000, 0x0000000081c00000| Untracked 
|  29|0x0000000081d00000, 0x0000000081e00000, 0x0000000081e00000|100%| O|  |TAMS 0x0000000081e00000, 0x0000000081d00000| Untracked 
|  30|0x0000000081e00000, 0x0000000081f00000, 0x0000000081f00000|100%| O|  |TAMS 0x0000000081f00000, 0x0000000081e00000| Untracked 
|  31|0x0000000081f00000, 0x0000000082000000, 0x0000000082000000|100%| O|  |TAMS 0x0000000082000000, 0x0000000081f00000| Untracked 
|  32|0x0000000082000000, 0x0000000082100000, 0x0000000082100000|100%| O|  |TAMS 0x0000000082100000, 0x0000000082000000| Untracked 
|  33|0x0000000082100000, 0x0000000082200000, 0x0000000082200000|100%| O|  |TAMS 0x0000000082200000, 0x0000000082100000| Untracked 
|  34|0x0000000082200000, 0x0000000082300000, 0x0000000082300000|100%|HS|  |TAMS 0x0000000082300000, 0x0000000082200000| Complete 
|  35|0x0000000082300000, 0x0000000082400000, 0x0000000082400000|100%|HS|  |TAMS 0x0000000082400000, 0x0000000082300000| Complete 
|  36|0x0000000082400000, 0x0000000082500000, 0x0000000082500000|100%|HS|  |TAMS 0x0000000082500000, 0x0000000082400000| Complete 
|  37|0x0000000082500000, 0x0000000082600000, 0x0000000082600000|100%|HC|  |TAMS 0x0000000082600000, 0x0000000082500000| Complete 
|  38|0x0000000082600000, 0x0000000082700000, 0x0000000082700000|100%|HS|  |TAMS 0x0000000082700000, 0x0000000082600000| Complete 
|  39|0x0000000082700000, 0x0000000082800000, 0x0000000082800000|100%|HC|  |TAMS 0x0000000082800000, 0x0000000082700000| Complete 
|  40|0x0000000082800000, 0x0000000082900000, 0x0000000082900000|100%| O|  |TAMS 0x0000000082900000, 0x0000000082800000| Untracked 
|  41|0x0000000082900000, 0x0000000082a00000, 0x0000000082a00000|100%| O|  |TAMS 0x0000000082a00000, 0x0000000082900000| Untracked 
|  42|0x0000000082a00000, 0x0000000082b00000, 0x0000000082b00000|100%| O|  |TAMS 0x0000000082b00000, 0x0000000082a00000| Untracked 
|  43|0x0000000082b00000, 0x0000000082c00000, 0x0000000082c00000|100%|HS|  |TAMS 0x0000000082c00000, 0x0000000082b00000| Complete 
|  44|0x0000000082c00000, 0x0000000082d00000, 0x0000000082d00000|100%|HS|  |TAMS 0x0000000082d00000, 0x0000000082c00000| Complete 
|  45|0x0000000082d00000, 0x0000000082e00000, 0x0000000082e00000|100%|HC|  |TAMS 0x0000000082e00000, 0x0000000082d00000| Complete 
|  46|0x0000000082e00000, 0x0000000082f00000, 0x0000000082f00000|100%|HC|  |TAMS 0x0000000082f00000, 0x0000000082e00000| Complete 
|  47|0x0000000082f00000, 0x0000000083000000, 0x0000000083000000|100%|HC|  |TAMS 0x0000000083000000, 0x0000000082f00000| Complete 
|  48|0x0000000083000000, 0x0000000083100000, 0x0000000083100000|100%| O|  |TAMS 0x0000000083100000, 0x0000000083000000| Untracked 
|  49|0x0000000083100000, 0x0000000083200000, 0x0000000083200000|100%| O|  |TAMS 0x0000000083200000, 0x0000000083100000| Untracked 
|  50|0x0000000083200000, 0x0000000083300000, 0x0000000083300000|100%| O|  |TAMS 0x0000000083300000, 0x0000000083200000| Untracked 
|  51|0x0000000083300000, 0x0000000083400000, 0x0000000083400000|100%| O|  |TAMS 0x0000000083400000, 0x0000000083300000| Untracked 
|  52|0x0000000083400000, 0x0000000083500000, 0x0000000083500000|100%|HS|  |TAMS 0x0000000083500000, 0x0000000083400000| Complete 
|  53|0x0000000083500000, 0x0000000083600000, 0x0000000083600000|100%| O|  |TAMS 0x0000000083600000, 0x0000000083500000| Untracked 
|  54|0x0000000083600000, 0x0000000083700000, 0x0000000083700000|100%| O|  |TAMS 0x0000000083700000, 0x0000000083600000| Untracked 
|  55|0x0000000083700000, 0x0000000083800000, 0x0000000083800000|100%| O|  |TAMS 0x0000000083800000, 0x0000000083700000| Untracked 
|  56|0x0000000083800000, 0x0000000083900000, 0x0000000083900000|100%| O|  |TAMS 0x0000000083900000, 0x0000000083800000| Untracked 
|  57|0x0000000083900000, 0x0000000083a00000, 0x0000000083a00000|100%| O|  |TAMS 0x0000000083a00000, 0x0000000083900000| Untracked 
|  58|0x0000000083a00000, 0x0000000083b00000, 0x0000000083b00000|100%|HS|  |TAMS 0x0000000083b00000, 0x0000000083a00000| Complete 
|  59|0x0000000083b00000, 0x0000000083c00000, 0x0000000083c00000|100%| O|  |TAMS 0x0000000083c00000, 0x0000000083b00000| Untracked 
|  60|0x0000000083c00000, 0x0000000083d00000, 0x0000000083d00000|100%| O|  |TAMS 0x0000000083d00000, 0x0000000083c00000| Untracked 
|  61|0x0000000083d00000, 0x0000000083e00000, 0x0000000083e00000|100%| O|  |TAMS 0x0000000083e00000, 0x0000000083d00000| Untracked 
|  62|0x0000000083e00000, 0x0000000083f00000, 0x0000000083f00000|100%| O|  |TAMS 0x0000000083f00000, 0x0000000083e00000| Untracked 
|  63|0x0000000083f00000, 0x0000000084000000, 0x0000000084000000|100%| O|  |TAMS 0x0000000084000000, 0x0000000083f00000| Untracked 
|  64|0x0000000084000000, 0x0000000084100000, 0x0000000084100000|100%| O|  |TAMS 0x0000000084100000, 0x0000000084000000| Untracked 
|  65|0x0000000084100000, 0x0000000084200000, 0x0000000084200000|100%| O|  |TAMS 0x0000000084200000, 0x0000000084100000| Untracked 
|  66|0x0000000084200000, 0x0000000084300000, 0x0000000084300000|100%| O|  |TAMS 0x0000000084300000, 0x0000000084200000| Untracked 
|  67|0x0000000084300000, 0x0000000084400000, 0x0000000084400000|100%|HS|  |TAMS 0x0000000084400000, 0x0000000084300000| Complete 
|  68|0x0000000084400000, 0x0000000084500000, 0x0000000084500000|100%|HC|  |TAMS 0x0000000084500000, 0x0000000084400000| Complete 
|  69|0x0000000084500000, 0x0000000084600000, 0x0000000084600000|100%|HC|  |TAMS 0x0000000084600000, 0x0000000084500000| Complete 
|  70|0x0000000084600000, 0x0000000084700000, 0x0000000084700000|100%|HC|  |TAMS 0x0000000084700000, 0x0000000084600000| Complete 
|  71|0x0000000084700000, 0x0000000084800000, 0x0000000084800000|100%| O|  |TAMS 0x0000000084800000, 0x0000000084700000| Untracked 
|  72|0x0000000084800000, 0x0000000084900000, 0x0000000084900000|100%| O|  |TAMS 0x0000000084900000, 0x0000000084800000| Untracked 
|  73|0x0000000084900000, 0x0000000084a00000, 0x0000000084a00000|100%| O|  |TAMS 0x0000000084a00000, 0x0000000084900000| Untracked 
|  74|0x0000000084a00000, 0x0000000084b00000, 0x0000000084b00000|100%| O|  |TAMS 0x0000000084b00000, 0x0000000084a00000| Untracked 
|  75|0x0000000084b00000, 0x0000000084c00000, 0x0000000084c00000|100%| O|  |TAMS 0x0000000084c00000, 0x0000000084b00000| Untracked 
|  76|0x0000000084c00000, 0x0000000084d00000, 0x0000000084d00000|100%| O|  |TAMS 0x0000000084d00000, 0x0000000084c00000| Untracked 
|  77|0x0000000084d00000, 0x0000000084e00000, 0x0000000084e00000|100%| O|  |TAMS 0x0000000084e00000, 0x0000000084d00000| Untracked 
|  78|0x0000000084e00000, 0x0000000084f00000, 0x0000000084f00000|100%| O|  |TAMS 0x0000000084f00000, 0x0000000084e00000| Untracked 
|  79|0x0000000084f00000, 0x0000000085000000, 0x0000000085000000|100%| O|  |TAMS 0x0000000085000000, 0x0000000084f00000| Untracked 
|  80|0x0000000085000000, 0x0000000085100000, 0x0000000085100000|100%| O|  |TAMS 0x0000000085100000, 0x0000000085000000| Untracked 
|  81|0x0000000085100000, 0x0000000085200000, 0x0000000085200000|100%| O|  |TAMS 0x0000000085200000, 0x0000000085100000| Untracked 
|  82|0x0000000085200000, 0x0000000085300000, 0x0000000085300000|100%| O|  |TAMS 0x0000000085300000, 0x0000000085200000| Untracked 
|  83|0x0000000085300000, 0x0000000085400000, 0x0000000085400000|100%| O|  |TAMS 0x0000000085300000, 0x0000000085300000| Untracked 
|  84|0x0000000085400000, 0x0000000085500000, 0x0000000085500000|100%| O|  |TAMS 0x0000000085471a00, 0x0000000085400000| Untracked 
|  85|0x0000000085500000, 0x0000000085600000, 0x0000000085600000|100%| O|  |TAMS 0x0000000085500000, 0x0000000085500000| Untracked 
|  86|0x0000000085600000, 0x0000000085700000, 0x0000000085700000|100%| O|  |TAMS 0x0000000085600000, 0x0000000085600000| Untracked 
|  87|0x0000000085700000, 0x0000000085800000, 0x0000000085800000|100%| O|  |TAMS 0x0000000085700000, 0x0000000085700000| Untracked 
|  88|0x0000000085800000, 0x0000000085900000, 0x0000000085900000|100%| O|  |TAMS 0x0000000085800000, 0x0000000085800000| Untracked 
|  89|0x0000000085900000, 0x0000000085a00000, 0x0000000085a00000|100%| O|  |TAMS 0x0000000085900000, 0x0000000085900000| Untracked 
|  90|0x0000000085a00000, 0x0000000085b00000, 0x0000000085b00000|100%| O|  |TAMS 0x0000000085a00000, 0x0000000085a00000| Untracked 
|  91|0x0000000085b00000, 0x0000000085c00000, 0x0000000085c00000|100%| O|  |TAMS 0x0000000085b00000, 0x0000000085b00000| Untracked 
|  92|0x0000000085c00000, 0x0000000085d00000, 0x0000000085d00000|100%| O|  |TAMS 0x0000000085c00000, 0x0000000085c00000| Untracked 
|  93|0x0000000085d00000, 0x0000000085e00000, 0x0000000085e00000|100%| O|  |TAMS 0x0000000085d00000, 0x0000000085d00000| Untracked 
|  94|0x0000000085e00000, 0x0000000085f00000, 0x0000000085f00000|100%| O|  |TAMS 0x0000000085e00000, 0x0000000085e00000| Untracked 
|  95|0x0000000085f00000, 0x0000000086000000, 0x0000000086000000|100%|HS|  |TAMS 0x0000000085f00000, 0x0000000085f00000| Complete 
|  96|0x0000000086000000, 0x0000000086100000, 0x0000000086100000|100%|HC|  |TAMS 0x0000000086000000, 0x0000000086000000| Complete 
|  97|0x0000000086100000, 0x0000000086200000, 0x0000000086200000|100%| O|  |TAMS 0x0000000086100000, 0x0000000086100000| Untracked 
|  98|0x0000000086200000, 0x0000000086300000, 0x0000000086300000|100%| O|  |TAMS 0x0000000086200000, 0x0000000086200000| Untracked 
|  99|0x0000000086300000, 0x0000000086400000, 0x0000000086400000|100%| O|  |TAMS 0x0000000086300000, 0x0000000086300000| Untracked 
| 100|0x0000000086400000, 0x0000000086500000, 0x0000000086500000|100%| O|  |TAMS 0x0000000086400000, 0x0000000086400000| Untracked 
| 101|0x0000000086500000, 0x0000000086600000, 0x0000000086600000|100%| O|  |TAMS 0x0000000086500000, 0x0000000086500000| Untracked 
| 102|0x0000000086600000, 0x0000000086700000, 0x0000000086700000|100%| O|  |TAMS 0x0000000086600000, 0x0000000086600000| Untracked 
| 103|0x0000000086700000, 0x0000000086800000, 0x0000000086800000|100%| O|  |TAMS 0x0000000086700000, 0x0000000086700000| Untracked 
| 104|0x0000000086800000, 0x0000000086900000, 0x0000000086900000|100%| O|  |TAMS 0x0000000086800000, 0x0000000086800000| Untracked 
| 105|0x0000000086900000, 0x0000000086a00000, 0x0000000086a00000|100%| O|  |TAMS 0x0000000086900000, 0x0000000086900000| Untracked 
| 106|0x0000000086a00000, 0x0000000086b00000, 0x0000000086b00000|100%| O|  |TAMS 0x0000000086a00000, 0x0000000086a00000| Untracked 
| 107|0x0000000086b00000, 0x0000000086c00000, 0x0000000086c00000|100%| O|  |TAMS 0x0000000086b00000, 0x0000000086b00000| Untracked 
| 108|0x0000000086c00000, 0x0000000086d00000, 0x0000000086d00000|100%| O|  |TAMS 0x0000000086c00000, 0x0000000086c00000| Untracked 
| 109|0x0000000086d00000, 0x0000000086e00000, 0x0000000086e00000|100%| O|  |TAMS 0x0000000086d00000, 0x0000000086d00000| Untracked 
| 110|0x0000000086e00000, 0x0000000086f00000, 0x0000000086f00000|100%| O|  |TAMS 0x0000000086e00000, 0x0000000086e00000| Untracked 
| 111|0x0000000086f00000, 0x0000000087000000, 0x0000000087000000|100%| O|  |TAMS 0x0000000086f00000, 0x0000000086f00000| Untracked 
| 112|0x0000000087000000, 0x0000000087100000, 0x0000000087100000|100%| O|  |TAMS 0x0000000087000000, 0x0000000087000000| Untracked 
| 113|0x0000000087100000, 0x0000000087200000, 0x0000000087200000|100%| O|  |TAMS 0x0000000087100000, 0x0000000087100000| Untracked 
| 114|0x0000000087200000, 0x0000000087300000, 0x0000000087300000|100%| O|  |TAMS 0x0000000087200000, 0x0000000087200000| Untracked 
| 115|0x0000000087300000, 0x0000000087400000, 0x0000000087400000|100%| O|  |TAMS 0x0000000087300000, 0x0000000087300000| Untracked 
| 116|0x0000000087400000, 0x0000000087500000, 0x0000000087500000|100%| O|  |TAMS 0x0000000087400000, 0x0000000087400000| Untracked 
| 117|0x0000000087500000, 0x0000000087600000, 0x0000000087600000|100%| O|  |TAMS 0x0000000087500000, 0x0000000087500000| Untracked 
| 118|0x0000000087600000, 0x0000000087700000, 0x0000000087700000|100%| O|  |TAMS 0x0000000087600000, 0x0000000087600000| Untracked 
| 119|0x0000000087700000, 0x0000000087800000, 0x0000000087800000|100%| O|  |TAMS 0x0000000087700000, 0x0000000087700000| Untracked 
| 120|0x0000000087800000, 0x0000000087900000, 0x0000000087900000|100%| O|  |TAMS 0x0000000087800000, 0x0000000087800000| Untracked 
| 121|0x0000000087900000, 0x0000000087a00000, 0x0000000087a00000|100%| O|  |TAMS 0x0000000087900000, 0x0000000087900000| Untracked 
| 122|0x0000000087a00000, 0x0000000087b00000, 0x0000000087b00000|100%| O|  |TAMS 0x0000000087a00000, 0x0000000087a00000| Untracked 
| 123|0x0000000087b00000, 0x0000000087c00000, 0x0000000087c00000|100%| O|  |TAMS 0x0000000087b00000, 0x0000000087b00000| Untracked 
| 124|0x0000000087c00000, 0x0000000087d00000, 0x0000000087d00000|100%| O|  |TAMS 0x0000000087c00000, 0x0000000087c00000| Untracked 
| 125|0x0000000087d00000, 0x0000000087e00000, 0x0000000087e00000|100%| O|  |TAMS 0x0000000087d00000, 0x0000000087d00000| Untracked 
| 126|0x0000000087e00000, 0x0000000087f00000, 0x0000000087f00000|100%| O|  |TAMS 0x0000000087e00000, 0x0000000087e00000| Untracked 
| 127|0x0000000087f00000, 0x0000000088000000, 0x0000000088000000|100%| O|  |TAMS 0x0000000087f00000, 0x0000000087f00000| Untracked 
| 128|0x0000000088000000, 0x0000000088100000, 0x0000000088100000|100%| O|  |TAMS 0x0000000088000000, 0x0000000088000000| Untracked 
| 129|0x0000000088100000, 0x0000000088200000, 0x0000000088200000|100%| O|  |TAMS 0x0000000088100000, 0x0000000088100000| Untracked 
| 130|0x0000000088200000, 0x0000000088300000, 0x0000000088300000|100%| O|  |TAMS 0x0000000088200000, 0x0000000088200000| Untracked 
| 131|0x0000000088300000, 0x0000000088400000, 0x0000000088400000|100%| O|  |TAMS 0x0000000088300000, 0x0000000088300000| Untracked 
| 132|0x0000000088400000, 0x0000000088500000, 0x0000000088500000|100%| O|  |TAMS 0x0000000088400000, 0x0000000088400000| Untracked 
| 133|0x0000000088500000, 0x0000000088600000, 0x0000000088600000|100%| O|  |TAMS 0x0000000088500000, 0x0000000088500000| Untracked 
| 134|0x0000000088600000, 0x0000000088700000, 0x0000000088700000|100%| O|  |TAMS 0x0000000088600000, 0x0000000088600000| Untracked 
| 135|0x0000000088700000, 0x0000000088800000, 0x0000000088800000|100%| O|  |TAMS 0x0000000088700000, 0x0000000088700000| Untracked 
| 136|0x0000000088800000, 0x0000000088900000, 0x0000000088900000|100%| O|  |TAMS 0x0000000088800000, 0x0000000088800000| Untracked 
| 137|0x0000000088900000, 0x0000000088a00000, 0x0000000088a00000|100%| O|  |TAMS 0x0000000088900000, 0x0000000088900000| Untracked 
| 138|0x0000000088a00000, 0x0000000088b00000, 0x0000000088b00000|100%| O|  |TAMS 0x0000000088a00000, 0x0000000088a00000| Untracked 
| 139|0x0000000088b00000, 0x0000000088c00000, 0x0000000088c00000|100%| O|  |TAMS 0x0000000088b00000, 0x0000000088b00000| Untracked 
| 140|0x0000000088c00000, 0x0000000088d00000, 0x0000000088d00000|100%| O|  |TAMS 0x0000000088c00000, 0x0000000088c00000| Untracked 
| 141|0x0000000088d00000, 0x0000000088e00000, 0x0000000088e00000|100%| O|  |TAMS 0x0000000088d00000, 0x0000000088d00000| Untracked 
| 142|0x0000000088e00000, 0x0000000088f00000, 0x0000000088f00000|100%| O|  |TAMS 0x0000000088e00000, 0x0000000088e00000| Untracked 
| 143|0x0000000088f00000, 0x0000000089000000, 0x0000000089000000|100%| O|  |TAMS 0x0000000088f00000, 0x0000000088f00000| Untracked 
| 144|0x0000000089000000, 0x0000000089100000, 0x0000000089100000|100%| O|  |TAMS 0x0000000089000000, 0x0000000089000000| Untracked 
| 145|0x0000000089100000, 0x0000000089200000, 0x0000000089200000|100%| O|  |TAMS 0x0000000089100000, 0x0000000089100000| Untracked 
| 146|0x0000000089200000, 0x0000000089300000, 0x0000000089300000|100%| O|  |TAMS 0x0000000089200000, 0x0000000089200000| Untracked 
| 147|0x0000000089300000, 0x0000000089400000, 0x0000000089400000|100%| O|  |TAMS 0x0000000089300000, 0x0000000089300000| Untracked 
| 148|0x0000000089400000, 0x0000000089500000, 0x0000000089500000|100%| O|  |TAMS 0x0000000089400000, 0x0000000089400000| Untracked 
| 149|0x0000000089500000, 0x0000000089600000, 0x0000000089600000|100%| O|  |TAMS 0x0000000089500000, 0x0000000089500000| Untracked 
| 150|0x0000000089600000, 0x0000000089700000, 0x0000000089700000|100%| O|  |TAMS 0x0000000089600000, 0x0000000089600000| Untracked 
| 151|0x0000000089700000, 0x0000000089800000, 0x0000000089800000|100%| O|  |TAMS 0x0000000089700000, 0x0000000089700000| Untracked 
| 152|0x0000000089800000, 0x0000000089900000, 0x0000000089900000|100%| O|  |TAMS 0x0000000089800000, 0x0000000089800000| Untracked 
| 153|0x0000000089900000, 0x0000000089a00000, 0x0000000089a00000|100%| O|  |TAMS 0x0000000089900000, 0x0000000089900000| Untracked 
| 154|0x0000000089a00000, 0x0000000089b00000, 0x0000000089b00000|100%| O|  |TAMS 0x0000000089a00000, 0x0000000089a00000| Untracked 
| 155|0x0000000089b00000, 0x0000000089c00000, 0x0000000089c00000|100%| O|  |TAMS 0x0000000089b00000, 0x0000000089b00000| Untracked 
| 156|0x0000000089c00000, 0x0000000089d00000, 0x0000000089d00000|100%| O|  |TAMS 0x0000000089c00000, 0x0000000089c00000| Untracked 
| 157|0x0000000089d00000, 0x0000000089e00000, 0x0000000089e00000|100%| O|  |TAMS 0x0000000089d00000, 0x0000000089d00000| Untracked 
| 158|0x0000000089e00000, 0x0000000089f00000, 0x0000000089f00000|100%| O|  |TAMS 0x0000000089e00000, 0x0000000089e00000| Untracked 
| 159|0x0000000089f00000, 0x000000008a000000, 0x000000008a000000|100%| O|  |TAMS 0x0000000089f00000, 0x0000000089f00000| Untracked 
| 160|0x000000008a000000, 0x000000008a100000, 0x000000008a100000|100%| O|  |TAMS 0x000000008a000000, 0x000000008a000000| Untracked 
| 161|0x000000008a100000, 0x000000008a200000, 0x000000008a200000|100%| O|  |TAMS 0x000000008a100000, 0x000000008a100000| Untracked 
| 162|0x000000008a200000, 0x000000008a300000, 0x000000008a300000|100%| O|  |TAMS 0x000000008a200000, 0x000000008a200000| Untracked 
| 163|0x000000008a300000, 0x000000008a400000, 0x000000008a400000|100%| O|  |TAMS 0x000000008a300000, 0x000000008a300000| Untracked 
| 164|0x000000008a400000, 0x000000008a500000, 0x000000008a500000|100%| O|  |TAMS 0x000000008a400000, 0x000000008a400000| Untracked 
| 165|0x000000008a500000, 0x000000008a600000, 0x000000008a600000|100%| O|  |TAMS 0x000000008a500000, 0x000000008a500000| Untracked 
| 166|0x000000008a600000, 0x000000008a700000, 0x000000008a700000|100%| O|  |TAMS 0x000000008a600000, 0x000000008a600000| Untracked 
| 167|0x000000008a700000, 0x000000008a800000, 0x000000008a800000|100%| O|  |TAMS 0x000000008a700000, 0x000000008a700000| Untracked 
| 168|0x000000008a800000, 0x000000008a900000, 0x000000008a900000|100%| O|  |TAMS 0x000000008a800000, 0x000000008a800000| Untracked 
| 169|0x000000008a900000, 0x000000008aa00000, 0x000000008aa00000|100%| O|  |TAMS 0x000000008a900000, 0x000000008a900000| Untracked 
| 170|0x000000008aa00000, 0x000000008ab00000, 0x000000008ab00000|100%| O|  |TAMS 0x000000008aa00000, 0x000000008aa00000| Untracked 
| 171|0x000000008ab00000, 0x000000008ac00000, 0x000000008ac00000|100%| O|  |TAMS 0x000000008ab00000, 0x000000008ab00000| Untracked 
| 172|0x000000008ac00000, 0x000000008ad00000, 0x000000008ad00000|100%| O|  |TAMS 0x000000008ac00000, 0x000000008ac00000| Untracked 
| 173|0x000000008ad00000, 0x000000008ae00000, 0x000000008ae00000|100%| O|  |TAMS 0x000000008ad00000, 0x000000008ad00000| Untracked 
| 174|0x000000008ae00000, 0x000000008af00000, 0x000000008af00000|100%| O|  |TAMS 0x000000008ae00000, 0x000000008ae00000| Untracked 
| 175|0x000000008af00000, 0x000000008b000000, 0x000000008b000000|100%| O|  |TAMS 0x000000008af00000, 0x000000008af00000| Untracked 
| 176|0x000000008b000000, 0x000000008b100000, 0x000000008b100000|100%| O|  |TAMS 0x000000008b000000, 0x000000008b000000| Untracked 
| 177|0x000000008b100000, 0x000000008b200000, 0x000000008b200000|100%| O|  |TAMS 0x000000008b100000, 0x000000008b100000| Untracked 
| 178|0x000000008b200000, 0x000000008b300000, 0x000000008b300000|100%| O|  |TAMS 0x000000008b200000, 0x000000008b200000| Untracked 
| 179|0x000000008b300000, 0x000000008b400000, 0x000000008b400000|100%| O|  |TAMS 0x000000008b300000, 0x000000008b300000| Untracked 
| 180|0x000000008b400000, 0x000000008b500000, 0x000000008b500000|100%| O|  |TAMS 0x000000008b400000, 0x000000008b400000| Untracked 
| 181|0x000000008b500000, 0x000000008b600000, 0x000000008b600000|100%| O|  |TAMS 0x000000008b500000, 0x000000008b500000| Untracked 
| 182|0x000000008b600000, 0x000000008b700000, 0x000000008b700000|100%| O|  |TAMS 0x000000008b600000, 0x000000008b600000| Untracked 
| 183|0x000000008b700000, 0x000000008b800000, 0x000000008b800000|100%| O|  |TAMS 0x000000008b700000, 0x000000008b700000| Untracked 
| 184|0x000000008b800000, 0x000000008b900000, 0x000000008b900000|100%| O|  |TAMS 0x000000008b800000, 0x000000008b800000| Untracked 
| 185|0x000000008b900000, 0x000000008ba00000, 0x000000008ba00000|100%| O|  |TAMS 0x000000008b900000, 0x000000008b900000| Untracked 
| 186|0x000000008ba00000, 0x000000008bb00000, 0x000000008bb00000|100%| O|  |TAMS 0x000000008ba00000, 0x000000008ba00000| Untracked 
| 187|0x000000008bb00000, 0x000000008bc00000, 0x000000008bc00000|100%| O|  |TAMS 0x000000008bb00000, 0x000000008bb00000| Untracked 
| 188|0x000000008bc00000, 0x000000008bd00000, 0x000000008bd00000|100%| O|  |TAMS 0x000000008bc00000, 0x000000008bc00000| Untracked 
| 189|0x000000008bd00000, 0x000000008be00000, 0x000000008be00000|100%| O|  |TAMS 0x000000008bd00000, 0x000000008bd00000| Untracked 
| 190|0x000000008be00000, 0x000000008bf00000, 0x000000008bf00000|100%| O|  |TAMS 0x000000008be00000, 0x000000008be00000| Untracked 
| 191|0x000000008bf00000, 0x000000008c000000, 0x000000008c000000|100%| O|  |TAMS 0x000000008bf00000, 0x000000008bf00000| Untracked 
| 192|0x000000008c000000, 0x000000008c100000, 0x000000008c100000|100%| O|  |TAMS 0x000000008c000000, 0x000000008c000000| Untracked 
| 193|0x000000008c100000, 0x000000008c200000, 0x000000008c200000|100%| O|  |TAMS 0x000000008c100000, 0x000000008c100000| Untracked 
| 194|0x000000008c200000, 0x000000008c300000, 0x000000008c300000|100%| O|  |TAMS 0x000000008c200000, 0x000000008c200000| Untracked 
| 195|0x000000008c300000, 0x000000008c400000, 0x000000008c400000|100%| O|  |TAMS 0x000000008c300000, 0x000000008c300000| Untracked 
| 196|0x000000008c400000, 0x000000008c500000, 0x000000008c500000|100%| O|  |TAMS 0x000000008c400000, 0x000000008c400000| Untracked 
| 197|0x000000008c500000, 0x000000008c600000, 0x000000008c600000|100%| O|  |TAMS 0x000000008c500000, 0x000000008c500000| Untracked 
| 198|0x000000008c600000, 0x000000008c700000, 0x000000008c700000|100%| O|  |TAMS 0x000000008c600000, 0x000000008c600000| Untracked 
| 199|0x000000008c700000, 0x000000008c800000, 0x000000008c800000|100%| O|  |TAMS 0x000000008c700000, 0x000000008c700000| Untracked 
| 200|0x000000008c800000, 0x000000008c900000, 0x000000008c900000|100%| O|  |TAMS 0x000000008c800000, 0x000000008c800000| Untracked 
| 201|0x000000008c900000, 0x000000008ca00000, 0x000000008ca00000|100%| O|  |TAMS 0x000000008c900000, 0x000000008c900000| Untracked 
| 202|0x000000008ca00000, 0x000000008cb00000, 0x000000008cb00000|100%| O|  |TAMS 0x000000008ca00000, 0x000000008ca00000| Untracked 
| 203|0x000000008cb00000, 0x000000008cc00000, 0x000000008cc00000|100%| O|  |TAMS 0x000000008cb00000, 0x000000008cb00000| Untracked 
| 204|0x000000008cc00000, 0x000000008cd00000, 0x000000008cd00000|100%| O|  |TAMS 0x000000008cc00000, 0x000000008cc00000| Untracked 
| 205|0x000000008cd00000, 0x000000008ce00000, 0x000000008ce00000|100%| O|  |TAMS 0x000000008cd00000, 0x000000008cd00000| Untracked 
| 206|0x000000008ce00000, 0x000000008ce81800, 0x000000008cf00000| 50%| O|  |TAMS 0x000000008ce00000, 0x000000008ce00000| Untracked 
| 207|0x000000008cf00000, 0x000000008cf00000, 0x000000008d000000|  0%| F|  |TAMS 0x000000008cf00000, 0x000000008cf00000| Untracked 
| 208|0x000000008d000000, 0x000000008d000000, 0x000000008d100000|  0%| F|  |TAMS 0x000000008d000000, 0x000000008d000000| Untracked 
| 209|0x000000008d100000, 0x000000008d100000, 0x000000008d200000|  0%| F|  |TAMS 0x000000008d100000, 0x000000008d100000| Untracked 
| 210|0x000000008d200000, 0x000000008d200000, 0x000000008d300000|  0%| F|  |TAMS 0x000000008d200000, 0x000000008d200000| Untracked 
| 211|0x000000008d300000, 0x000000008d300000, 0x000000008d400000|  0%| F|  |TAMS 0x000000008d300000, 0x000000008d300000| Untracked 
| 212|0x000000008d400000, 0x000000008d400000, 0x000000008d500000|  0%| F|  |TAMS 0x000000008d400000, 0x000000008d400000| Untracked 
| 213|0x000000008d500000, 0x000000008d500000, 0x000000008d600000|  0%| F|  |TAMS 0x000000008d500000, 0x000000008d500000| Untracked 
| 214|0x000000008d600000, 0x000000008d600000, 0x000000008d700000|  0%| F|  |TAMS 0x000000008d600000, 0x000000008d600000| Untracked 
| 215|0x000000008d700000, 0x000000008d700000, 0x000000008d800000|  0%| F|  |TAMS 0x000000008d700000, 0x000000008d700000| Untracked 
| 216|0x000000008d800000, 0x000000008d800000, 0x000000008d900000|  0%| F|  |TAMS 0x000000008d800000, 0x000000008d800000| Untracked 
| 217|0x000000008d900000, 0x000000008d900000, 0x000000008da00000|  0%| F|  |TAMS 0x000000008d900000, 0x000000008d900000| Untracked 
| 218|0x000000008da00000, 0x000000008da00000, 0x000000008db00000|  0%| F|  |TAMS 0x000000008da00000, 0x000000008da00000| Untracked 
| 219|0x000000008db00000, 0x000000008db00000, 0x000000008dc00000|  0%| F|  |TAMS 0x000000008db00000, 0x000000008db00000| Untracked 
| 220|0x000000008dc00000, 0x000000008dc00000, 0x000000008dd00000|  0%| F|  |TAMS 0x000000008dc00000, 0x000000008dc00000| Untracked 
| 221|0x000000008dd00000, 0x000000008dd00000, 0x000000008de00000|  0%| F|  |TAMS 0x000000008dd00000, 0x000000008dd00000| Untracked 
| 222|0x000000008de00000, 0x000000008de00000, 0x000000008df00000|  0%| F|  |TAMS 0x000000008de00000, 0x000000008de00000| Untracked 
| 223|0x000000008df00000, 0x000000008df00000, 0x000000008e000000|  0%| F|  |TAMS 0x000000008df00000, 0x000000008df00000| Untracked 
| 224|0x000000008e000000, 0x000000008e000000, 0x000000008e100000|  0%| F|  |TAMS 0x000000008e000000, 0x000000008e000000| Untracked 
| 225|0x000000008e100000, 0x000000008e100000, 0x000000008e200000|  0%| F|  |TAMS 0x000000008e100000, 0x000000008e100000| Untracked 
| 226|0x000000008e200000, 0x000000008e200000, 0x000000008e300000|  0%| F|  |TAMS 0x000000008e200000, 0x000000008e200000| Untracked 
| 227|0x000000008e300000, 0x000000008e300000, 0x000000008e400000|  0%| F|  |TAMS 0x000000008e300000, 0x000000008e300000| Untracked 
| 228|0x000000008e400000, 0x000000008e400000, 0x000000008e500000|  0%| F|  |TAMS 0x000000008e400000, 0x000000008e400000| Untracked 
| 229|0x000000008e500000, 0x000000008e500000, 0x000000008e600000|  0%| F|  |TAMS 0x000000008e500000, 0x000000008e500000| Untracked 
| 230|0x000000008e600000, 0x000000008e600000, 0x000000008e700000|  0%| F|  |TAMS 0x000000008e600000, 0x000000008e600000| Untracked 
| 231|0x000000008e700000, 0x000000008e700000, 0x000000008e800000|  0%| F|  |TAMS 0x000000008e700000, 0x000000008e700000| Untracked 
| 232|0x000000008e800000, 0x000000008e800000, 0x000000008e900000|  0%| F|  |TAMS 0x000000008e800000, 0x000000008e800000| Untracked 
| 233|0x000000008e900000, 0x000000008e900000, 0x000000008ea00000|  0%| F|  |TAMS 0x000000008e900000, 0x000000008e900000| Untracked 
| 234|0x000000008ea00000, 0x000000008ea00000, 0x000000008eb00000|  0%| F|  |TAMS 0x000000008ea00000, 0x000000008ea00000| Untracked 
| 235|0x000000008eb00000, 0x000000008eb00000, 0x000000008ec00000|  0%| F|  |TAMS 0x000000008eb00000, 0x000000008eb00000| Untracked 
| 236|0x000000008ec00000, 0x000000008ec00000, 0x000000008ed00000|  0%| F|  |TAMS 0x000000008ec00000, 0x000000008ec00000| Untracked 
| 237|0x000000008ed00000, 0x000000008ed00000, 0x000000008ee00000|  0%| F|  |TAMS 0x000000008ed00000, 0x000000008ed00000| Untracked 
| 238|0x000000008ee00000, 0x000000008ee00000, 0x000000008ef00000|  0%| F|  |TAMS 0x000000008ee00000, 0x000000008ee00000| Untracked 
| 239|0x000000008ef00000, 0x000000008ef00000, 0x000000008f000000|  0%| F|  |TAMS 0x000000008ef00000, 0x000000008ef00000| Untracked 
| 240|0x000000008f000000, 0x000000008f000000, 0x000000008f100000|  0%| F|  |TAMS 0x000000008f000000, 0x000000008f000000| Untracked 
| 241|0x000000008f100000, 0x000000008f100000, 0x000000008f200000|  0%| F|  |TAMS 0x000000008f100000, 0x000000008f100000| Untracked 
| 242|0x000000008f200000, 0x000000008f200000, 0x000000008f300000|  0%| F|  |TAMS 0x000000008f200000, 0x000000008f200000| Untracked 
| 243|0x000000008f300000, 0x000000008f300000, 0x000000008f400000|  0%| F|  |TAMS 0x000000008f300000, 0x000000008f300000| Untracked 
| 244|0x000000008f400000, 0x000000008f400000, 0x000000008f500000|  0%| F|  |TAMS 0x000000008f400000, 0x000000008f400000| Untracked 
| 245|0x000000008f500000, 0x000000008f500000, 0x000000008f600000|  0%| F|  |TAMS 0x000000008f500000, 0x000000008f500000| Untracked 
| 246|0x000000008f600000, 0x000000008f600000, 0x000000008f700000|  0%| F|  |TAMS 0x000000008f600000, 0x000000008f600000| Untracked 
| 247|0x000000008f700000, 0x000000008f700000, 0x000000008f800000|  0%| F|  |TAMS 0x000000008f700000, 0x000000008f700000| Untracked 
| 248|0x000000008f800000, 0x000000008f800000, 0x000000008f900000|  0%| F|  |TAMS 0x000000008f800000, 0x000000008f800000| Untracked 
| 249|0x000000008f900000, 0x000000008f900000, 0x000000008fa00000|  0%| F|  |TAMS 0x000000008f900000, 0x000000008f900000| Untracked 
| 250|0x000000008fa00000, 0x000000008fa00000, 0x000000008fb00000|  0%| F|  |TAMS 0x000000008fa00000, 0x000000008fa00000| Untracked 
| 251|0x000000008fb00000, 0x000000008fb00000, 0x000000008fc00000|  0%| F|  |TAMS 0x000000008fb00000, 0x000000008fb00000| Untracked 
| 252|0x000000008fc00000, 0x000000008fc00000, 0x000000008fd00000|  0%| F|  |TAMS 0x000000008fc00000, 0x000000008fc00000| Untracked 
| 253|0x000000008fd00000, 0x000000008fd00000, 0x000000008fe00000|  0%| F|  |TAMS 0x000000008fd00000, 0x000000008fd00000| Untracked 
| 254|0x000000008fe00000, 0x000000008fe00000, 0x000000008ff00000|  0%| F|  |TAMS 0x000000008fe00000, 0x000000008fe00000| Untracked 
| 255|0x000000008ff00000, 0x000000008ff00000, 0x0000000090000000|  0%| F|  |TAMS 0x000000008ff00000, 0x000000008ff00000| Untracked 
| 256|0x0000000090000000, 0x0000000090000000, 0x0000000090100000|  0%| F|  |TAMS 0x0000000090000000, 0x0000000090000000| Untracked 
| 257|0x0000000090100000, 0x0000000090100000, 0x0000000090200000|  0%| F|  |TAMS 0x0000000090100000, 0x0000000090100000| Untracked 
| 258|0x0000000090200000, 0x0000000090200000, 0x0000000090300000|  0%| F|  |TAMS 0x0000000090200000, 0x0000000090200000| Untracked 
| 259|0x0000000090300000, 0x0000000090300000, 0x0000000090400000|  0%| F|  |TAMS 0x0000000090300000, 0x0000000090300000| Untracked 
| 260|0x0000000090400000, 0x0000000090400000, 0x0000000090500000|  0%| F|  |TAMS 0x0000000090400000, 0x0000000090400000| Untracked 
| 261|0x0000000090500000, 0x0000000090500000, 0x0000000090600000|  0%| F|  |TAMS 0x0000000090500000, 0x0000000090500000| Untracked 
| 262|0x0000000090600000, 0x0000000090600000, 0x0000000090700000|  0%| F|  |TAMS 0x0000000090600000, 0x0000000090600000| Untracked 
| 263|0x0000000090700000, 0x0000000090700000, 0x0000000090800000|  0%| F|  |TAMS 0x0000000090700000, 0x0000000090700000| Untracked 
| 264|0x0000000090800000, 0x0000000090800000, 0x0000000090900000|  0%| F|  |TAMS 0x0000000090800000, 0x0000000090800000| Untracked 
| 265|0x0000000090900000, 0x0000000090900000, 0x0000000090a00000|  0%| F|  |TAMS 0x0000000090900000, 0x0000000090900000| Untracked 
| 266|0x0000000090a00000, 0x0000000090a00000, 0x0000000090b00000|  0%| F|  |TAMS 0x0000000090a00000, 0x0000000090a00000| Untracked 
| 267|0x0000000090b00000, 0x0000000090b00000, 0x0000000090c00000|  0%| F|  |TAMS 0x0000000090b00000, 0x0000000090b00000| Untracked 
| 268|0x0000000090c00000, 0x0000000090c00000, 0x0000000090d00000|  0%| F|  |TAMS 0x0000000090c00000, 0x0000000090c00000| Untracked 
| 269|0x0000000090d00000, 0x0000000090d00000, 0x0000000090e00000|  0%| F|  |TAMS 0x0000000090d00000, 0x0000000090d00000| Untracked 
| 270|0x0000000090e00000, 0x0000000090e98e10, 0x0000000090f00000| 59%| S|CS|TAMS 0x0000000090e00000, 0x0000000090e00000| Complete 
| 271|0x0000000090f00000, 0x0000000091000000, 0x0000000091000000|100%| S|CS|TAMS 0x0000000090f00000, 0x0000000090f00000| Complete 
| 272|0x0000000091000000, 0x0000000091100000, 0x0000000091100000|100%| S|CS|TAMS 0x0000000091000000, 0x0000000091000000| Complete 
| 273|0x0000000091100000, 0x0000000091200000, 0x0000000091200000|100%| S|CS|TAMS 0x0000000091100000, 0x0000000091100000| Complete 
| 274|0x0000000091200000, 0x0000000091300000, 0x0000000091300000|100%| S|CS|TAMS 0x0000000091200000, 0x0000000091200000| Complete 
| 275|0x0000000091300000, 0x0000000091400000, 0x0000000091400000|100%| S|CS|TAMS 0x0000000091300000, 0x0000000091300000| Complete 
| 276|0x0000000091400000, 0x0000000091500000, 0x0000000091500000|100%| S|CS|TAMS 0x0000000091400000, 0x0000000091400000| Complete 
| 277|0x0000000091500000, 0x0000000091600000, 0x0000000091600000|100%| S|CS|TAMS 0x0000000091500000, 0x0000000091500000| Complete 
| 278|0x0000000091600000, 0x0000000091700000, 0x0000000091700000|100%| S|CS|TAMS 0x0000000091600000, 0x0000000091600000| Complete 
| 279|0x0000000091700000, 0x0000000091800000, 0x0000000091800000|100%| S|CS|TAMS 0x0000000091700000, 0x0000000091700000| Complete 
| 280|0x0000000091800000, 0x0000000091900000, 0x0000000091900000|100%| S|CS|TAMS 0x0000000091800000, 0x0000000091800000| Complete 
| 281|0x0000000091900000, 0x0000000091a00000, 0x0000000091a00000|100%| S|CS|TAMS 0x0000000091900000, 0x0000000091900000| Complete 
| 282|0x0000000091a00000, 0x0000000091b00000, 0x0000000091b00000|100%| S|CS|TAMS 0x0000000091a00000, 0x0000000091a00000| Complete 
| 283|0x0000000091b00000, 0x0000000091b00000, 0x0000000091c00000|  0%| F|  |TAMS 0x0000000091b00000, 0x0000000091b00000| Untracked 
| 284|0x0000000091c00000, 0x0000000091c00000, 0x0000000091d00000|  0%| F|  |TAMS 0x0000000091c00000, 0x0000000091c00000| Untracked 
| 285|0x0000000091d00000, 0x0000000091d00000, 0x0000000091e00000|  0%| F|  |TAMS 0x0000000091d00000, 0x0000000091d00000| Untracked 
| 286|0x0000000091e00000, 0x0000000091e00000, 0x0000000091f00000|  0%| F|  |TAMS 0x0000000091e00000, 0x0000000091e00000| Untracked 
| 287|0x0000000091f00000, 0x0000000091f00000, 0x0000000092000000|  0%| F|  |TAMS 0x0000000091f00000, 0x0000000091f00000| Untracked 
| 288|0x0000000092000000, 0x0000000092000000, 0x0000000092100000|  0%| F|  |TAMS 0x0000000092000000, 0x0000000092000000| Untracked 
| 289|0x0000000092100000, 0x0000000092100000, 0x0000000092200000|  0%| F|  |TAMS 0x0000000092100000, 0x0000000092100000| Untracked 
| 290|0x0000000092200000, 0x0000000092200000, 0x0000000092300000|  0%| F|  |TAMS 0x0000000092200000, 0x0000000092200000| Untracked 
| 291|0x0000000092300000, 0x0000000092300000, 0x0000000092400000|  0%| F|  |TAMS 0x0000000092300000, 0x0000000092300000| Untracked 
| 292|0x0000000092400000, 0x0000000092400000, 0x0000000092500000|  0%| F|  |TAMS 0x0000000092400000, 0x0000000092400000| Untracked 
| 293|0x0000000092500000, 0x0000000092500000, 0x0000000092600000|  0%| F|  |TAMS 0x0000000092500000, 0x0000000092500000| Untracked 
| 294|0x0000000092600000, 0x0000000092600000, 0x0000000092700000|  0%| F|  |TAMS 0x0000000092600000, 0x0000000092600000| Untracked 
| 295|0x0000000092700000, 0x0000000092700000, 0x0000000092800000|  0%| F|  |TAMS 0x0000000092700000, 0x0000000092700000| Untracked 
| 296|0x0000000092800000, 0x0000000092800000, 0x0000000092900000|  0%| F|  |TAMS 0x0000000092800000, 0x0000000092800000| Untracked 
| 297|0x0000000092900000, 0x0000000092900000, 0x0000000092a00000|  0%| F|  |TAMS 0x0000000092900000, 0x0000000092900000| Untracked 
| 298|0x0000000092a00000, 0x0000000092a00000, 0x0000000092b00000|  0%| F|  |TAMS 0x0000000092a00000, 0x0000000092a00000| Untracked 
| 299|0x0000000092b00000, 0x0000000092b00000, 0x0000000092c00000|  0%| F|  |TAMS 0x0000000092b00000, 0x0000000092b00000| Untracked 
| 300|0x0000000092c00000, 0x0000000092c00000, 0x0000000092d00000|  0%| F|  |TAMS 0x0000000092c00000, 0x0000000092c00000| Untracked 
| 301|0x0000000092d00000, 0x0000000092d00000, 0x0000000092e00000|  0%| F|  |TAMS 0x0000000092d00000, 0x0000000092d00000| Untracked 
| 302|0x0000000092e00000, 0x0000000092e00000, 0x0000000092f00000|  0%| F|  |TAMS 0x0000000092e00000, 0x0000000092e00000| Untracked 
| 303|0x0000000092f00000, 0x0000000092f00000, 0x0000000093000000|  0%| F|  |TAMS 0x0000000092f00000, 0x0000000092f00000| Untracked 
| 304|0x0000000093000000, 0x0000000093000000, 0x0000000093100000|  0%| F|  |TAMS 0x0000000093000000, 0x0000000093000000| Untracked 
| 305|0x0000000093100000, 0x0000000093100000, 0x0000000093200000|  0%| F|  |TAMS 0x0000000093100000, 0x0000000093100000| Untracked 
| 306|0x0000000093200000, 0x0000000093200000, 0x0000000093300000|  0%| F|  |TAMS 0x0000000093200000, 0x0000000093200000| Untracked 
| 307|0x0000000093300000, 0x0000000093300000, 0x0000000093400000|  0%| F|  |TAMS 0x0000000093300000, 0x0000000093300000| Untracked 
| 308|0x0000000093400000, 0x0000000093400000, 0x0000000093500000|  0%| F|  |TAMS 0x0000000093400000, 0x0000000093400000| Untracked 
| 309|0x0000000093500000, 0x0000000093500000, 0x0000000093600000|  0%| F|  |TAMS 0x0000000093500000, 0x0000000093500000| Untracked 
| 310|0x0000000093600000, 0x0000000093600000, 0x0000000093700000|  0%| F|  |TAMS 0x0000000093600000, 0x0000000093600000| Untracked 
| 311|0x0000000093700000, 0x0000000093700000, 0x0000000093800000|  0%| F|  |TAMS 0x0000000093700000, 0x0000000093700000| Untracked 
| 312|0x0000000093800000, 0x0000000093800000, 0x0000000093900000|  0%| F|  |TAMS 0x0000000093800000, 0x0000000093800000| Untracked 
| 313|0x0000000093900000, 0x0000000093900000, 0x0000000093a00000|  0%| F|  |TAMS 0x0000000093900000, 0x0000000093900000| Untracked 
| 314|0x0000000093a00000, 0x0000000093a00000, 0x0000000093b00000|  0%| F|  |TAMS 0x0000000093a00000, 0x0000000093a00000| Untracked 
| 315|0x0000000093b00000, 0x0000000093b00000, 0x0000000093c00000|  0%| F|  |TAMS 0x0000000093b00000, 0x0000000093b00000| Untracked 
| 316|0x0000000093c00000, 0x0000000093c00000, 0x0000000093d00000|  0%| F|  |TAMS 0x0000000093c00000, 0x0000000093c00000| Untracked 
| 317|0x0000000093d00000, 0x0000000093d00000, 0x0000000093e00000|  0%| F|  |TAMS 0x0000000093d00000, 0x0000000093d00000| Untracked 
| 318|0x0000000093e00000, 0x0000000093e00000, 0x0000000093f00000|  0%| F|  |TAMS 0x0000000093e00000, 0x0000000093e00000| Untracked 
| 319|0x0000000093f00000, 0x0000000093f00000, 0x0000000094000000|  0%| F|  |TAMS 0x0000000093f00000, 0x0000000093f00000| Untracked 
| 320|0x0000000094000000, 0x0000000094000000, 0x0000000094100000|  0%| F|  |TAMS 0x0000000094000000, 0x0000000094000000| Untracked 
| 321|0x0000000094100000, 0x0000000094100000, 0x0000000094200000|  0%| F|  |TAMS 0x0000000094100000, 0x0000000094100000| Untracked 
| 322|0x0000000094200000, 0x0000000094200000, 0x0000000094300000|  0%| F|  |TAMS 0x0000000094200000, 0x0000000094200000| Untracked 
| 323|0x0000000094300000, 0x0000000094300000, 0x0000000094400000|  0%| F|  |TAMS 0x0000000094300000, 0x0000000094300000| Untracked 
| 324|0x0000000094400000, 0x0000000094400000, 0x0000000094500000|  0%| F|  |TAMS 0x0000000094400000, 0x0000000094400000| Untracked 
| 325|0x0000000094500000, 0x0000000094500000, 0x0000000094600000|  0%| F|  |TAMS 0x0000000094500000, 0x0000000094500000| Untracked 
| 326|0x0000000094600000, 0x0000000094600000, 0x0000000094700000|  0%| F|  |TAMS 0x0000000094600000, 0x0000000094600000| Untracked 
| 327|0x0000000094700000, 0x0000000094700000, 0x0000000094800000|  0%| F|  |TAMS 0x0000000094700000, 0x0000000094700000| Untracked 
| 328|0x0000000094800000, 0x0000000094800000, 0x0000000094900000|  0%| F|  |TAMS 0x0000000094800000, 0x0000000094800000| Untracked 
| 329|0x0000000094900000, 0x0000000094900000, 0x0000000094a00000|  0%| F|  |TAMS 0x0000000094900000, 0x0000000094900000| Untracked 
| 330|0x0000000094a00000, 0x0000000094a00000, 0x0000000094b00000|  0%| F|  |TAMS 0x0000000094a00000, 0x0000000094a00000| Untracked 
| 331|0x0000000094b00000, 0x0000000094b00000, 0x0000000094c00000|  0%| F|  |TAMS 0x0000000094b00000, 0x0000000094b00000| Untracked 
| 332|0x0000000094c00000, 0x0000000094c00000, 0x0000000094d00000|  0%| F|  |TAMS 0x0000000094c00000, 0x0000000094c00000| Untracked 
| 333|0x0000000094d00000, 0x0000000094d00000, 0x0000000094e00000|  0%| F|  |TAMS 0x0000000094d00000, 0x0000000094d00000| Untracked 
| 334|0x0000000094e00000, 0x0000000094e00000, 0x0000000094f00000|  0%| F|  |TAMS 0x0000000094e00000, 0x0000000094e00000| Untracked 
| 335|0x0000000094f00000, 0x0000000094f00000, 0x0000000095000000|  0%| F|  |TAMS 0x0000000094f00000, 0x0000000094f00000| Untracked 
| 336|0x0000000095000000, 0x0000000095000000, 0x0000000095100000|  0%| F|  |TAMS 0x0000000095000000, 0x0000000095000000| Untracked 
| 337|0x0000000095100000, 0x0000000095100000, 0x0000000095200000|  0%| F|  |TAMS 0x0000000095100000, 0x0000000095100000| Untracked 
| 338|0x0000000095200000, 0x0000000095200000, 0x0000000095300000|  0%| F|  |TAMS 0x0000000095200000, 0x0000000095200000| Untracked 
| 339|0x0000000095300000, 0x0000000095300000, 0x0000000095400000|  0%| F|  |TAMS 0x0000000095300000, 0x0000000095300000| Untracked 
| 340|0x0000000095400000, 0x0000000095400000, 0x0000000095500000|  0%| F|  |TAMS 0x0000000095400000, 0x0000000095400000| Untracked 
| 341|0x0000000095500000, 0x0000000095500000, 0x0000000095600000|  0%| F|  |TAMS 0x0000000095500000, 0x0000000095500000| Untracked 
| 342|0x0000000095600000, 0x0000000095600000, 0x0000000095700000|  0%| F|  |TAMS 0x0000000095600000, 0x0000000095600000| Untracked 
| 343|0x0000000095700000, 0x0000000095700000, 0x0000000095800000|  0%| F|  |TAMS 0x0000000095700000, 0x0000000095700000| Untracked 
| 344|0x0000000095800000, 0x0000000095800000, 0x0000000095900000|  0%| F|  |TAMS 0x0000000095800000, 0x0000000095800000| Untracked 
| 345|0x0000000095900000, 0x0000000095900000, 0x0000000095a00000|  0%| F|  |TAMS 0x0000000095900000, 0x0000000095900000| Untracked 
| 346|0x0000000095a00000, 0x0000000095a00000, 0x0000000095b00000|  0%| F|  |TAMS 0x0000000095a00000, 0x0000000095a00000| Untracked 
| 347|0x0000000095b00000, 0x0000000095b00000, 0x0000000095c00000|  0%| F|  |TAMS 0x0000000095b00000, 0x0000000095b00000| Untracked 
| 348|0x0000000095c00000, 0x0000000095c00000, 0x0000000095d00000|  0%| F|  |TAMS 0x0000000095c00000, 0x0000000095c00000| Untracked 
| 349|0x0000000095d00000, 0x0000000095d00000, 0x0000000095e00000|  0%| F|  |TAMS 0x0000000095d00000, 0x0000000095d00000| Untracked 
| 350|0x0000000095e00000, 0x0000000095e00000, 0x0000000095f00000|  0%| F|  |TAMS 0x0000000095e00000, 0x0000000095e00000| Untracked 
| 351|0x0000000095f00000, 0x0000000095f00000, 0x0000000096000000|  0%| F|  |TAMS 0x0000000095f00000, 0x0000000095f00000| Untracked 
| 352|0x0000000096000000, 0x0000000096000000, 0x0000000096100000|  0%| F|  |TAMS 0x0000000096000000, 0x0000000096000000| Untracked 
| 353|0x0000000096100000, 0x0000000096100000, 0x0000000096200000|  0%| F|  |TAMS 0x0000000096100000, 0x0000000096100000| Untracked 
| 354|0x0000000096200000, 0x0000000096200000, 0x0000000096300000|  0%| F|  |TAMS 0x0000000096200000, 0x0000000096200000| Untracked 
| 355|0x0000000096300000, 0x0000000096300000, 0x0000000096400000|  0%| F|  |TAMS 0x0000000096300000, 0x0000000096300000| Untracked 
| 356|0x0000000096400000, 0x0000000096400000, 0x0000000096500000|  0%| F|  |TAMS 0x0000000096400000, 0x0000000096400000| Untracked 
| 357|0x0000000096500000, 0x0000000096500000, 0x0000000096600000|  0%| F|  |TAMS 0x0000000096500000, 0x0000000096500000| Untracked 
| 358|0x0000000096600000, 0x0000000096600000, 0x0000000096700000|  0%| F|  |TAMS 0x0000000096600000, 0x0000000096600000| Untracked 
| 359|0x0000000096700000, 0x0000000096700000, 0x0000000096800000|  0%| F|  |TAMS 0x0000000096700000, 0x0000000096700000| Untracked 
| 360|0x0000000096800000, 0x0000000096800000, 0x0000000096900000|  0%| F|  |TAMS 0x0000000096800000, 0x0000000096800000| Untracked 
| 361|0x0000000096900000, 0x0000000096900000, 0x0000000096a00000|  0%| F|  |TAMS 0x0000000096900000, 0x0000000096900000| Untracked 
| 362|0x0000000096a00000, 0x0000000096a00000, 0x0000000096b00000|  0%| F|  |TAMS 0x0000000096a00000, 0x0000000096a00000| Untracked 
| 363|0x0000000096b00000, 0x0000000096b00000, 0x0000000096c00000|  0%| F|  |TAMS 0x0000000096b00000, 0x0000000096b00000| Untracked 
| 364|0x0000000096c00000, 0x0000000096c00000, 0x0000000096d00000|  0%| F|  |TAMS 0x0000000096c00000, 0x0000000096c00000| Untracked 
| 365|0x0000000096d00000, 0x0000000096d00000, 0x0000000096e00000|  0%| F|  |TAMS 0x0000000096d00000, 0x0000000096d00000| Untracked 
| 366|0x0000000096e00000, 0x0000000096e00000, 0x0000000096f00000|  0%| F|  |TAMS 0x0000000096e00000, 0x0000000096e00000| Untracked 
| 367|0x0000000096f00000, 0x0000000096f00000, 0x0000000097000000|  0%| F|  |TAMS 0x0000000096f00000, 0x0000000096f00000| Untracked 
| 368|0x0000000097000000, 0x0000000097000000, 0x0000000097100000|  0%| F|  |TAMS 0x0000000097000000, 0x0000000097000000| Untracked 
| 369|0x0000000097100000, 0x0000000097100000, 0x0000000097200000|  0%| F|  |TAMS 0x0000000097100000, 0x0000000097100000| Untracked 
| 370|0x0000000097200000, 0x0000000097200000, 0x0000000097300000|  0%| F|  |TAMS 0x0000000097200000, 0x0000000097200000| Untracked 
| 371|0x0000000097300000, 0x0000000097300000, 0x0000000097400000|  0%| F|  |TAMS 0x0000000097300000, 0x0000000097300000| Untracked 
| 372|0x0000000097400000, 0x0000000097400000, 0x0000000097500000|  0%| F|  |TAMS 0x0000000097400000, 0x0000000097400000| Untracked 
| 373|0x0000000097500000, 0x0000000097500000, 0x0000000097600000|  0%| F|  |TAMS 0x0000000097500000, 0x0000000097500000| Untracked 
| 374|0x0000000097600000, 0x0000000097600000, 0x0000000097700000|  0%| F|  |TAMS 0x0000000097600000, 0x0000000097600000| Untracked 
| 375|0x0000000097700000, 0x0000000097700000, 0x0000000097800000|  0%| F|  |TAMS 0x0000000097700000, 0x0000000097700000| Untracked 
| 376|0x0000000097800000, 0x0000000097800000, 0x0000000097900000|  0%| F|  |TAMS 0x0000000097800000, 0x0000000097800000| Untracked 
| 377|0x0000000097900000, 0x0000000097900000, 0x0000000097a00000|  0%| F|  |TAMS 0x0000000097900000, 0x0000000097900000| Untracked 
| 378|0x0000000097a00000, 0x0000000097a00000, 0x0000000097b00000|  0%| F|  |TAMS 0x0000000097a00000, 0x0000000097a00000| Untracked 
| 379|0x0000000097b00000, 0x0000000097b00000, 0x0000000097c00000|  0%| F|  |TAMS 0x0000000097b00000, 0x0000000097b00000| Untracked 
| 380|0x0000000097c00000, 0x0000000097c00000, 0x0000000097d00000|  0%| F|  |TAMS 0x0000000097c00000, 0x0000000097c00000| Untracked 
| 381|0x0000000097d00000, 0x0000000097d00000, 0x0000000097e00000|  0%| F|  |TAMS 0x0000000097d00000, 0x0000000097d00000| Untracked 
| 382|0x0000000097e00000, 0x0000000097e00000, 0x0000000097f00000|  0%| F|  |TAMS 0x0000000097e00000, 0x0000000097e00000| Untracked 
| 383|0x0000000097f00000, 0x0000000097f00000, 0x0000000098000000|  0%| F|  |TAMS 0x0000000097f00000, 0x0000000097f00000| Untracked 
| 384|0x0000000098000000, 0x0000000098000000, 0x0000000098100000|  0%| F|  |TAMS 0x0000000098000000, 0x0000000098000000| Untracked 
| 385|0x0000000098100000, 0x0000000098100000, 0x0000000098200000|  0%| F|  |TAMS 0x0000000098100000, 0x0000000098100000| Untracked 
| 386|0x0000000098200000, 0x0000000098200000, 0x0000000098300000|  0%| F|  |TAMS 0x0000000098200000, 0x0000000098200000| Untracked 
| 387|0x0000000098300000, 0x0000000098300000, 0x0000000098400000|  0%| F|  |TAMS 0x0000000098300000, 0x0000000098300000| Untracked 
| 388|0x0000000098400000, 0x0000000098400000, 0x0000000098500000|  0%| F|  |TAMS 0x0000000098400000, 0x0000000098400000| Untracked 
| 389|0x0000000098500000, 0x0000000098500000, 0x0000000098600000|  0%| F|  |TAMS 0x0000000098500000, 0x0000000098500000| Untracked 
| 390|0x0000000098600000, 0x0000000098600000, 0x0000000098700000|  0%| F|  |TAMS 0x0000000098600000, 0x0000000098600000| Untracked 
| 391|0x0000000098700000, 0x0000000098700000, 0x0000000098800000|  0%| F|  |TAMS 0x0000000098700000, 0x0000000098700000| Untracked 
| 392|0x0000000098800000, 0x0000000098800000, 0x0000000098900000|  0%| F|  |TAMS 0x0000000098800000, 0x0000000098800000| Untracked 
| 393|0x0000000098900000, 0x0000000098900000, 0x0000000098a00000|  0%| F|  |TAMS 0x0000000098900000, 0x0000000098900000| Untracked 
| 394|0x0000000098a00000, 0x0000000098a00000, 0x0000000098b00000|  0%| F|  |TAMS 0x0000000098a00000, 0x0000000098a00000| Untracked 
| 395|0x0000000098b00000, 0x0000000098b00000, 0x0000000098c00000|  0%| F|  |TAMS 0x0000000098b00000, 0x0000000098b00000| Untracked 
| 396|0x0000000098c00000, 0x0000000098c00000, 0x0000000098d00000|  0%| F|  |TAMS 0x0000000098c00000, 0x0000000098c00000| Untracked 
| 397|0x0000000098d00000, 0x0000000098d00000, 0x0000000098e00000|  0%| F|  |TAMS 0x0000000098d00000, 0x0000000098d00000| Untracked 
| 398|0x0000000098e00000, 0x0000000098e00000, 0x0000000098f00000|  0%| F|  |TAMS 0x0000000098e00000, 0x0000000098e00000| Untracked 
| 399|0x0000000098f00000, 0x0000000098f00000, 0x0000000099000000|  0%| F|  |TAMS 0x0000000098f00000, 0x0000000098f00000| Untracked 
| 400|0x0000000099000000, 0x0000000099000000, 0x0000000099100000|  0%| F|  |TAMS 0x0000000099000000, 0x0000000099000000| Untracked 
| 401|0x0000000099100000, 0x0000000099100000, 0x0000000099200000|  0%| F|  |TAMS 0x0000000099100000, 0x0000000099100000| Untracked 
| 402|0x0000000099200000, 0x0000000099200000, 0x0000000099300000|  0%| F|  |TAMS 0x0000000099200000, 0x0000000099200000| Untracked 
| 403|0x0000000099300000, 0x0000000099300000, 0x0000000099400000|  0%| F|  |TAMS 0x0000000099300000, 0x0000000099300000| Untracked 
| 404|0x0000000099400000, 0x0000000099400000, 0x0000000099500000|  0%| F|  |TAMS 0x0000000099400000, 0x0000000099400000| Untracked 
| 405|0x0000000099500000, 0x0000000099500000, 0x0000000099600000|  0%| F|  |TAMS 0x0000000099500000, 0x0000000099500000| Untracked 
| 406|0x0000000099600000, 0x0000000099600000, 0x0000000099700000|  0%| F|  |TAMS 0x0000000099600000, 0x0000000099600000| Untracked 
| 407|0x0000000099700000, 0x0000000099700000, 0x0000000099800000|  0%| F|  |TAMS 0x0000000099700000, 0x0000000099700000| Untracked 
| 408|0x0000000099800000, 0x0000000099800000, 0x0000000099900000|  0%| F|  |TAMS 0x0000000099800000, 0x0000000099800000| Untracked 
| 409|0x0000000099900000, 0x0000000099900000, 0x0000000099a00000|  0%| F|  |TAMS 0x0000000099900000, 0x0000000099900000| Untracked 
| 410|0x0000000099a00000, 0x0000000099a00000, 0x0000000099b00000|  0%| F|  |TAMS 0x0000000099a00000, 0x0000000099a00000| Untracked 
| 411|0x0000000099b00000, 0x0000000099b00000, 0x0000000099c00000|  0%| F|  |TAMS 0x0000000099b00000, 0x0000000099b00000| Untracked 
| 412|0x0000000099c00000, 0x0000000099c00000, 0x0000000099d00000|  0%| F|  |TAMS 0x0000000099c00000, 0x0000000099c00000| Untracked 
| 413|0x0000000099d00000, 0x0000000099d00000, 0x0000000099e00000|  0%| F|  |TAMS 0x0000000099d00000, 0x0000000099d00000| Untracked 
| 414|0x0000000099e00000, 0x0000000099e00000, 0x0000000099f00000|  0%| F|  |TAMS 0x0000000099e00000, 0x0000000099e00000| Untracked 
| 415|0x0000000099f00000, 0x0000000099f00000, 0x000000009a000000|  0%| F|  |TAMS 0x0000000099f00000, 0x0000000099f00000| Untracked 
| 416|0x000000009a000000, 0x000000009a000000, 0x000000009a100000|  0%| F|  |TAMS 0x000000009a000000, 0x000000009a000000| Untracked 
| 417|0x000000009a100000, 0x000000009a100000, 0x000000009a200000|  0%| F|  |TAMS 0x000000009a100000, 0x000000009a100000| Untracked 
| 418|0x000000009a200000, 0x000000009a200000, 0x000000009a300000|  0%| F|  |TAMS 0x000000009a200000, 0x000000009a200000| Untracked 
| 419|0x000000009a300000, 0x000000009a300000, 0x000000009a400000|  0%| F|  |TAMS 0x000000009a300000, 0x000000009a300000| Untracked 
| 420|0x000000009a400000, 0x000000009a400000, 0x000000009a500000|  0%| F|  |TAMS 0x000000009a400000, 0x000000009a400000| Untracked 
| 421|0x000000009a500000, 0x000000009a500000, 0x000000009a600000|  0%| F|  |TAMS 0x000000009a500000, 0x000000009a500000| Untracked 
| 422|0x000000009a600000, 0x000000009a600000, 0x000000009a700000|  0%| F|  |TAMS 0x000000009a600000, 0x000000009a600000| Untracked 
| 423|0x000000009a700000, 0x000000009a700000, 0x000000009a800000|  0%| F|  |TAMS 0x000000009a700000, 0x000000009a700000| Untracked 
| 424|0x000000009a800000, 0x000000009a800000, 0x000000009a900000|  0%| F|  |TAMS 0x000000009a800000, 0x000000009a800000| Untracked 
| 425|0x000000009a900000, 0x000000009a900000, 0x000000009aa00000|  0%| F|  |TAMS 0x000000009a900000, 0x000000009a900000| Untracked 
| 426|0x000000009aa00000, 0x000000009aa00000, 0x000000009ab00000|  0%| F|  |TAMS 0x000000009aa00000, 0x000000009aa00000| Untracked 
| 427|0x000000009ab00000, 0x000000009ab00000, 0x000000009ac00000|  0%| F|  |TAMS 0x000000009ab00000, 0x000000009ab00000| Untracked 
| 428|0x000000009ac00000, 0x000000009ac00000, 0x000000009ad00000|  0%| F|  |TAMS 0x000000009ac00000, 0x000000009ac00000| Untracked 
| 429|0x000000009ad00000, 0x000000009ad00000, 0x000000009ae00000|  0%| F|  |TAMS 0x000000009ad00000, 0x000000009ad00000| Untracked 
| 430|0x000000009ae00000, 0x000000009ae00000, 0x000000009af00000|  0%| F|  |TAMS 0x000000009ae00000, 0x000000009ae00000| Untracked 
| 431|0x000000009af00000, 0x000000009af00000, 0x000000009b000000|  0%| F|  |TAMS 0x000000009af00000, 0x000000009af00000| Untracked 
| 432|0x000000009b000000, 0x000000009b000000, 0x000000009b100000|  0%| F|  |TAMS 0x000000009b000000, 0x000000009b000000| Untracked 
| 433|0x000000009b100000, 0x000000009b100000, 0x000000009b200000|  0%| F|  |TAMS 0x000000009b100000, 0x000000009b100000| Untracked 
| 434|0x000000009b200000, 0x000000009b200000, 0x000000009b300000|  0%| F|  |TAMS 0x000000009b200000, 0x000000009b200000| Untracked 
| 435|0x000000009b300000, 0x000000009b300000, 0x000000009b400000|  0%| F|  |TAMS 0x000000009b300000, 0x000000009b300000| Untracked 
| 436|0x000000009b400000, 0x000000009b400000, 0x000000009b500000|  0%| F|  |TAMS 0x000000009b400000, 0x000000009b400000| Untracked 
| 437|0x000000009b500000, 0x000000009b500000, 0x000000009b600000|  0%| F|  |TAMS 0x000000009b500000, 0x000000009b500000| Untracked 
| 438|0x000000009b600000, 0x000000009b600000, 0x000000009b700000|  0%| F|  |TAMS 0x000000009b600000, 0x000000009b600000| Untracked 
| 439|0x000000009b700000, 0x000000009b700000, 0x000000009b800000|  0%| F|  |TAMS 0x000000009b700000, 0x000000009b700000| Untracked 
| 440|0x000000009b800000, 0x000000009b800000, 0x000000009b900000|  0%| F|  |TAMS 0x000000009b800000, 0x000000009b800000| Untracked 
| 441|0x000000009b900000, 0x000000009b900000, 0x000000009ba00000|  0%| F|  |TAMS 0x000000009b900000, 0x000000009b900000| Untracked 
| 442|0x000000009ba00000, 0x000000009ba00000, 0x000000009bb00000|  0%| F|  |TAMS 0x000000009ba00000, 0x000000009ba00000| Untracked 
| 443|0x000000009bb00000, 0x000000009bb00000, 0x000000009bc00000|  0%| F|  |TAMS 0x000000009bb00000, 0x000000009bb00000| Untracked 
| 444|0x000000009bc00000, 0x000000009bc00000, 0x000000009bd00000|  0%| F|  |TAMS 0x000000009bc00000, 0x000000009bc00000| Untracked 
| 445|0x000000009bd00000, 0x000000009bd00000, 0x000000009be00000|  0%| F|  |TAMS 0x000000009bd00000, 0x000000009bd00000| Untracked 
| 446|0x000000009be00000, 0x000000009be00000, 0x000000009bf00000|  0%| F|  |TAMS 0x000000009be00000, 0x000000009be00000| Untracked 
| 447|0x000000009bf00000, 0x000000009bf00000, 0x000000009c000000|  0%| F|  |TAMS 0x000000009bf00000, 0x000000009bf00000| Untracked 
| 448|0x000000009c000000, 0x000000009c000000, 0x000000009c100000|  0%| F|  |TAMS 0x000000009c000000, 0x000000009c000000| Untracked 
| 449|0x000000009c100000, 0x000000009c100000, 0x000000009c200000|  0%| F|  |TAMS 0x000000009c100000, 0x000000009c100000| Untracked 
| 450|0x000000009c200000, 0x000000009c200000, 0x000000009c300000|  0%| F|  |TAMS 0x000000009c200000, 0x000000009c200000| Untracked 
| 451|0x000000009c300000, 0x000000009c300000, 0x000000009c400000|  0%| F|  |TAMS 0x000000009c300000, 0x000000009c300000| Untracked 
| 452|0x000000009c400000, 0x000000009c400000, 0x000000009c500000|  0%| F|  |TAMS 0x000000009c400000, 0x000000009c400000| Untracked 
| 453|0x000000009c500000, 0x000000009c500000, 0x000000009c600000|  0%| F|  |TAMS 0x000000009c500000, 0x000000009c500000| Untracked 
| 454|0x000000009c600000, 0x000000009c600000, 0x000000009c700000|  0%| F|  |TAMS 0x000000009c600000, 0x000000009c600000| Untracked 
| 455|0x000000009c700000, 0x000000009c700000, 0x000000009c800000|  0%| F|  |TAMS 0x000000009c700000, 0x000000009c700000| Untracked 
| 456|0x000000009c800000, 0x000000009c800000, 0x000000009c900000|  0%| F|  |TAMS 0x000000009c800000, 0x000000009c800000| Untracked 
| 457|0x000000009c900000, 0x000000009c900000, 0x000000009ca00000|  0%| F|  |TAMS 0x000000009c900000, 0x000000009c900000| Untracked 
| 458|0x000000009ca00000, 0x000000009ca00000, 0x000000009cb00000|  0%| F|  |TAMS 0x000000009ca00000, 0x000000009ca00000| Untracked 
| 459|0x000000009cb00000, 0x000000009cb00000, 0x000000009cc00000|  0%| F|  |TAMS 0x000000009cb00000, 0x000000009cb00000| Untracked 
| 460|0x000000009cc00000, 0x000000009cc00000, 0x000000009cd00000|  0%| F|  |TAMS 0x000000009cc00000, 0x000000009cc00000| Untracked 
| 461|0x000000009cd00000, 0x000000009cd00000, 0x000000009ce00000|  0%| F|  |TAMS 0x000000009cd00000, 0x000000009cd00000| Untracked 
| 462|0x000000009ce00000, 0x000000009ce00000, 0x000000009cf00000|  0%| F|  |TAMS 0x000000009ce00000, 0x000000009ce00000| Untracked 
| 463|0x000000009cf00000, 0x000000009cf00000, 0x000000009d000000|  0%| F|  |TAMS 0x000000009cf00000, 0x000000009cf00000| Untracked 
| 464|0x000000009d000000, 0x000000009d000000, 0x000000009d100000|  0%| F|  |TAMS 0x000000009d000000, 0x000000009d000000| Untracked 
| 465|0x000000009d100000, 0x000000009d100000, 0x000000009d200000|  0%| F|  |TAMS 0x000000009d100000, 0x000000009d100000| Untracked 
| 466|0x000000009d200000, 0x000000009d200000, 0x000000009d300000|  0%| F|  |TAMS 0x000000009d200000, 0x000000009d200000| Untracked 
| 467|0x000000009d300000, 0x000000009d300000, 0x000000009d400000|  0%| F|  |TAMS 0x000000009d300000, 0x000000009d300000| Untracked 
| 468|0x000000009d400000, 0x000000009d400000, 0x000000009d500000|  0%| F|  |TAMS 0x000000009d400000, 0x000000009d400000| Untracked 
| 469|0x000000009d500000, 0x000000009d500000, 0x000000009d600000|  0%| F|  |TAMS 0x000000009d500000, 0x000000009d500000| Untracked 
| 470|0x000000009d600000, 0x000000009d600000, 0x000000009d700000|  0%| F|  |TAMS 0x000000009d600000, 0x000000009d600000| Untracked 
| 471|0x000000009d700000, 0x000000009d700000, 0x000000009d800000|  0%| F|  |TAMS 0x000000009d700000, 0x000000009d700000| Untracked 
| 472|0x000000009d800000, 0x000000009d800000, 0x000000009d900000|  0%| F|  |TAMS 0x000000009d800000, 0x000000009d800000| Untracked 
| 473|0x000000009d900000, 0x000000009d900000, 0x000000009da00000|  0%| F|  |TAMS 0x000000009d900000, 0x000000009d900000| Untracked 
| 474|0x000000009da00000, 0x000000009da00000, 0x000000009db00000|  0%| F|  |TAMS 0x000000009da00000, 0x000000009da00000| Untracked 
| 475|0x000000009db00000, 0x000000009db00000, 0x000000009dc00000|  0%| F|  |TAMS 0x000000009db00000, 0x000000009db00000| Untracked 
| 476|0x000000009dc00000, 0x000000009dc00000, 0x000000009dd00000|  0%| F|  |TAMS 0x000000009dc00000, 0x000000009dc00000| Untracked 
| 477|0x000000009dd00000, 0x000000009dd00000, 0x000000009de00000|  0%| F|  |TAMS 0x000000009dd00000, 0x000000009dd00000| Untracked 
| 478|0x000000009de00000, 0x000000009de00000, 0x000000009df00000|  0%| F|  |TAMS 0x000000009de00000, 0x000000009de00000| Untracked 
| 479|0x000000009df00000, 0x000000009df00000, 0x000000009e000000|  0%| F|  |TAMS 0x000000009df00000, 0x000000009df00000| Untracked 
| 480|0x000000009e000000, 0x000000009e000000, 0x000000009e100000|  0%| F|  |TAMS 0x000000009e000000, 0x000000009e000000| Untracked 
| 481|0x000000009e100000, 0x000000009e100000, 0x000000009e200000|  0%| F|  |TAMS 0x000000009e100000, 0x000000009e100000| Untracked 
| 482|0x000000009e200000, 0x000000009e200000, 0x000000009e300000|  0%| F|  |TAMS 0x000000009e200000, 0x000000009e200000| Untracked 
| 483|0x000000009e300000, 0x000000009e300000, 0x000000009e400000|  0%| F|  |TAMS 0x000000009e300000, 0x000000009e300000| Untracked 
| 484|0x000000009e400000, 0x000000009e400000, 0x000000009e500000|  0%| F|  |TAMS 0x000000009e400000, 0x000000009e400000| Untracked 
| 485|0x000000009e500000, 0x000000009e500000, 0x000000009e600000|  0%| F|  |TAMS 0x000000009e500000, 0x000000009e500000| Untracked 
| 486|0x000000009e600000, 0x000000009e600000, 0x000000009e700000|  0%| F|  |TAMS 0x000000009e600000, 0x000000009e600000| Untracked 
| 487|0x000000009e700000, 0x000000009e700000, 0x000000009e800000|  0%| F|  |TAMS 0x000000009e700000, 0x000000009e700000| Untracked 
| 488|0x000000009e800000, 0x000000009e800000, 0x000000009e900000|  0%| F|  |TAMS 0x000000009e800000, 0x000000009e800000| Untracked 
| 489|0x000000009e900000, 0x000000009e900000, 0x000000009ea00000|  0%| F|  |TAMS 0x000000009e900000, 0x000000009e900000| Untracked 
| 490|0x000000009ea00000, 0x000000009ea00000, 0x000000009eb00000|  0%| F|  |TAMS 0x000000009ea00000, 0x000000009ea00000| Untracked 

Card table byte_map: [0x0000018aad660000,0x0000018aada60000] _byte_map_base: 0x0000018aad260000

Marking Bits (Prev, Next): (CMBitMap*) 0x0000018a9aaac030, (CMBitMap*) 0x0000018a9aaac070
 Prev Bits: [0x0000018aade60000, 0x0000018aafe60000)
 Next Bits: [0x0000018aafe60000, 0x0000018ab1e60000)

Polling page: 0x0000018a98a10000

Metaspace:

Usage:
  Non-class:    112.34 MB used.
      Class:     18.00 MB used.
       Both:    130.34 MB used.

Virtual space:
  Non-class space:      128.00 MB reserved,     112.81 MB ( 88%) committed,  2 nodes.
      Class space:        1.00 GB reserved,      18.44 MB (  2%) committed,  1 nodes.
             Both:        1.12 GB reserved,     131.25 MB ( 11%) committed. 

Chunk freelists:
   Non-Class:  14.68 MB
       Class:  13.53 MB
        Both:  28.21 MB

MaxMetaspaceSize: unlimited
CompressedClassSpaceSize: 1.00 GB
Initial GC threshold: 21.00 MB
Current GC threshold: 156.88 MB
CDS: off
MetaspaceReclaimPolicy: balanced
 - commit_granule_bytes: 65536.
 - commit_granule_words: 8192.
 - virtual_space_node_default_size: 8388608.
 - enlarge_chunks_in_place: 1.
 - new_chunks_are_fully_committed: 0.
 - uncommit_free_chunks: 1.
 - use_allocation_guard: 0.
 - handle_deallocations: 1.


Internal statistics:

num_allocs_failed_limit: 6.
num_arena_births: 1474.
num_arena_deaths: 0.
num_vsnodes_births: 3.
num_vsnodes_deaths: 0.
num_space_committed: 2098.
num_space_uncommitted: 0.
num_chunks_returned_to_freelist: 6.
num_chunks_taken_from_freelist: 6639.
num_chunk_merges: 3.
num_chunk_splits: 4464.
num_chunks_enlarged: 3014.
num_inconsistent_stats: 0.

CodeHeap 'non-profiled nmethods': size=120000Kb used=11148Kb max_used=11148Kb free=108851Kb
 bounds [0x0000018aa5a00000, 0x0000018aa64f0000, 0x0000018aacf30000]
CodeHeap 'profiled nmethods': size=120000Kb used=38140Kb max_used=38140Kb free=81860Kb
 bounds [0x0000018a9df30000, 0x0000018aa0470000, 0x0000018aa5460000]
CodeHeap 'non-nmethods': size=5760Kb used=1754Kb max_used=1840Kb free=4005Kb
 bounds [0x0000018aa5460000, 0x0000018aa56d0000, 0x0000018aa5a00000]
 total_blobs=18586 nmethods=17734 adapters=761
 compilation: enabled
              stopped_count=0, restarted_count=0
 full_count=0

Compilation events (20 events):
Event: 45.823 Thread 0x0000018ab4ac04b0 21927       2       org.gradle.internal.vfs.impl.AbstractVirtualFileSystem$$Lambda$1528/0x0000000100df94c0::<init> (15 bytes)
Event: 45.823 Thread 0x0000018ab4ac04b0 nmethod 21927 0x0000018aa046b790 code [0x0000018aa046b920, 0x0000018aa046bad8]
Event: 45.823 Thread 0x0000018ab4ac04b0 21914       2       org.gradle.internal.execution.steps.SkipUpToDateStep::lambda$execute$2 (8 bytes)
Event: 45.823 Thread 0x0000018ab4ac04b0 nmethod 21914 0x0000018aa046bb90 code [0x0000018aa046bd20, 0x0000018aa046be48]
Event: 45.823 Thread 0x0000018ab4ac04b0 21915       2       org.gradle.internal.execution.steps.RecordOutputsStep::execute (7 bytes)
Event: 45.824 Thread 0x0000018ab4ac04b0 nmethod 21915 0x0000018aa046bf10 code [0x0000018aa046c0e0, 0x0000018aa046c428]
Event: 45.824 Thread 0x0000018ab4ac04b0 21916       2       org.gradle.internal.execution.steps.StoreExecutionStateStep::execute (10 bytes)
Event: 45.825 Thread 0x0000018ab4ac04b0 nmethod 21916 0x0000018aa046c690 code [0x0000018aa046c860, 0x0000018aa046cc48]
Event: 45.825 Thread 0x0000018ab4ac04b0 21917       2       org.gradle.internal.execution.steps.StoreExecutionStateStep::execute (31 bytes)
Event: 45.825 Thread 0x0000018ab4ac04b0 nmethod 21917 0x0000018aa046cf10 code [0x0000018aa046d0e0, 0x0000018aa046d488]
Event: 45.829 Thread 0x0000018ab4ac04b0 21928       2       com.android.tools.r8.internal.A7::a (39 bytes)
Event: 45.829 Thread 0x0000018ab4ac04b0 nmethod 21928 0x0000018aa046d710 code [0x0000018aa046d8e0, 0x0000018aa046da88]
Event: 45.856 Thread 0x0000018ab4ac04b0 21930       2       org.gradle.api.internal.artifacts.transform.DefaultTransform$TransformServiceLookup::get (45 bytes)
Event: 45.857 Thread 0x0000018ab4ac04b0 nmethod 21930 0x0000018aa046dc10 code [0x0000018aa046de40, 0x0000018aa046e258]
Event: 45.858 Thread 0x0000018ab4ac04b0 21931       2       org.gradle.api.internal.file.collections.DefaultConfigurableFileCollection$UnresolvedItemsCollector::visitContents (58 bytes)
Event: 45.859 Thread 0x0000018ab4ac04b0 nmethod 21931 0x0000018aa046e510 code [0x0000018aa046e6e0, 0x0000018aa046e968]
Event: 45.862 Thread 0x0000018ab4ac04b0 21932       2       com.android.tools.r8.internal.Du::<init> (12 bytes)
Event: 45.863 Thread 0x0000018ab4ac04b0 nmethod 21932 0x0000018aa046eb10 code [0x0000018aa046ecc0, 0x0000018aa046ef28]
Event: 45.864 Thread 0x0000018ab4ac04b0 21934       1       com.android.tools.r8.internal.iB::y (5 bytes)
Event: 45.864 Thread 0x0000018ab4ac04b0 nmethod 21934 0x0000018aa64e3010 code [0x0000018aa64e31a0, 0x0000018aa64e3278]

GC Heap History (20 events):
Event: 41.110 GC heap after
{Heap after GC invocations=68 (full 0):
 garbage-first heap   total 502784K, used 215611K [0x0000000080000000, 0x0000000100000000)
  region size 1024K, 5 young (5120K), 5 survivors (5120K)
 Metaspace       used 130606K, committed 131520K, reserved 1179648K
  class space    used 18081K, committed 18496K, reserved 1048576K
}
Event: 41.914 GC heap before
{Heap before GC invocations=68 (full 0):
 garbage-first heap   total 502784K, used 434747K [0x0000000080000000, 0x0000000100000000)
  region size 1024K, 219 young (224256K), 5 survivors (5120K)
 Metaspace       used 131708K, committed 132608K, reserved 1179648K
  class space    used 18227K, committed 18688K, reserved 1048576K
}
Event: 41.925 GC heap after
{Heap after GC invocations=69 (full 0):
 garbage-first heap   total 502784K, used 215558K [0x0000000080000000, 0x0000000100000000)
  region size 1024K, 4 young (4096K), 4 survivors (4096K)
 Metaspace       used 131708K, committed 132608K, reserved 1179648K
  class space    used 18227K, committed 18688K, reserved 1048576K
}
Event: 42.395 GC heap before
{Heap before GC invocations=69 (full 0):
 garbage-first heap   total 502784K, used 437766K [0x0000000080000000, 0x0000000100000000)
  region size 1024K, 221 young (226304K), 4 survivors (4096K)
 Metaspace       used 132321K, committed 133184K, reserved 1179648K
  class space    used 18306K, committed 18752K, reserved 1048576K
}
Event: 42.405 GC heap after
{Heap after GC invocations=70 (full 0):
 garbage-first heap   total 502784K, used 216878K [0x0000000080000000, 0x0000000100000000)
  region size 1024K, 6 young (6144K), 6 survivors (6144K)
 Metaspace       used 132321K, committed 133184K, reserved 1179648K
  class space    used 18306K, committed 18752K, reserved 1048576K
}
Event: 42.895 GC heap before
{Heap before GC invocations=70 (full 0):
 garbage-first heap   total 502784K, used 439086K [0x0000000080000000, 0x0000000100000000)
  region size 1024K, 223 young (228352K), 6 survivors (6144K)
 Metaspace       used 132986K, committed 133952K, reserved 1179648K
  class space    used 18406K, committed 18880K, reserved 1048576K
}
Event: 42.910 GC heap after
{Heap after GC invocations=71 (full 0):
 garbage-first heap   total 502784K, used 217292K [0x0000000080000000, 0x0000000100000000)
  region size 1024K, 6 young (6144K), 6 survivors (6144K)
 Metaspace       used 132986K, committed 133952K, reserved 1179648K
  class space    used 18406K, committed 18880K, reserved 1048576K
}
Event: 43.267 GC heap before
{Heap before GC invocations=71 (full 0):
 garbage-first heap   total 502784K, used 439500K [0x0000000080000000, 0x0000000100000000)
  region size 1024K, 224 young (229376K), 6 survivors (6144K)
 Metaspace       used 133004K, committed 133952K, reserved 1179648K
  class space    used 18407K, committed 18880K, reserved 1048576K
}
Event: 43.281 GC heap after
{Heap after GC invocations=72 (full 0):
 garbage-first heap   total 502784K, used 218630K [0x0000000080000000, 0x0000000100000000)
  region size 1024K, 7 young (7168K), 7 survivors (7168K)
 Metaspace       used 133004K, committed 133952K, reserved 1179648K
  class space    used 18407K, committed 18880K, reserved 1048576K
}
Event: 43.776 GC heap before
{Heap before GC invocations=72 (full 0):
 garbage-first heap   total 502784K, used 440838K [0x0000000080000000, 0x0000000100000000)
  region size 1024K, 225 young (230400K), 7 survivors (7168K)
 Metaspace       used 133097K, committed 134016K, reserved 1179648K
  class space    used 18413K, committed 18880K, reserved 1048576K
}
Event: 43.795 GC heap after
{Heap after GC invocations=73 (full 0):
 garbage-first heap   total 502784K, used 226113K [0x0000000080000000, 0x0000000100000000)
  region size 1024K, 15 young (15360K), 15 survivors (15360K)
 Metaspace       used 133097K, committed 134016K, reserved 1179648K
  class space    used 18413K, committed 18880K, reserved 1048576K
}
Event: 44.146 GC heap before
{Heap before GC invocations=73 (full 0):
 garbage-first heap   total 502784K, used 435009K [0x0000000080000000, 0x0000000100000000)
  region size 1024K, 219 young (224256K), 15 survivors (15360K)
 Metaspace       used 133188K, committed 134080K, reserved 1179648K
  class space    used 18414K, committed 18880K, reserved 1048576K
}
Event: 44.161 GC heap after
{Heap after GC invocations=74 (full 0):
 garbage-first heap   total 502784K, used 223586K [0x0000000080000000, 0x0000000100000000)
  region size 1024K, 12 young (12288K), 12 survivors (12288K)
 Metaspace       used 133188K, committed 134080K, reserved 1179648K
  class space    used 18414K, committed 18880K, reserved 1048576K
}
Event: 44.672 GC heap before
{Heap before GC invocations=74 (full 0):
 garbage-first heap   total 502784K, used 438626K [0x0000000080000000, 0x0000000100000000)
  region size 1024K, 222 young (227328K), 12 survivors (12288K)
 Metaspace       used 133311K, committed 134208K, reserved 1179648K
  class space    used 18424K, committed 18880K, reserved 1048576K
}
Event: 44.686 GC heap after
{Heap after GC invocations=75 (full 0):
 garbage-first heap   total 502784K, used 223560K [0x0000000080000000, 0x0000000100000000)
  region size 1024K, 12 young (12288K), 12 survivors (12288K)
 Metaspace       used 133311K, committed 134208K, reserved 1179648K
  class space    used 18424K, committed 18880K, reserved 1048576K
}
Event: 45.031 GC heap before
{Heap before GC invocations=75 (full 0):
 garbage-first heap   total 502784K, used 438600K [0x0000000080000000, 0x0000000100000000)
  region size 1024K, 222 young (227328K), 12 survivors (12288K)
 Metaspace       used 133376K, committed 134272K, reserved 1179648K
  class space    used 18429K, committed 18880K, reserved 1048576K
}
Event: 45.047 GC heap after
{Heap after GC invocations=76 (full 0):
 garbage-first heap   total 502784K, used 223556K [0x0000000080000000, 0x0000000100000000)
  region size 1024K, 12 young (12288K), 12 survivors (12288K)
 Metaspace       used 133376K, committed 134272K, reserved 1179648K
  class space    used 18429K, committed 18880K, reserved 1048576K
}
Event: 45.422 GC heap before
{Heap before GC invocations=76 (full 0):
 garbage-first heap   total 502784K, used 438596K [0x0000000080000000, 0x0000000100000000)
  region size 1024K, 222 young (227328K), 12 survivors (12288K)
 Metaspace       used 133443K, committed 134336K, reserved 1179648K
  class space    used 18432K, committed 18880K, reserved 1048576K
}
Event: 45.445 GC heap after
{Heap after GC invocations=77 (full 0):
 garbage-first heap   total 502784K, used 224774K [0x0000000080000000, 0x0000000100000000)
  region size 1024K, 13 young (13312K), 13 survivors (13312K)
 Metaspace       used 133443K, committed 134336K, reserved 1179648K
  class space    used 18432K, committed 18880K, reserved 1048576K
}
Event: 45.889 GC heap before
{Heap before GC invocations=77 (full 0):
 garbage-first heap   total 502784K, used 437766K [0x0000000080000000, 0x0000000100000000)
  region size 1024K, 221 young (226304K), 13 survivors (13312K)
 Metaspace       used 133471K, committed 134400K, reserved 1179648K
  class space    used 18433K, committed 18880K, reserved 1048576K
}

Dll operation events (3 events):
Event: 0.019 Loaded shared library C:\Program Files\Android\Android Studio\jbr\bin\java.dll
Event: 0.230 Loaded shared library C:\Program Files\Android\Android Studio\jbr\bin\zip.dll
Event: 0.679 Loaded shared library C:\Program Files\Android\Android Studio\jbr\bin\verify.dll

Deoptimization events (20 events):
Event: 45.582 Thread 0x0000018abdf7f8b0 DEOPT PACKING pc=0x0000018a9e08a38a sp=0x0000003ce2ef8820
Event: 45.582 Thread 0x0000018abdf7f8b0 DEOPT UNPACKING pc=0x0000018aa54b7143 sp=0x0000003ce2ef7d38 mode 0
Event: 45.589 Thread 0x0000018abdf7df60 DEOPT PACKING pc=0x0000018a9fe84ea5 sp=0x0000003ce30f85c0
Event: 45.589 Thread 0x0000018abdf7df60 DEOPT UNPACKING pc=0x0000018aa54b7143 sp=0x0000003ce30f7e50 mode 0
Event: 45.590 Thread 0x0000018abdf7df60 Uncommon trap: trap_request=0xffffffbe fr.pc=0x0000018aa6452a4c relative=0x0000000000006f2c
Event: 45.590 Thread 0x0000018abdf7df60 Uncommon trap: reason=profile_predicate action=maybe_recompile pc=0x0000018aa6452a4c method=com.android.tools.r8.ir.regalloc.b.c(IZ)I @ 1261 c2
Event: 45.590 Thread 0x0000018abdf7df60 DEOPT PACKING pc=0x0000018aa6452a4c sp=0x0000003ce30f8950
Event: 45.590 Thread 0x0000018abdf7df60 DEOPT UNPACKING pc=0x0000018aa54b69a3 sp=0x0000003ce30f8968 mode 2
Event: 45.623 Thread 0x0000018abb053720 DEOPT PACKING pc=0x0000018a9fe84ea5 sp=0x0000003cde7f4b70
Event: 45.623 Thread 0x0000018abb053720 DEOPT UNPACKING pc=0x0000018aa54b7143 sp=0x0000003cde7f4400 mode 0
Event: 45.771 Thread 0x0000018abdf7f8b0 DEOPT PACKING pc=0x0000018a9fd54333 sp=0x0000003ce2ef7e00
Event: 45.771 Thread 0x0000018abdf7f8b0 DEOPT UNPACKING pc=0x0000018aa54b7143 sp=0x0000003ce2ef7338 mode 0
Event: 45.852 Thread 0x0000018abb053720 DEOPT PACKING pc=0x0000018a9fe84ea5 sp=0x0000003cde7f5010
Event: 45.852 Thread 0x0000018abb053720 DEOPT UNPACKING pc=0x0000018aa54b7143 sp=0x0000003cde7f48a0 mode 0
Event: 45.862 Thread 0x0000018abdf84ec0 DEOPT PACKING pc=0x0000018a9e2f06c2 sp=0x0000003ce33fa9d0
Event: 45.862 Thread 0x0000018abdf84ec0 DEOPT UNPACKING pc=0x0000018aa54b7143 sp=0x0000003ce33f9ee0 mode 0
Event: 45.868 Thread 0x0000018abdf84ec0 DEOPT PACKING pc=0x0000018a9e2f06e3 sp=0x0000003ce33fa990
Event: 45.868 Thread 0x0000018abdf84ec0 DEOPT UNPACKING pc=0x0000018aa54b7143 sp=0x0000003ce33f9ea0 mode 0
Event: 45.870 Thread 0x0000018abdf84ec0 DEOPT PACKING pc=0x0000018a9e2f06c2 sp=0x0000003ce33fad10
Event: 45.870 Thread 0x0000018abdf84ec0 DEOPT UNPACKING pc=0x0000018aa54b7143 sp=0x0000003ce33fa220 mode 0

Classes unloaded (0 events):
No events

Classes redefined (0 events):
No events

Internal exceptions (20 events):
Event: 42.716 Thread 0x0000018abdf7ee90 Exception <a 'java/lang/NoSuchMethodError'{0x0000000097813fc8}: 'void java.lang.invoke.DirectMethodHandle$Holder.invokeSpecial(java.lang.Object, java.lang.Object, int)'> (0x0000000097813fc8) 
thrown [s\src\hotspot\share\interpreter\linkResolver.cpp, line 771]
Event: 42.717 Thread 0x0000018abdf7df60 Exception <a 'java/lang/NoSuchMethodError'{0x0000000097ca5440}: 'void java.lang.invoke.DirectMethodHandle$Holder.invokeSpecial(java.lang.Object, java.lang.Object, int)'> (0x0000000097ca5440) 
thrown [s\src\hotspot\share\interpreter\linkResolver.cpp, line 771]
Event: 42.860 Thread 0x0000018abdf7ee90 Exception <a 'sun/nio/fs/WindowsException'{0x0000000093c27040}> (0x0000000093c27040) 
thrown [s\src\hotspot\share\prims\jni.cpp, line 517]
Event: 42.863 Thread 0x0000018abdf84ec0 Exception <a 'sun/nio/fs/WindowsException'{0x0000000094b37b08}> (0x0000000094b37b08) 
thrown [s\src\hotspot\share\prims\jni.cpp, line 517]
Event: 42.863 Thread 0x0000018abdf7df60 Exception <a 'sun/nio/fs/WindowsException'{0x0000000092584508}> (0x0000000092584508) 
thrown [s\src\hotspot\share\prims\jni.cpp, line 517]
Event: 43.136 Thread 0x0000018abdf84ec0 Exception <a 'sun/nio/fs/WindowsException'{0x0000000096988468}> (0x0000000096988468) 
thrown [s\src\hotspot\share\prims\jni.cpp, line 517]
Event: 43.337 Thread 0x0000018abdf7df60 Exception <a 'sun/nio/fs/WindowsException'{0x000000009ddb03c8}> (0x000000009ddb03c8) 
thrown [s\src\hotspot\share\prims\jni.cpp, line 517]
Event: 43.492 Thread 0x0000018abdf7df60 Exception <a 'sun/nio/fs/WindowsException'{0x0000000099b7bef8}> (0x0000000099b7bef8) 
thrown [s\src\hotspot\share\prims\jni.cpp, line 517]
Event: 43.501 Thread 0x0000018abdf7ee90 Exception <a 'sun/nio/fs/WindowsException'{0x0000000099415570}> (0x0000000099415570) 
thrown [s\src\hotspot\share\prims\jni.cpp, line 517]
Event: 43.696 Thread 0x0000018abdf7df60 Exception <a 'sun/nio/fs/WindowsException'{0x0000000094334a90}> (0x0000000094334a90) 
thrown [s\src\hotspot\share\prims\jni.cpp, line 517]
Event: 43.932 Thread 0x0000018abdf844a0 Exception <a 'sun/nio/fs/WindowsException'{0x000000009a246208}> (0x000000009a246208) 
thrown [s\src\hotspot\share\prims\jni.cpp, line 517]
Event: 44.131 Thread 0x0000018abdf7df60 Exception <a 'sun/nio/fs/WindowsException'{0x000000009283a838}> (0x000000009283a838) 
thrown [s\src\hotspot\share\prims\jni.cpp, line 517]
Event: 44.867 Thread 0x0000018abdf84ec0 Exception <a 'sun/nio/fs/WindowsException'{0x0000000099b67a78}> (0x0000000099b67a78) 
thrown [s\src\hotspot\share\prims\jni.cpp, line 517]
Event: 44.918 Thread 0x0000018abdf83060 Exception <a 'sun/nio/fs/WindowsException'{0x00000000960b46e0}> (0x00000000960b46e0) 
thrown [s\src\hotspot\share\prims\jni.cpp, line 517]
Event: 44.926 Thread 0x0000018abdf844a0 Exception <a 'sun/nio/fs/WindowsException'{0x00000000970b6b20}> (0x00000000970b6b20) 
thrown [s\src\hotspot\share\prims\jni.cpp, line 517]
Event: 45.019 Thread 0x0000018abdf7df60 Exception <a 'sun/nio/fs/WindowsException'{0x00000000921efc10}> (0x00000000921efc10) 
thrown [s\src\hotspot\share\prims\jni.cpp, line 517]
Event: 45.373 Thread 0x0000018abdf7ee90 Exception <a 'sun/nio/fs/WindowsException'{0x0000000092c2a7e8}> (0x0000000092c2a7e8) 
thrown [s\src\hotspot\share\prims\jni.cpp, line 517]
Event: 45.395 Thread 0x0000018abdf844a0 Exception <a 'sun/nio/fs/WindowsException'{0x00000000928b7138}> (0x00000000928b7138) 
thrown [s\src\hotspot\share\prims\jni.cpp, line 517]
Event: 45.453 Thread 0x0000018abdf83060 Exception <a 'sun/nio/fs/WindowsException'{0x000000009e78b580}> (0x000000009e78b580) 
thrown [s\src\hotspot\share\prims\jni.cpp, line 517]
Event: 45.861 Thread 0x0000018abdf84ec0 Exception <a 'sun/nio/fs/WindowsException'{0x0000000092b9e6a0}> (0x0000000092b9e6a0) 
thrown [s\src\hotspot\share\prims\jni.cpp, line 517]

VM Operations (20 events):
Event: 43.600 Executing VM operation: HandshakeAllThreads done
Event: 43.600 Executing VM operation: HandshakeAllThreads
Event: 43.633 Executing VM operation: HandshakeAllThreads done
Event: 43.684 Executing VM operation: ICBufferFull
Event: 43.692 Executing VM operation: ICBufferFull done
Event: 43.692 Executing VM operation: ICBufferFull
Event: 43.697 Executing VM operation: ICBufferFull done
Event: 43.776 Executing VM operation: G1CollectForAllocation
Event: 43.795 Executing VM operation: G1CollectForAllocation done
Event: 44.146 Executing VM operation: G1CollectForAllocation
Event: 44.168 Executing VM operation: G1CollectForAllocation done
Event: 44.588 Executing VM operation: HandshakeAllThreads
Event: 44.590 Executing VM operation: HandshakeAllThreads done
Event: 44.672 Executing VM operation: G1CollectForAllocation
Event: 44.691 Executing VM operation: G1CollectForAllocation done
Event: 45.031 Executing VM operation: G1CollectForAllocation
Event: 45.048 Executing VM operation: G1CollectForAllocation done
Event: 45.421 Executing VM operation: G1CollectForAllocation
Event: 45.446 Executing VM operation: G1CollectForAllocation done
Event: 45.889 Executing VM operation: G1CollectForAllocation

Events (20 events):
Event: 42.688 loading class java/nio/ByteBufferAsShortBufferL
Event: 42.689 loading class java/nio/ByteBufferAsShortBufferL done
Event: 42.812 loading class java/util/zip/Adler32
Event: 42.813 loading class java/util/zip/Adler32 done
Event: 42.853 loading class java/nio/file/Files$2
Event: 42.853 loading class java/nio/file/Files$2 done
Event: 43.636 Thread 0x0000018ab4ac0de0 flushing nmethod 0x0000018aa5d74490
Event: 43.639 Thread 0x0000018ab4ac0de0 flushing nmethod 0x0000018aa62eb990
Event: 43.640 Thread 0x0000018ab4ac0de0 flushing nmethod 0x0000018aa63ef410
Event: 43.692 Thread 0x0000018ab4ac0de0 flushing nmethod 0x0000018a9fd74810
Event: 43.693 Thread 0x0000018ab4ac0de0 flushing nmethod 0x0000018a9fedf010
Event: 43.693 Thread 0x0000018ab4ac0de0 flushing nmethod 0x0000018a9fefb690
Event: 43.693 Thread 0x0000018ab4ac0de0 flushing nmethod 0x0000018a9ff03390
Event: 43.693 Thread 0x0000018ab4ac0de0 flushing nmethod 0x0000018a9ff04f10
Event: 43.693 Thread 0x0000018ab4ac0de0 flushing nmethod 0x0000018a9ff13d90
Event: 43.693 Thread 0x0000018ab4ac0de0 flushing nmethod 0x0000018a9ff18a90
Event: 43.693 Thread 0x0000018ab4ac0de0 flushing nmethod 0x0000018a9ff63290
Event: 43.693 Thread 0x0000018ab4ac0de0 flushing nmethod 0x0000018a9ff64e90
Event: 43.694 Thread 0x0000018ab4ac0de0 flushing nmethod 0x0000018aa001b910
Event: 43.695 Thread 0x0000018ab4ac0de0 flushing nmethod 0x0000018aa00f8310


Dynamic libraries:
0x00007ff6764b0000 - 0x00007ff6764ba000 	C:\Program Files\Android\Android Studio\jbr\bin\java.exe
0x00007ffd06e70000 - 0x00007ffd07068000 	C:\Windows\SYSTEM32\ntdll.dll
0x00007ffd06730000 - 0x00007ffd067f2000 	C:\Windows\System32\KERNEL32.DLL
0x00007ffd04830000 - 0x00007ffd04b26000 	C:\Windows\System32\KERNELBASE.dll
0x00007ffd04540000 - 0x00007ffd04640000 	C:\Windows\System32\ucrtbase.dll
0x00007ffcfd520000 - 0x00007ffcfd53b000 	C:\Program Files\Android\Android Studio\jbr\bin\VCRUNTIME140.dll
0x00007ffcf87b0000 - 0x00007ffcf87c7000 	C:\Program Files\Android\Android Studio\jbr\bin\jli.dll
0x00007ffd056d0000 - 0x00007ffd0586d000 	C:\Windows\System32\USER32.dll
0x00007ffd04510000 - 0x00007ffd04532000 	C:\Windows\System32\win32u.dll
0x00007ffd06ad0000 - 0x00007ffd06afb000 	C:\Windows\System32\GDI32.dll
0x00007ffd04640000 - 0x00007ffd04759000 	C:\Windows\System32\gdi32full.dll
0x00007ffcfb130000 - 0x00007ffcfb3cb000 	C:\Windows\WinSxS\amd64_microsoft.windows.common-controls_6595b64144ccf1df_6.0.19041.6280_none_60bc30a171f2f3f3\COMCTL32.dll
0x00007ffd04790000 - 0x00007ffd0482d000 	C:\Windows\System32\msvcp_win.dll
0x00007ffd06100000 - 0x00007ffd0619e000 	C:\Windows\System32\msvcrt.dll
0x00007ffd05380000 - 0x00007ffd053af000 	C:\Windows\System32\IMM32.DLL
0x00007ffcff8f0000 - 0x00007ffcff8fc000 	C:\Program Files\Android\Android Studio\jbr\bin\vcruntime140_1.dll
0x00007ffcd7e50000 - 0x00007ffcd7edd000 	C:\Program Files\Android\Android Studio\jbr\bin\msvcp140.dll
0x00007ffcbe450000 - 0x00007ffcbf0d3000 	C:\Program Files\Android\Android Studio\jbr\bin\server\jvm.dll
0x00007ffd05460000 - 0x00007ffd05511000 	C:\Windows\System32\ADVAPI32.dll
0x00007ffd069b0000 - 0x00007ffd06a4f000 	C:\Windows\System32\sechost.dll
0x00007ffd05fe0000 - 0x00007ffd06100000 	C:\Windows\System32\RPCRT4.dll
0x00007ffd04760000 - 0x00007ffd04787000 	C:\Windows\System32\bcrypt.dll
0x00007ffcff340000 - 0x00007ffcff349000 	C:\Windows\SYSTEM32\WSOCK32.dll
0x00007ffd04250000 - 0x00007ffd0429b000 	C:\Windows\SYSTEM32\POWRPROF.dll
0x00007ffcf6650000 - 0x00007ffcf6677000 	C:\Windows\SYSTEM32\WINMM.dll
0x00007ffcfe5c0000 - 0x00007ffcfe5ca000 	C:\Windows\SYSTEM32\VERSION.dll
0x00007ffd05650000 - 0x00007ffd056bb000 	C:\Windows\System32\WS2_32.dll
0x00007ffd04080000 - 0x00007ffd04092000 	C:\Windows\SYSTEM32\UMPDC.dll
0x00007ffd023b0000 - 0x00007ffd023c2000 	C:\Windows\SYSTEM32\kernel.appcore.dll
0x00007ffcff330000 - 0x00007ffcff33a000 	C:\Program Files\Android\Android Studio\jbr\bin\jimage.dll
0x00007ffcf5000000 - 0x00007ffcf5201000 	C:\Windows\SYSTEM32\DBGHELP.DLL
0x00007ffcf9b60000 - 0x00007ffcf9b94000 	C:\Windows\SYSTEM32\dbgcore.DLL
0x00007ffd04c30000 - 0x00007ffd04cb2000 	C:\Windows\System32\bcryptPrimitives.dll
0x00007ffcf9400000 - 0x00007ffcf940e000 	C:\Program Files\Android\Android Studio\jbr\bin\instrument.dll
0x00007ffcfc770000 - 0x00007ffcfc795000 	C:\Program Files\Android\Android Studio\jbr\bin\java.dll
0x00007ffcfc6f0000 - 0x00007ffcfc708000 	C:\Program Files\Android\Android Studio\jbr\bin\zip.dll
0x00007ffd05870000 - 0x00007ffd05fe0000 	C:\Windows\System32\SHELL32.dll
0x00007ffd025b0000 - 0x00007ffd02d55000 	C:\Windows\SYSTEM32\windows.storage.dll
0x00007ffd04fc0000 - 0x00007ffd05313000 	C:\Windows\System32\combase.dll
0x00007ffd03e70000 - 0x00007ffd03e9b000 	C:\Windows\SYSTEM32\Wldp.dll
0x00007ffd06b20000 - 0x00007ffd06bed000 	C:\Windows\System32\OLEAUT32.dll
0x00007ffd061a0000 - 0x00007ffd0624d000 	C:\Windows\System32\SHCORE.dll
0x00007ffd06c50000 - 0x00007ffd06cab000 	C:\Windows\System32\shlwapi.dll
0x00007ffd04440000 - 0x00007ffd04464000 	C:\Windows\SYSTEM32\profapi.dll
0x00007ffcfc270000 - 0x00007ffcfc289000 	C:\Program Files\Android\Android Studio\jbr\bin\net.dll
0x00007ffcfe4b0000 - 0x00007ffcfe5ba000 	C:\Windows\SYSTEM32\WINHTTP.dll
0x00007ffd03bd0000 - 0x00007ffd03c3a000 	C:\Windows\system32\mswsock.dll
0x00007ffcfc000000 - 0x00007ffcfc016000 	C:\Program Files\Android\Android Studio\jbr\bin\nio.dll
0x00007ffcfc4a0000 - 0x00007ffcfc4b0000 	C:\Program Files\Android\Android Studio\jbr\bin\verify.dll
0x00007ffcfe1a0000 - 0x00007ffcfe1c7000 	C:\Users\Administrator\.gradle\native\c067742578af261105cb4f569cf0c3c89f3d7b1fecec35dd04571415982c5e48\windows-amd64\native-platform.dll
0x00007ffcbf7f0000 - 0x00007ffcbf934000 	C:\Users\Administrator\.gradle\native\38dada09dfb8b06ba9b0570ebf7e218e3eb74d4ef43ca46872605cf95ebc2f47\windows-amd64\native-platform-file-events.dll
0x00007ffcfe030000 - 0x00007ffcfe039000 	C:\Program Files\Android\Android Studio\jbr\bin\management.dll
0x00007ffcfc760000 - 0x00007ffcfc76b000 	C:\Program Files\Android\Android Studio\jbr\bin\management_ext.dll
0x00007ffd06cb0000 - 0x00007ffd06cb8000 	C:\Windows\System32\PSAPI.DLL
0x00007ffd03dc0000 - 0x00007ffd03dd8000 	C:\Windows\SYSTEM32\CRYPTSP.dll
0x00007ffd034f0000 - 0x00007ffd03528000 	C:\Windows\system32\rsaenh.dll
0x00007ffd04400000 - 0x00007ffd0442e000 	C:\Windows\SYSTEM32\USERENV.dll
0x00007ffd03de0000 - 0x00007ffd03dec000 	C:\Windows\SYSTEM32\CRYPTBASE.dll
0x00007ffd038b0000 - 0x00007ffd038eb000 	C:\Windows\SYSTEM32\IPHLPAPI.DLL
0x00007ffd056c0000 - 0x00007ffd056c8000 	C:\Windows\System32\NSI.dll
0x00007ffcff0d0000 - 0x00007ffcff0e7000 	C:\Windows\SYSTEM32\dhcpcsvc6.DLL
0x00007ffcff0b0000 - 0x00007ffcff0cd000 	C:\Windows\SYSTEM32\dhcpcsvc.DLL
0x00007ffd038f0000 - 0x00007ffd039ba000 	C:\Windows\SYSTEM32\DNSAPI.dll
0x00007ffcff320000 - 0x00007ffcff327000 	C:\Windows\system32\wshunix.dll
0x00007ffd00c20000 - 0x00007ffd00c37000 	C:\Windows\system32\napinsp.dll
0x00007ffd00c00000 - 0x00007ffd00c1b000 	C:\Windows\system32\pnrpnsp.dll
0x00007ffd00be0000 - 0x00007ffd00bfd000 	C:\Windows\system32\wshbth.dll
0x00007ffcffaa0000 - 0x00007ffcffabd000 	C:\Windows\system32\NLAapi.dll
0x00007ffd00bc0000 - 0x00007ffd00bd2000 	C:\Windows\System32\winrnr.dll
0x00007ffcfca70000 - 0x00007ffcfca7a000 	C:\Windows\System32\rasadhlp.dll
0x00007ffcfc650000 - 0x00007ffcfc6d0000 	C:\Windows\System32\fwpuclnt.dll
0x00007ffd03740000 - 0x00007ffd03773000 	C:\Windows\SYSTEM32\ntmarta.dll

dbghelp: loaded successfully - version: 4.0.5 - missing functions: none
symbol engine: initialized successfully - sym options: 0x614 - pdb path: .;C:\Program Files\Android\Android Studio\jbr\bin;C:\Windows\SYSTEM32;C:\Windows\WinSxS\amd64_microsoft.windows.common-controls_6595b64144ccf1df_6.0.19041.6280_none_60bc30a171f2f3f3;C:\Program Files\Android\Android Studio\jbr\bin\server;C:\Users\Administrator\.gradle\native\c067742578af261105cb4f569cf0c3c89f3d7b1fecec35dd04571415982c5e48\windows-amd64;C:\Users\Administrator\.gradle\native\38dada09dfb8b06ba9b0570ebf7e218e3eb74d4ef43ca46872605cf95ebc2f47\windows-amd64

VM Arguments:
jvm_args: --add-opens=java.base/java.util=ALL-UNNAMED --add-opens=java.base/java.lang=ALL-UNNAMED --add-opens=java.base/java.lang.invoke=ALL-UNNAMED --add-opens=java.prefs/java.util.prefs=ALL-UNNAMED --add-opens=java.base/java.nio.charset=ALL-UNNAMED --add-opens=java.base/java.net=ALL-UNNAMED --add-opens=java.base/java.util.concurrent.atomic=ALL-UNNAMED -Xmx2048m -Dfile.encoding=UTF-8 -Duser.country=PH -Duser.language=en -Duser.variant -javaagent:C:\Users\Administrator\.gradle\wrapper\dists\gradle-8.4-bin\1w5dpkrfk8irigvoxmyhowfim\gradle-8.4\lib\agents\gradle-instrumentation-agent-8.4.jar 
java_command: org.gradle.launcher.daemon.bootstrap.GradleDaemon 8.4
java_class_path (initial): C:\Users\Administrator\.gradle\wrapper\dists\gradle-8.4-bin\1w5dpkrfk8irigvoxmyhowfim\gradle-8.4\lib\gradle-launcher-8.4.jar
Launcher Type: SUN_STANDARD

[Global flags]
     intx CICompilerCount                          = 4                                         {product} {ergonomic}
     uint ConcGCThreads                            = 2                                         {product} {ergonomic}
     uint G1ConcRefinementThreads                  = 8                                         {product} {ergonomic}
   size_t G1HeapRegionSize                         = 1048576                                   {product} {ergonomic}
    uintx GCDrainStackTargetSize                   = 64                                        {product} {ergonomic}
   size_t InitialHeapSize                          = 268435456                                 {product} {ergonomic}
   size_t MarkStackSize                            = 4194304                                   {product} {ergonomic}
   size_t MaxHeapSize                              = 2147483648                                {product} {command line}
   size_t MaxNewSize                               = 1287651328                                {product} {ergonomic}
   size_t MinHeapDeltaBytes                        = 1048576                                   {product} {ergonomic}
   size_t MinHeapSize                              = 8388608                                   {product} {ergonomic}
    uintx NonNMethodCodeHeapSize                   = 5839372                                {pd product} {ergonomic}
    uintx NonProfiledCodeHeapSize                  = 122909434                              {pd product} {ergonomic}
    uintx ProfiledCodeHeapSize                     = 122909434                              {pd product} {ergonomic}
    uintx ReservedCodeCacheSize                    = 251658240                              {pd product} {ergonomic}
     bool SegmentedCodeCache                       = true                                      {product} {ergonomic}
   size_t SoftMaxHeapSize                          = 2147483648                             {manageable} {ergonomic}
     bool UseCompressedClassPointers               = true                           {product lp64_product} {ergonomic}
     bool UseCompressedOops                        = true                           {product lp64_product} {ergonomic}
     bool UseG1GC                                  = true                                      {product} {ergonomic}
     bool UseLargePagesIndividualAllocation        = false                                  {pd product} {ergonomic}

Logging:
Log output configuration:
 #0: stdout all=warning uptime,level,tags
 #1: stderr all=off uptime,level,tags

Environment Variables:
PATH=C:\Program Files\Google\Chrome\Application;C:\Program Files (x86)\Common Files\Oracle\Java\java8path;C:\Program Files (x86)\Common Files\Oracle\Java\javapath;C:\ProgramData\Oracle\Java\javapath;C:\Windows\system32;C:\Windows;C:\Windows\System32\Wbem;C:\Windows\System32\WindowsPowerShell\v1.0\;C:\Windows\System32\OpenSSH\;C:\Program Files\NVIDIA Corporation\NVIDIA App\NvDLISR;C:\Program Files (x86)\NVIDIA Corporation\PhysX\Common;C:\Users\Administrator\AppData\Local\Microsoft\WindowsApps;
USERNAME=Administrator
OS=Windows_NT
PROCESSOR_IDENTIFIER=AMD64 Family 23 Model 1 Stepping 1, AuthenticAMD
TMP=C:\Users\ADMINI~1\AppData\Local\Temp
TEMP=C:\Users\ADMINI~1\AppData\Local\Temp



Periodic native trim disabled

JNI global refs:
JNI global refs: 29, weak refs: 277

JNI global refs memory usage: 843, weak refs: 3369

OOME stack traces (most recent first):
Classloader memory used:
Loader org.gradle.internal.classloader.VisitableURLClassLoader$InstrumentingVisitableURLClassLoader: 6855K
Loader org.gradle.internal.classloader.VisitableURLClassLoader                         : 4914K
Loader bootstrap                                                                       : 3368K
Loader org.gradle.initialization.MixInLegacyTypesClassLoader                           : 1339K
Loader jdk.internal.reflect.DelegatingClassLoader                                      : 100K
Loader jdk.internal.loader.ClassLoaders$PlatformClassLoader                            : 69190B
Loader jdk.internal.loader.ClassLoaders$AppClassLoader                                 : 28460B
Loader org.gradle.internal.classloader.VisitableURLClassLoader                         : 8432B
Loader sun.reflect.misc.MethodUtil                                                     : 373B

Classes loaded by more than one classloader:
Class Program                                                                         : loaded 5 times (x 70B)
Class Build_gradle$1                                                                  : loaded 3 times (x 72B)
Class Build_gradle                                                                    : loaded 3 times (x 128B)
Class com.google.common.collect.Iterators$MergingIterator                             : loaded 2 times (x 79B)
Class com.google.common.io.Closer$SuppressingSuppressor                               : loaded 2 times (x 73B)
Class org.objectweb.asm.ModuleVisitor                                                 : loaded 2 times (x 79B)
Class com.google.common.io.ByteSource                                                 : loaded 2 times (x 82B)
Class [Lcom.google.common.collect.AbstractMapEntry;                                   : loaded 2 times (x 67B)
Class com.google.common.io.AppendableWriter                                           : loaded 2 times (x 98B)
Class com.google.common.collect.ImmutableRangeSet$AsSet                               : loaded 2 times (x 233B)
Class com.google.common.collect.SingletonImmutableList                                : loaded 2 times (x 167B)
Class com.google.common.cache.CacheLoader$SupplierToCacheLoader                       : loaded 2 times (x 73B)
Class org.gradle.internal.classpath.ClassPath                                         : loaded 2 times (x 68B)
Class com.google.common.io.FileWriteMode                                              : loaded 2 times (x 77B)
Class com.google.common.cache.RemovalListener                                         : loaded 2 times (x 68B)
Class org.gradle.api.internal.classpath.DefaultModuleRegistry                         : loaded 2 times (x 84B)
Class Settings_gradle$1$1                                                             : loaded 2 times (x 72B)
Class com.google.common.collect.ImmutableEnumSet                                      : loaded 2 times (x 144B)
Class [Lcom.google.common.collect.MapMaker$Dummy;                                     : loaded 2 times (x 67B)
Class com.google.common.collect.ListMultimap                                          : loaded 2 times (x 68B)
Class com.google.common.base.CharMatcher$JavaDigit                                    : loaded 2 times (x 109B)
Class com.google.common.base.CharMatcher$Digit                                        : loaded 2 times (x 110B)
Class com.google.common.collect.AbstractMultimap                                      : loaded 2 times (x 121B)
Class com.google.common.cache.CacheBuilder$OneWeigher                                 : loaded 2 times (x 80B)
Class org.gradle.api.Action                                                           : loaded 2 times (x 68B)
Class com.google.common.io.ByteArrayDataOutput                                        : loaded 2 times (x 68B)
Class com.google.common.collect.ImmutableEntry                                        : loaded 2 times (x 80B)
Class com.google.common.collect.Lists$StringAsImmutableList                           : loaded 2 times (x 167B)
Class com.google.common.collect.ImmutableMap$SerializedForm                           : loaded 2 times (x 71B)
Class com.google.common.cache.LocalCache$StrongEntry                                  : loaded 2 times (x 106B)
Class com.google.common.collect.MapMakerInternalMap$InternalEntryHelper               : loaded 2 times (x 68B)
Class org.objectweb.asm.FieldWriter                                                   : loaded 2 times (x 76B)
Class com.google.common.base.CharMatcher                                              : loaded 2 times (x 109B)
Class com.google.common.base.CharMatcher$IsNot                                        : loaded 2 times (x 109B)
Class com.google.common.collect.RegularImmutableSortedSet                             : loaded 2 times (x 233B)
Class org.jetbrains.kotlin.config.MavenComparableVersion$IntegerItem                  : loaded 2 times (x 78B)
Class com.google.common.collect.Maps$IteratorBasedAbstractMap                         : loaded 2 times (x 123B)
Class com.google.common.collect.SetMultimap                                           : loaded 2 times (x 68B)
Class com.google.common.base.Splitter                                                 : loaded 2 times (x 70B)
Class [Lcom.google.common.cache.Weigher;                                              : loaded 2 times (x 67B)
Class com.google.common.collect.Iterators$ArrayItr                                    : loaded 2 times (x 95B)
Class com.google.common.collect.MapMakerInternalMap$Strength                          : loaded 2 times (x 78B)
Class com.google.common.cache.LocalCache$Segment                                      : loaded 2 times (x 152B)
Class org.gradle.api.internal.DefaultClassPathProvider                                : loaded 2 times (x 74B)
Class org.gradle.internal.installation.GradleInstallation$1                           : loaded 2 times (x 73B)
Class com.google.common.cache.LocalCache$AbstractReferenceEntry                       : loaded 2 times (x 105B)
Class org.objectweb.asm.Type                                                          : loaded 2 times (x 70B)
Class com.google.common.util.concurrent.AbstractFuture$Failure                        : loaded 2 times (x 70B)
Class com.google.common.base.CharMatcher$BitSetMatcher                                : loaded 2 times (x 110B)
Class com.google.common.collect.ImmutableMap$IteratorBasedImmutableMap                : loaded 2 times (x 123B)
Class com.google.common.io.Files$FileByteSource                                       : loaded 2 times (x 83B)
Class com.google.common.collect.ImmutableMap                                          : loaded 2 times (x 118B)
Class com.google.common.base.Converter                                                : loaded 2 times (x 88B)
Class com.google.common.collect.ImmutableSortedSetFauxverideShim                      : loaded 2 times (x 145B)
Class com.google.common.collect.ImmutableSet$EmptySetBuilderImpl                      : loaded 2 times (x 74B)
Class com.google.common.base.Equivalence                                              : loaded 2 times (x 80B)
Class com.google.common.primitives.Ints                                               : loaded 2 times (x 69B)
Class com.google.common.cache.LocalCache$EntryFactory$1                               : loaded 2 times (x 81B)
Class com.google.common.cache.LocalCache$EntryFactory$2                               : loaded 2 times (x 81B)
Class com.google.common.cache.LocalCache$EntryFactory$3                               : loaded 2 times (x 81B)
Class com.google.common.cache.LocalCache$EntryFactory$4                               : loaded 2 times (x 81B)
Class com.google.common.cache.LocalCache$EntryFactory$5                               : loaded 2 times (x 81B)
Class com.google.common.cache.LocalCache$EntryFactory$6                               : loaded 2 times (x 81B)
Class com.google.common.cache.LocalCache$EntryFactory$7                               : loaded 2 times (x 81B)
Class com.google.common.cache.LocalCache$EntryFactory$8                               : loaded 2 times (x 81B)
Class com.google.common.base.Predicate                                                : loaded 2 times (x 68B)
Class com.google.common.cache.LocalCache$StrongValueReference                         : loaded 2 times (x 88B)
Class org.gradle.internal.classloader.FilteringClassLoader                            : loaded 2 times (x 103B)
Class com.google.common.collect.AbstractMapBasedMultimap$WrappedCollection            : loaded 2 times (x 122B)
Class com.google.common.collect.RegularImmutableSet                                   : loaded 2 times (x 146B)
Class [Lcom.google.common.cache.LocalCache$Strength;                                  : loaded 2 times (x 67B)
Class org.gradle.internal.classpath.DefaultClassPath$ImmutableUniqueList$Builder      : loaded 2 times (x 73B)
Class com.google.common.collect.AbstractRangeSet                                      : loaded 2 times (x 112B)
Class com.google.common.collect.Maps$8                                                : loaded 2 times (x 80B)
Class [Lcom.google.common.cache.CacheBuilder$NullListener;                            : loaded 2 times (x 67B)
Class com.google.common.base.PatternCompiler                                          : loaded 2 times (x 68B)
Class com.google.common.io.CharStreams$NullWriter                                     : loaded 2 times (x 97B)
Class com.google.common.base.CharMatcher$InRange                                      : loaded 2 times (x 109B)
Class com.google.common.collect.Maps$KeySet                                           : loaded 2 times (x 135B)
Class com.google.common.collect.ImmutableMultimap$EntryCollection                     : loaded 2 times (x 125B)
Class com.google.common.collect.Sets$SetView                                          : loaded 2 times (x 136B)
Class com.google.common.collect.BiMap                                                 : loaded 2 times (x 68B)
Class com.google.common.collect.Lists                                                 : loaded 2 times (x 69B)
Class org.objectweb.asm.AnnotationWriter                                              : loaded 2 times (x 77B)
Class com.google.common.math.IntMath$1                                                : loaded 2 times (x 69B)
Class org.gradle.internal.classloader.ClassLoaderVisitor                              : loaded 2 times (x 74B)
Class org.objectweb.asm.Label                                                         : loaded 2 times (x 71B)
Class com.google.common.cache.CacheBuilder$NullListener                               : loaded 2 times (x 80B)
Class com.google.common.collect.ImmutableMultimap                                     : loaded 2 times (x 145B)
Class com.google.common.math.MathPreconditions                                        : loaded 2 times (x 69B)
Class com.google.common.io.ByteStreams$1                                              : loaded 2 times (x 83B)
Class org.gradle.internal.service.DefaultServiceLocator                               : loaded 2 times (x 81B)
Class org.gradle.internal.service.UnknownServiceException                             : loaded 2 times (x 81B)
Class com.google.common.util.concurrent.AbstractFuture$SynchronizedHelper             : loaded 2 times (x 76B)
Class com.google.common.collect.ArrayListMultimap                                     : loaded 2 times (x 170B)
Class com.google.common.base.Strings                                                  : loaded 2 times (x 69B)
Class com.google.common.io.Closer                                                     : loaded 2 times (x 76B)
Class com.google.common.cache.CacheLoader$InvalidCacheLoadException                   : loaded 2 times (x 80B)
Class org.gradle.internal.classloader.DefaultClassLoaderFactory                       : loaded 2 times (x 80B)
Class com.google.common.collect.UnmodifiableIterator                                  : loaded 2 times (x 78B)
Class com.google.common.base.Stopwatch                                                : loaded 2 times (x 70B)
Class com.google.common.base.Platform$JdkPatternCompiler                              : loaded 2 times (x 73B)
Class com.google.common.collect.Interners$InternerImpl                                : loaded 2 times (x 73B)
Class com.google.common.cache.LocalCache$LoadingValueReference                        : loaded 2 times (x 94B)
Class com.google.common.base.CharMatcher$SingleWidth                                  : loaded 2 times (x 110B)
Class com.google.common.collect.Hashing                                               : loaded 2 times (x 69B)
Class com.google.common.io.ByteStreams$LimitedInputStream                             : loaded 2 times (x 90B)
Class com.google.common.collect.MapMakerInternalMap$AbstractStrongKeyEntry            : loaded 2 times (x 78B)
Class com.google.common.collect.ImmutableRangeSet$ComplementRanges                    : loaded 2 times (x 167B)
Class org.objectweb.asm.Context                                                       : loaded 2 times (x 70B)
Class com.google.common.base.JdkPattern                                               : loaded 2 times (x 73B)
Class com.google.common.base.Optional                                                 : loaded 2 times (x 78B)
Class com.google.common.collect.Multimap                                              : loaded 2 times (x 68B)
Class com.google.common.base.FunctionalEquivalence                                    : loaded 2 times (x 81B)
Class org.objectweb.asm.AnnotationVisitor                                             : loaded 2 times (x 76B)
Class org.objectweb.asm.RecordComponentWriter                                         : loaded 2 times (x 76B)
Class com.google.common.cache.LocalCache$1                                            : loaded 2 times (x 87B)
Class com.google.common.cache.LocalCache$2                                            : loaded 2 times (x 140B)
Class com.google.common.collect.RegularImmutableBiMap                                 : loaded 2 times (x 146B)
Class org.gradle.internal.classloader.VisitableURLClassLoader$Spec                    : loaded 2 times (x 72B)
Class org.gradle.api.GradleException                                                  : loaded 2 times (x 80B)
Class com.google.common.base.CharMatcher$JavaLetterOrDigit                            : loaded 2 times (x 109B)
Class org.gradle.api.internal.classpath.ModuleRegistry                                : loaded 2 times (x 68B)
Class com.google.common.collect.ForwardingObject                                      : loaded 2 times (x 70B)
Class com.google.common.cache.CacheBuilder                                            : loaded 2 times (x 70B)
Class org.objectweb.asm.ByteVector                                                    : loaded 2 times (x 77B)
Class com.google.common.collect.ImmutableCollection                                   : loaded 2 times (x 123B)
Class com.google.common.collect.ImmutableRangeSet                                     : loaded 2 times (x 113B)
Class com.google.common.base.PairwiseEquivalence                                      : loaded 2 times (x 81B)
Class com.google.common.base.Ticker                                                   : loaded 2 times (x 70B)
Class org.gradle.api.internal.ClassPathProvider                                       : loaded 2 times (x 68B)
Class com.google.common.base.Ascii                                                    : loaded 2 times (x 69B)
Class com.google.common.collect.RegularImmutableMap$Values                            : loaded 2 times (x 167B)
Class org.objectweb.asm.ModuleWriter                                                  : loaded 2 times (x 80B)
Class org.gradle.internal.classloader.ClasspathUtil$1                                 : loaded 2 times (x 74B)
Class [Lcom.google.common.collect.MapMakerInternalMap$Segment;                        : loaded 2 times (x 67B)
Class com.google.common.collect.ForwardingMap                                         : loaded 2 times (x 130B)
Class com.google.common.collect.ImmutableList$ReverseImmutableList                    : loaded 2 times (x 168B)
Class [Lorg.jetbrains.kotlin.utils.DescriptionAware;                                  : loaded 2 times (x 67B)
Class com.google.common.cache.AbstractCache$StatsCounter                              : loaded 2 times (x 68B)
Class org.objectweb.asm.FieldVisitor                                                  : loaded 2 times (x 75B)
Class org.objectweb.asm.Symbol                                                        : loaded 2 times (x 71B)
Class com.google.common.cache.LocalCache$Strength$1                                   : loaded 2 times (x 79B)
Class com.google.common.collect.EmptyImmutableListMultimap                            : loaded 2 times (x 174B)
Class com.google.common.cache.LocalCache$Strength$2                                   : loaded 2 times (x 79B)
Class com.google.common.cache.LocalCache$Strength$3                                   : loaded 2 times (x 79B)
Class org.gradle.internal.classloader.ClassLoaderFactory                              : loaded 2 times (x 68B)
Class com.google.common.collect.ObjectArrays                                          : loaded 2 times (x 69B)
Class com.google.common.util.concurrent.AbstractFuture$Waiter                         : loaded 2 times (x 70B)
Class com.google.common.util.concurrent.Uninterruptibles                              : loaded 2 times (x 69B)
Class com.google.common.collect.Iterators$10                                          : loaded 2 times (x 79B)
Class com.google.common.collect.Iterators$EmptyModifiableIterator                     : loaded 2 times (x 84B)
Class com.google.common.collect.ImmutableList                                         : loaded 2 times (x 166B)
Class org.gradle.api.internal.classpath.ManifestUtil                                  : loaded 2 times (x 69B)
Class org.gradle.api.specs.Spec                                                       : loaded 2 times (x 68B)
Class com.google.common.collect.RangeSet                                              : loaded 2 times (x 68B)
Class com.google.common.cache.CacheLoader$UnsupportedLoadingOperationException        : loaded 2 times (x 80B)
Class com.google.common.base.CharMatcher$Whitespace                                   : loaded 2 times (x 110B)
Class com.google.common.util.concurrent.ListenableFuture                              : loaded 2 times (x 68B)
Class com.google.common.collect.MapMaker$Dummy                                        : loaded 2 times (x 77B)
Class com.google.common.collect.Iterators$1                                           : loaded 2 times (x 79B)
Class com.google.common.collect.BaseImmutableMultimap                                 : loaded 2 times (x 121B)
Class com.google.common.collect.Iterators$4                                           : loaded 2 times (x 80B)
Class com.google.common.collect.RegularImmutableMap$BucketOverflowException           : loaded 2 times (x 80B)
Class com.google.common.collect.Iterators$5                                           : loaded 2 times (x 80B)
Class com.google.common.util.concurrent.AbstractFuture$UnsafeAtomicHelper             : loaded 2 times (x 76B)
Class com.google.common.base.Joiner                                                   : loaded 2 times (x 77B)
Class com.google.common.base.Equivalence$Equals                                       : loaded 2 times (x 80B)
Class com.google.common.base.Preconditions                                            : loaded 2 times (x 69B)
Class com.google.common.base.Function                                                 : loaded 2 times (x 68B)
Class com.google.common.collect.Iterators$9                                           : loaded 2 times (x 79B)
Class org.gradle.internal.IoActions                                                   : loaded 2 times (x 69B)
Class com.google.common.collect.MapMakerInternalMap$StrongKeyDummyValueEntry$Helper   : loaded 2 times (x 77B)
Class com.google.common.cache.ReferenceEntry                                          : loaded 2 times (x 68B)
Class com.google.common.collect.RegularImmutableMap$KeySet                            : loaded 2 times (x 148B)
Class com.google.common.collect.CollectPreconditions                                  : loaded 2 times (x 69B)
Class com.google.common.primitives.IntsMethodsForWeb                                  : loaded 2 times (x 69B)
Class com.google.common.collect.RangeGwtSerializationDependencies                     : loaded 2 times (x 69B)
Class com.google.common.collect.Maps                                                  : loaded 2 times (x 69B)
Class com.google.common.collect.RegularImmutableMap                                   : loaded 2 times (x 119B)
Class com.google.common.collect.AbstractIndexedListIterator                           : loaded 2 times (x 94B)
Class com.google.common.collect.ImmutableMultimap$Builder                             : loaded 2 times (x 81B)
Class com.google.common.base.CharMatcher$None                                         : loaded 2 times (x 110B)
Class [Lorg.objectweb.asm.Attribute;                                                  : loaded 2 times (x 67B)
Class org.gradle.api.internal.classpath.EffectiveClassPath                            : loaded 2 times (x 88B)
Class com.google.common.collect.UnmodifiableListIterator                              : loaded 2 times (x 93B)
Class com.google.common.io.Files                                                      : loaded 2 times (x 69B)
Class com.google.common.cache.CacheLoader$FunctionToCacheLoader                       : loaded 2 times (x 73B)
Class com.google.common.cache.CacheBuilder$1                                          : loaded 2 times (x 83B)
Class com.google.common.cache.CacheBuilder$2                                          : loaded 2 times (x 70B)
Class com.google.common.collect.ImmutableList$1                                       : loaded 2 times (x 95B)
Class com.google.common.base.Splitter$Strategy                                        : loaded 2 times (x 68B)
Class com.google.common.io.CharStreams                                                : loaded 2 times (x 69B)
Class com.google.common.collect.ImmutableMapEntrySet$RegularEntrySet                  : loaded 2 times (x 149B)
Class [Lcom.google.common.cache.RemovalListener;                                      : loaded 2 times (x 67B)
Class [Lcom.google.common.collect.ImmutableMapEntry;                                  : loaded 2 times (x 67B)
Class com.google.common.collect.Interners                                             : loaded 2 times (x 69B)
Class com.google.common.collect.MapMakerInternalMap$Strength$1                        : loaded 2 times (x 78B)
Class org.gradle.internal.installation.CurrentGradleInstallation                      : loaded 2 times (x 71B)
Class com.google.common.collect.MapMakerInternalMap$Strength$2                        : loaded 2 times (x 78B)
Class org.gradle.internal.agents.InstrumentingClassLoader                             : loaded 2 times (x 68B)
Class org.gradle.internal.installation.CurrentGradleInstallationLocator               : loaded 2 times (x 69B)
Class [Lcom.google.common.cache.LocalCache$Segment;                                   : loaded 2 times (x 67B)
Class org.gradle.api.internal.classpath.Module                                        : loaded 2 times (x 68B)
Class com.google.common.collect.ImmutableSortedSet                                    : loaded 2 times (x 233B)
Class com.google.common.base.Splitter$1$1                                             : loaded 2 times (x 84B)
Class com.google.common.collect.MapMakerInternalMap$Segment                           : loaded 2 times (x 140B)
Class com.google.common.collect.ImmutableSet$JdkBackedSetBuilderImpl                  : loaded 2 times (x 74B)
Class [Lorg.jetbrains.kotlin.config.LanguageOrApiVersion;                             : loaded 2 times (x 67B)
Class com.google.common.collect.ImmutableSet$RegularSetBuilderImpl                    : loaded 2 times (x 75B)
Class [Lorg.objectweb.asm.AnnotationWriter;                                           : loaded 2 times (x 67B)
Class org.gradle.internal.service.CachingServiceLocator                               : loaded 2 times (x 80B)
Class [Lcom.google.common.collect.ImmutableEntry;                                     : loaded 2 times (x 67B)
Class com.google.common.collect.Sets$ImprovedAbstractSet                              : loaded 2 times (x 133B)
Class com.google.common.collect.AbstractMapBasedMultimap$AsMap                        : loaded 2 times (x 126B)
Class org.gradle.internal.classpath.DefaultClassPath                                  : loaded 2 times (x 88B)
Class com.google.common.collect.MapMakerInternalMap$1                                 : loaded 2 times (x 81B)
Class com.google.common.util.concurrent.AbstractFuture$SetFuture                      : loaded 2 times (x 73B)
Class com.google.common.collect.CollectCollectors                                     : loaded 2 times (x 69B)
Class com.google.common.collect.TransformedIterator                                   : loaded 2 times (x 78B)
Class com.google.common.base.Splitter$SplittingIterator                               : loaded 2 times (x 82B)
Class com.google.common.collect.ImmutableMultisetGwtSerializationDependencies         : loaded 2 times (x 123B)
Class com.google.common.collect.ImmutableListMultimap                                 : loaded 2 times (x 174B)
Class com.google.common.cache.LocalCache$LocalManualCache$1                           : loaded 2 times (x 73B)
Class org.gradle.internal.installation.GradleInstallation                             : loaded 2 times (x 73B)
Class org.objectweb.asm.SymbolTable$Entry                                             : loaded 2 times (x 72B)
Class [Lcom.google.common.cache.LocalCache$EntryFactory;                              : loaded 2 times (x 67B)
Class com.google.common.base.CharMatcher$Is                                           : loaded 2 times (x 109B)
Class com.google.common.base.Platform                                                 : loaded 2 times (x 69B)
Class com.google.common.collect.RegularImmutableAsList                                : loaded 2 times (x 176B)
Class com.google.common.base.Suppliers$NonSerializableMemoizingSupplier               : loaded 2 times (x 77B)
Class com.google.common.collect.PeekingIterator                                       : loaded 2 times (x 68B)
Class com.google.common.collect.ImmutableSetMultimap                                  : loaded 2 times (x 178B)
Class com.google.common.collect.ImmutableMapEntrySet                                  : loaded 2 times (x 149B)
Class com.google.common.cache.CacheLoader                                             : loaded 2 times (x 72B)
Class com.google.common.collect.ImmutableBiMapFauxverideShim                          : loaded 2 times (x 118B)
Class org.objectweb.asm.MethodTooLargeException                                       : loaded 2 times (x 81B)
Class com.google.common.cache.Cache                                                   : loaded 2 times (x 68B)
Class com.google.common.collect.Maps$EntrySet                                         : loaded 2 times (x 134B)
Class org.jetbrains.kotlin.config.ApiVersion                                          : loaded 2 times (x 84B)
Class org.gradle.internal.classloader.SystemClassLoaderSpec                           : loaded 2 times (x 69B)
Class com.google.common.io.LineBuffer                                                 : loaded 2 times (x 73B)
Class com.google.common.util.concurrent.internal.InternalFutureFailureAccess          : loaded 2 times (x 70B)
Class com.google.common.base.Charsets                                                 : loaded 2 times (x 69B)
Class org.jetbrains.kotlin.utils.DescriptionAware                                     : loaded 2 times (x 68B)
Class com.google.common.primitives.Ints$IntConverter                                  : loaded 2 times (x 88B)
Class com.google.common.collect.SingletonImmutableSet                                 : loaded 2 times (x 144B)
Class com.google.common.collect.Interners$InternerBuilder                             : loaded 2 times (x 74B)
Class [Lcom.google.common.base.AbstractIterator$State;                                : loaded 2 times (x 67B)
Class com.google.common.collect.ImmutableMap$Builder                                  : loaded 2 times (x 80B)
Class com.google.common.io.LineReader$1                                               : loaded 2 times (x 73B)
Class com.google.common.base.AbstractIterator                                         : loaded 2 times (x 78B)
Class org.objectweb.asm.ClassWriter                                                   : loaded 2 times (x 104B)
Class com.google.common.collect.Range                                                 : loaded 2 times (x 85B)
Class org.jetbrains.kotlin.config.LanguageVersion                                     : loaded 2 times (x 89B)
Class com.google.common.base.AbstractIterator$1                                       : loaded 2 times (x 69B)
Class org.jetbrains.kotlin.config.MavenComparableVersion$Item                         : loaded 2 times (x 68B)
Class [Lcom.google.common.cache.CacheBuilder$OneWeigher;                              : loaded 2 times (x 67B)
Class com.google.common.collect.Iterators                                             : loaded 2 times (x 69B)
Class com.google.common.base.CharMatcher$1                                            : loaded 2 times (x 111B)
Class com.google.common.base.CharMatcher$Ascii                                        : loaded 2 times (x 110B)
Class com.google.common.cache.LocalCache$ComputingValueReference                      : loaded 2 times (x 94B)
Class org.gradle.api.UncheckedIOException                                             : loaded 2 times (x 80B)
Class com.google.common.base.CharMatcher$And                                          : loaded 2 times (x 110B)
Class com.google.common.io.Files$FileByteSink                                         : loaded 2 times (x 75B)
Class [Lcom.google.common.io.FileWriteMode;                                           : loaded 2 times (x 67B)
Class com.google.common.collect.IndexedImmutableSet                                   : loaded 2 times (x 148B)
Class com.google.common.base.ExtraObjectsMethodsForWeb                                : loaded 2 times (x 69B)
Class com.google.common.collect.AbstractListMultimap                                  : loaded 2 times (x 170B)
Class com.google.common.base.CharMatcher$Any                                          : loaded 2 times (x 110B)
Class com.google.common.collect.ImmutableEnumMap                                      : loaded 2 times (x 123B)
Class com.google.common.cache.LocalCache$Strength                                     : loaded 2 times (x 79B)
Class com.google.common.collect.AbstractMapBasedMultimap$KeySet                       : loaded 2 times (x 135B)
Class com.google.common.collect.SortedIterable                                        : loaded 2 times (x 68B)
Class com.google.common.collect.ArrayListMultimapGwtSerializationDependencies         : loaded 2 times (x 170B)
Class com.google.common.base.CharMatcher$RangesMatcher                                : loaded 2 times (x 110B)
Class com.google.common.collect.AbstractMapBasedMultimap$RandomAccessWrappedList      : loaded 2 times (x 165B)
Class org.objectweb.asm.Handler                                                       : loaded 2 times (x 70B)
Class com.google.common.collect.ImmutableList$SubList                                 : loaded 2 times (x 168B)
Class com.google.common.cache.LocalCache$ValueReference                               : loaded 2 times (x 68B)
Class com.google.common.collect.CollectSpliterators                                   : loaded 2 times (x 69B)
Class org.objectweb.asm.ClassReader                                                   : loaded 2 times (x 91B)
Class com.google.common.io.Java8Compatibility                                         : loaded 2 times (x 69B)
Class org.gradle.internal.classloader.ClasspathUtil                                   : loaded 2 times (x 69B)
Class org.objectweb.asm.CurrentFrame                                                  : loaded 2 times (x 71B)
Class com.google.common.util.concurrent.AbstractFuture                                : loaded 2 times (x 93B)
Class com.google.common.base.Splitter$1                                               : loaded 2 times (x 75B)
Class com.google.common.collect.TransformedListIterator                               : loaded 2 times (x 91B)
Class com.google.common.base.Ticker$1                                                 : loaded 2 times (x 70B)
Class com.google.common.collect.Maps$BiMapConverter                                   : loaded 2 times (x 88B)
Class org.gradle.api.internal.DefaultClassPathRegistry                                : loaded 2 times (x 74B)
Class org.jetbrains.kotlin.config.LanguageOrApiVersion                                : loaded 2 times (x 68B)
Class com.google.common.util.concurrent.AbstractFuture$Cancellation                   : loaded 2 times (x 70B)
Class [Lorg.objectweb.asm.Symbol;                                                     : loaded 2 times (x 67B)
Class com.google.common.collect.Interner                                              : loaded 2 times (x 68B)
Class com.google.common.collect.ImmutableSet$SetBuilderImpl                           : loaded 2 times (x 74B)
Class org.gradle.api.internal.classpath.DefaultModuleRegistry$DefaultModule           : loaded 2 times (x 84B)
Class com.google.common.io.LineReader                                                 : loaded 2 times (x 70B)
Class com.google.common.base.CharMatcher$JavaIsoControl                               : loaded 2 times (x 110B)
Class com.google.common.collect.ImmutableMap$1                                        : loaded 2 times (x 79B)
Class org.jetbrains.kotlin.config.ApiVersion$Companion                                : loaded 2 times (x 69B)
Class com.google.common.base.CharMatcher$Or                                           : loaded 2 times (x 110B)
Class org.gradle.kotlin.dsl.VersionCatalogAccessorsKt                                 : loaded 2 times (x 69B)
Class com.google.common.base.Suppliers$SupplierOfInstance                             : loaded 2 times (x 77B)
Class org.objectweb.asm.RecordComponentVisitor                                        : loaded 2 times (x 75B)
Class com.google.common.collect.Iterables                                             : loaded 2 times (x 69B)
Class com.google.common.base.CharMatcher$JavaLowerCase                                : loaded 2 times (x 109B)
Class org.objectweb.asm.ClassTooLargeException                                        : loaded 2 times (x 81B)
Class org.jetbrains.kotlin.config.LanguageVersion$Companion                           : loaded 2 times (x 69B)
Class org.gradle.api.internal.classpath.UnknownModuleException                        : loaded 2 times (x 80B)
Class com.google.common.util.concurrent.AbstractFuture$Listener                       : loaded 2 times (x 70B)
Class com.google.common.collect.MapMakerInternalMap$StrongKeyDummyValueEntry$LinkedStrongKeyDummyValueEntry: loaded 2 times (x 80B)
Class org.objectweb.asm.Edge                                                          : loaded 2 times (x 70B)
Class com.google.common.collect.Maps$EntryTransformer                                 : loaded 2 times (x 68B)
Class com.google.common.collect.ImmutableCollection$Builder                           : loaded 2 times (x 74B)
Class com.google.common.io.ByteArrayDataInput                                         : loaded 2 times (x 68B)
Class [Lorg.objectweb.asm.SymbolTable$Entry;                                          : loaded 2 times (x 67B)
Class com.google.common.collect.SingletonImmutableBiMap                               : loaded 2 times (x 141B)
Class com.google.common.base.CommonPattern                                            : loaded 2 times (x 72B)
Class com.google.common.base.Suppliers$MemoizingSupplier                              : loaded 2 times (x 77B)
Class com.google.common.base.Suppliers                                                : loaded 2 times (x 69B)
Class [Lcom.google.common.collect.Iterators$EmptyModifiableIterator;                  : loaded 2 times (x 67B)
Class org.objectweb.asm.ClassVisitor                                                  : loaded 2 times (x 86B)
Class com.google.common.collect.MapMakerInternalMap$StrongKeyDummyValueEntry          : loaded 2 times (x 80B)
Class com.google.common.cache.LoadingCache                                            : loaded 2 times (x 68B)
Class org.gradle.internal.service.ServiceLookupException                              : loaded 2 times (x 80B)
Class com.google.common.collect.MapMakerInternalMap$StrongKeyDummyValueSegment        : loaded 2 times (x 140B)
Class org.gradle.cache.GlobalCache                                                    : loaded 2 times (x 68B)
Class com.google.common.base.Present                                                  : loaded 2 times (x 79B)
Class com.google.common.base.CharMatcher$NegatedFastMatcher                           : loaded 2 times (x 111B)
Class [Lorg.gradle.api.internal.ClassPathProvider;                                    : loaded 2 times (x 67B)
Class com.google.common.util.concurrent.AbstractFuture$SafeAtomicHelper               : loaded 2 times (x 77B)
Class com.google.common.collect.ImmutableMultimap$Values                              : loaded 2 times (x 124B)
Class org.gradle.util.internal.GUtil                                                  : loaded 2 times (x 69B)
Class com.google.common.math.IntMath                                                  : loaded 2 times (x 69B)
Class com.google.common.collect.AbstractIterator                                      : loaded 2 times (x 80B)
Class org.gradle.internal.classloader.ClassLoaderSpec                                 : loaded 2 times (x 69B)
Class com.google.common.io.LineProcessor                                              : loaded 2 times (x 68B)
Class com.google.common.base.NullnessCasts                                            : loaded 2 times (x 69B)
Class com.google.common.io.CharSink                                                   : loaded 2 times (x 77B)
Class org.objectweb.asm.Frame                                                         : loaded 2 times (x 71B)
Class com.google.common.cache.LocalCache$LocalManualCache                             : loaded 2 times (x 97B)
Class com.google.common.collect.AbstractMapEntry                                      : loaded 2 times (x 79B)
Class com.google.common.collect.ImmutableList$Builder                                 : loaded 2 times (x 75B)
Class com.google.common.base.CharMatcher$Negated                                      : loaded 2 times (x 111B)
Class com.google.common.cache.CacheLoader$1                                           : loaded 2 times (x 73B)
Class [Lcom.google.common.collect.MapMakerInternalMap$Strength;                       : loaded 2 times (x 67B)
Class com.google.common.util.concurrent.AbstractFuture$TrustedFuture                  : loaded 2 times (x 95B)
Class com.google.common.collect.MapMakerInternalMap$InternalEntry                     : loaded 2 times (x 68B)
Class com.google.common.collect.Maps$ViewCachingAbstractMap                           : loaded 2 times (x 123B)
Class com.google.common.collect.Sets                                                  : loaded 2 times (x 69B)
Class com.google.common.collect.ImmutableSet$Builder                                  : loaded 2 times (x 83B)
Class com.google.common.collect.MapMakerInternalMap                                   : loaded 2 times (x 159B)
Class com.google.common.base.CharMatcher$ForPredicate                                 : loaded 2 times (x 110B)
Class com.google.common.collect.ImmutableMap$MapViewOfValuesAsSingletonSets           : loaded 2 times (x 123B)
Class com.google.common.collect.ImmutableMapKeySet                                    : loaded 2 times (x 148B)
Class com.google.common.base.MoreObjects                                              : loaded 2 times (x 69B)
Class com.google.common.collect.SortedMapDifference                                   : loaded 2 times (x 68B)
Class org.objectweb.asm.SymbolTable                                                   : loaded 2 times (x 70B)
Class [Lorg.objectweb.asm.AnnotationVisitor;                                          : loaded 2 times (x 67B)
Class com.google.common.cache.CacheStats                                              : loaded 2 times (x 69B)
Class org.objectweb.asm.Attribute                                                     : loaded 2 times (x 75B)
Class org.gradle.internal.classloader.VisitableURLClassLoader                         : loaded 2 times (x 115B)
Class com.google.common.cache.LocalCache$LocalLoadingCache                            : loaded 2 times (x 132B)
Class com.google.common.base.Supplier                                                 : loaded 2 times (x 68B)
Class com.google.common.collect.ImmutableMultimap$Keys                                : loaded 2 times (x 164B)
Class com.google.common.base.Objects                                                  : loaded 2 times (x 69B)
Class com.google.common.util.concurrent.AbstractFuture$AtomicHelper                   : loaded 2 times (x 76B)
Class com.google.common.collect.ImmutableBiMap                                        : loaded 2 times (x 141B)
Class org.gradle.internal.Cast                                                        : loaded 2 times (x 69B)
Class org.jetbrains.kotlin.config.MavenComparableVersion$ListItem                     : loaded 2 times (x 178B)
Class org.gradle.api.internal.ClassPathRegistry                                       : loaded 2 times (x 68B)
Class com.google.common.cache.LocalCache$EntryFactory                                 : loaded 2 times (x 81B)
Class com.google.common.util.concurrent.UncheckedExecutionException                   : loaded 2 times (x 80B)
Class com.google.common.collect.ImmutableSet                                          : loaded 2 times (x 143B)
Class org.gradle.internal.classloader.VisitableURLClassLoader$InstrumentingVisitableURLClassLoader: loaded 2 times (x 121B)
Class org.gradle.internal.classloader.ClassLoaderHierarchy                            : loaded 2 times (x 68B)
Class com.google.common.io.Closer$Suppressor                                          : loaded 2 times (x 68B)
Class com.google.common.collect.AbstractMapBasedMultimap$WrappedList                  : loaded 2 times (x 165B)
Class [Lorg.objectweb.asm.Type;                                                       : loaded 2 times (x 67B)
Class com.google.common.collect.MapMakerInternalMap$WeakValueReference                : loaded 2 times (x 68B)
Class com.google.common.base.AbstractIterator$State                                   : loaded 2 times (x 77B)
Class com.google.common.cache.Weigher                                                 : loaded 2 times (x 68B)
Class com.google.common.collect.MapMakerInternalMap$StrongValueEntry                  : loaded 2 times (x 68B)
Class com.google.common.base.CharMatcher$NamedFastMatcher                             : loaded 2 times (x 110B)
Class org.gradle.internal.InternalTransformer                                         : loaded 2 times (x 68B)
Class org.gradle.internal.service.ServiceLocator                                      : loaded 2 times (x 68B)
Class Settings_gradle$1                                                               : loaded 2 times (x 72B)
Class org.jetbrains.kotlin.config.MavenComparableVersion                              : loaded 2 times (x 76B)
Class com.google.common.collect.ImmutableRangeSet$1                                   : loaded 2 times (x 169B)
Class com.google.common.util.concurrent.SettableFuture                                : loaded 2 times (x 95B)
Class com.google.common.io.Files$2                                                    : loaded 2 times (x 74B)
Class com.google.common.collect.ImmutableMapEntry                                     : loaded 2 times (x 83B)
Class com.google.common.io.ByteStreams                                                : loaded 2 times (x 69B)
Class com.google.common.base.CharMatcher$Invisible                                    : loaded 2 times (x 110B)
Class com.google.common.base.Joiner$1                                                 : loaded 2 times (x 78B)
Class com.google.common.collect.MapMaker                                              : loaded 2 times (x 70B)
Class com.google.common.base.Joiner$2                                                 : loaded 2 times (x 77B)
Class com.google.common.collect.ImmutableMultiset                                     : loaded 2 times (x 161B)
Class com.google.common.base.CharMatcher$FastMatcher                                  : loaded 2 times (x 109B)
Class [Lorg.jetbrains.kotlin.config.LanguageVersion;                                  : loaded 2 times (x 67B)
Class [Lorg.objectweb.asm.Label;                                                      : loaded 2 times (x 67B)
Class org.gradle.internal.classpath.DefaultClassPath$ImmutableUniqueList              : loaded 2 times (x 159B)
Class com.google.common.base.CharMatcher$JavaLetter                                   : loaded 2 times (x 109B)
Class com.google.common.collect.ImmutableMultimap$1                                   : loaded 2 times (x 80B)
Class com.google.common.collect.ImmutableMultimap$2                                   : loaded 2 times (x 79B)
Class org.gradle.internal.classpath.TransformedClassPath                              : loaded 2 times (x 94B)
Class com.google.common.collect.MapDifference                                         : loaded 2 times (x 68B)
Class com.google.common.collect.Sets$1                                                : loaded 2 times (x 137B)
Class com.google.common.collect.Sets$2                                                : loaded 2 times (x 137B)
Class com.google.common.util.concurrent.AbstractFuture$Trusted                        : loaded 2 times (x 68B)
Class com.google.common.collect.Sets$3                                                : loaded 2 times (x 137B)
Class com.google.common.graph.SuccessorsFunction                                      : loaded 2 times (x 68B)
Class com.google.common.collect.Sets$4                                                : loaded 2 times (x 137B)
Class Settings_gradle                                                                 : loaded 2 times (x 126B)
Class com.google.common.io.ByteSink                                                   : loaded 2 times (x 74B)
Class com.google.common.collect.AbstractMapBasedMultimap$WrappedCollection$WrappedIterator: loaded 2 times (x 82B)
Class org.objectweb.asm.MethodWriter                                                  : loaded 2 times (x 104B)
Class com.google.common.collect.Platform                                              : loaded 2 times (x 69B)
Class com.google.common.collect.ImmutableAsList                                       : loaded 2 times (x 169B)
Class com.google.common.util.concurrent.ExecutionError                                : loaded 2 times (x 80B)
Class com.google.common.io.ByteSink$AsCharSink                                        : loaded 2 times (x 78B)
Class com.google.common.base.Equivalence$Identity                                     : loaded 2 times (x 80B)
Class com.google.common.base.CharMatcher$AnyOf                                        : loaded 2 times (x 110B)
Class com.google.common.base.CharMatcher$IsEither                                     : loaded 2 times (x 109B)
Class com.google.common.cache.LocalCache                                              : loaded 2 times (x 185B)
Class com.google.common.collect.ImmutableRangeSet$Builder                             : loaded 2 times (x 75B)
Class com.google.common.collect.RegularImmutableList                                  : loaded 2 times (x 172B)
Class com.google.common.util.concurrent.AbstractFuture$UnsafeAtomicHelper$1           : loaded 2 times (x 74B)
Class com.google.common.base.CharMatcher$JavaUpperCase                                : loaded 2 times (x 109B)
Class com.google.common.collect.Multiset                                              : loaded 2 times (x 68B)
Class com.google.common.collect.ImmutableSet$CachingAsList                            : loaded 2 times (x 145B)
Class org.objectweb.asm.MethodVisitor                                                 : loaded 2 times (x 103B)
Class com.google.common.collect.AbstractMapBasedMultimap$KeySet$1                     : loaded 2 times (x 80B)
Class com.google.common.collect.ImmutableMapEntry$NonTerminalImmutableMapEntry        : loaded 2 times (x 83B)
Class com.google.common.collect.AbstractMapBasedMultimap                              : loaded 2 times (x 137B)


---------------  S Y S T E M  ---------------

OS:
 Windows 10 , 64 bit Build 19041 (10.0.19041.5915)
OS uptime: 0 days 0:51 hours

CPU: total 8 (initial active 8) (8 cores per cpu, 2 threads per core) family 23 model 1 stepping 1 microcode 0x0, cx8, cmov, fxsr, ht, mmx, 3dnowpref, sse, sse2, sse3, ssse3, sse4a, sse4.1, sse4.2, popcnt, lzcnt, tsc, tscinvbit, avx, avx2, aes, clmul, bmi1, bmi2, adx, sha, fma, vzeroupper, clflush, clflushopt
Processor Information for all 8 processors :
  Max Mhz: 3200, Current Mhz: 3200, Mhz Limit: 3200

Memory: 4k page, system-wide physical 16263M (1257M free)
TotalPageFile size 23943M (AvailPageFile size 24M)
current process WorkingSet (physical memory assigned to process): 864M, peak: 880M
current process commit charge ("private bytes"): 915M, peak: 978M

vm_info: OpenJDK 64-Bit Server VM (17.0.9+0--11185874) for windows-amd64 JRE (17.0.9+0--11185874), built on Dec  6 2023 18:57:44 by "androidbuild" with MS VC++ 16.10 / 16.11 (VS2019)

END.
