#
# There is insufficient memory for the Java Runtime Environment to continue.
# Native memory allocation (mmap) failed to map 122683392 bytes for G1 virtual space
# Possible reasons:
#   The system is out of physical RAM or swap space
#   The process is running with CompressedOops enabled, and the Java Heap may be blocking the growth of the native heap
# Possible solutions:
#   Reduce memory load on the system
#   Increase physical memory or swap space
#   Check if swap backing store is full
#   Decrease Java heap size (-Xmx/-Xms)
#   Decrease number of Java threads
#   Decrease Java thread stack sizes (-Xss)
#   Set larger code cache with -XX:ReservedCodeCacheSize=
#   JVM is running with Unscaled Compressed Oops mode in which the Java heap is
#     placed in the first 4GB address space. The Java Heap base address is the
#     maximum limit for the native heap growth. Please use -XX:HeapBaseMinAddress
#     to set the Java Heap base and to place the Java Heap above 4GB virtual address.
# This output file may be truncated or incomplete.
#
#  Out of Memory Error (os_windows.cpp:3825), pid=2220, tid=6132
#
# JRE version: OpenJDK Runtime Environment (17.0.9) (build 17.0.9+0--11185874)
# Java VM: OpenJDK 64-Bit Server VM (17.0.9+0--11185874, mixed mode, tiered, compressed oops, compressed class ptrs, g1 gc, windows-amd64)
# No core dump will be written. Minidumps are not enabled by default on client versions of Windows
#

---------------  S U M M A R Y ------------

Command Line: --add-opens=java.base/java.util=ALL-UNNAMED --add-opens=java.base/java.lang=ALL-UNNAMED --add-opens=java.base/java.lang.invoke=ALL-UNNAMED --add-opens=java.prefs/java.util.prefs=ALL-UNNAMED --add-opens=java.base/java.nio.charset=ALL-UNNAMED --add-opens=java.base/java.net=ALL-UNNAMED --add-opens=java.base/java.util.concurrent.atomic=ALL-UNNAMED -Xmx2048m -Dfile.encoding=UTF-8 -Duser.country=PH -Duser.language=en -Duser.variant -javaagent:C:\Users\Administrator\.gradle\wrapper\dists\gradle-8.4-bin\1w5dpkrfk8irigvoxmyhowfim\gradle-8.4\lib\agents\gradle-instrumentation-agent-8.4.jar org.gradle.launcher.daemon.bootstrap.GradleDaemon 8.4

Host: AMD Ryzen 5 1400 Quad-Core Processor           , 8 cores, 15G,  Windows 10 , 64 bit Build 19041 (10.0.19041.5915)
Time: Sat Apr 18 20:24:13 2026 China Standard Time elapsed time: 30.903342 seconds (0d 0h 0m 30s)

---------------  T H R E A D  ---------------

Current thread (0x0000016e7ffdeb00):  VMThread "VM Thread" [stack: 0x00000053a0800000,0x00000053a0900000] [id=6132]

Stack: [0x00000053a0800000,0x00000053a0900000]
Native frames: (J=compiled Java code, j=interpreted, Vv=VM code, C=native code)
V  [jvm.dll+0x6886e9]
V  [jvm.dll+0x841e4a]
V  [jvm.dll+0x843a8e]
V  [jvm.dll+0x8440f3]
V  [jvm.dll+0x24c14f]
V  [jvm.dll+0x685499]
V  [jvm.dll+0x679c2a]
V  [jvm.dll+0x30cf9b]
V  [jvm.dll+0x314446]
V  [jvm.dll+0x36425e]
V  [jvm.dll+0x36448f]
V  [jvm.dll+0x2e2d68]
V  [jvm.dll+0x2e0f44]
V  [jvm.dll+0x2e054c]
V  [jvm.dll+0x3253fb]
V  [jvm.dll+0x8487eb]
V  [jvm.dll+0x849531]
V  [jvm.dll+0x849a4d]
V  [jvm.dll+0x849e24]
V  [jvm.dll+0x849ef0]
V  [jvm.dll+0x7f06aa]
V  [jvm.dll+0x687565]
C  [ucrtbase.dll+0x21bb2]
C  [KERNEL32.DLL+0x17374]
C  [ntdll.dll+0x4cc91]

VM_Operation (0x00000053a5bfb4e0): G1CollectForAllocation, mode: safepoint, requested by thread 0x0000016e1d24fb50


---------------  P R O C E S S  ---------------

Threads class SMR info:
_java_thread_list=0x0000016e21618a30, length=87, elements={
0x0000016e7c5de600, 0x0000016e1858ced0, 0x0000016e1858dee0, 0x0000016e185d36a0,
0x0000016e185d6080, 0x0000016e185d7170, 0x0000016e185db750, 0x0000016e185e0550,
0x0000016e185e8f20, 0x0000016e185fe030, 0x0000016e185da310, 0x0000016e185dbc60,
0x0000016e185da820, 0x0000016e185d8ed0, 0x0000016e185d93e0, 0x0000016e185d9e00,
0x0000016e185dad30, 0x0000016e185d98f0, 0x0000016e185db240, 0x0000016e185d84b0,
0x0000016e185d89c0, 0x0000016e1e16fd70, 0x0000016e1e170280, 0x0000016e1e16f860,
0x0000016e1e173a30, 0x0000016e1e1711b0, 0x0000016e1e173f40, 0x0000016e1e174960,
0x0000016e1e16e930, 0x0000016e1e1725f0, 0x0000016e1e175da0, 0x0000016e1e173010,
0x0000016e1e170ca0, 0x0000016e1e1716c0, 0x0000016e1e173520, 0x0000016e1e16ee40,
0x0000016e1e174450, 0x0000016e1e174e70, 0x0000016e1e171bd0, 0x0000016e1e175380,
0x0000016e1e1720e0, 0x0000016e1e172b00, 0x0000016e1e1762b0, 0x0000016e219515d0,
0x0000016e219557a0, 0x0000016e219506a0, 0x0000016e21950190, 0x0000016e219566d0,
0x0000016e21955290, 0x0000016e21954d80, 0x0000016e21954870, 0x0000016e21951ff0,
0x0000016e21952500, 0x0000016e21955cb0, 0x0000016e231f28c0, 0x0000016e21950bb0,
0x0000016e21953e50, 0x0000016e1e170790, 0x0000016e1d253810, 0x0000016e1d254740,
0x0000016e1d2528e0, 0x0000016e1d255670, 0x0000016e1d251ec0, 0x0000016e1d254c50,
0x0000016e1d24f130, 0x0000016e1d252df0, 0x0000016e1d253300, 0x0000016e1d256ab0,
0x0000016e1d24f640, 0x0000016e1d2565a0, 0x0000016e1d255160, 0x0000016e1d24fb50,
0x0000016e1d2523d0, 0x0000016e1d2514a0, 0x0000016e1d250a80, 0x0000016e1d255b80,
0x0000016e1d250060, 0x0000016e1d256090, 0x0000016e1d2519b0, 0x0000016e231eee50,
0x0000016e231381c0, 0x0000016e23137290, 0x0000016e23133ae0, 0x0000016e2313a020,
0x0000016e23139b10, 0x0000016e23134f20, 0x0000016e23135940
}

Java Threads: ( => current thread )
  0x0000016e7c5de600 JavaThread "main" [_thread_blocked, id=8388, stack(0x00000053a0200000,0x00000053a0300000)]
  0x0000016e1858ced0 JavaThread "Reference Handler" daemon [_thread_blocked, id=7404, stack(0x00000053a0900000,0x00000053a0a00000)]
  0x0000016e1858dee0 JavaThread "Finalizer" daemon [_thread_blocked, id=9044, stack(0x00000053a0a00000,0x00000053a0b00000)]
  0x0000016e185d36a0 JavaThread "Signal Dispatcher" daemon [_thread_blocked, id=6056, stack(0x00000053a0b00000,0x00000053a0c00000)]
  0x0000016e185d6080 JavaThread "Attach Listener" daemon [_thread_blocked, id=2928, stack(0x00000053a0c00000,0x00000053a0d00000)]
  0x0000016e185d7170 JavaThread "Service Thread" daemon [_thread_blocked, id=7028, stack(0x00000053a0d00000,0x00000053a0e00000)]
  0x0000016e185db750 JavaThread "Monitor Deflation Thread" daemon [_thread_blocked, id=3568, stack(0x00000053a0e00000,0x00000053a0f00000)]
  0x0000016e185e0550 JavaThread "C2 CompilerThread0" daemon [_thread_blocked, id=8936, stack(0x00000053a0f00000,0x00000053a1000000)]
  0x0000016e185e8f20 JavaThread "C1 CompilerThread0" daemon [_thread_blocked, id=4592, stack(0x00000053a1000000,0x00000053a1100000)]
  0x0000016e185fe030 JavaThread "Sweeper thread" daemon [_thread_blocked, id=5064, stack(0x00000053a1100000,0x00000053a1200000)]
  0x0000016e185da310 JavaThread "Common-Cleaner" daemon [_thread_blocked, id=2584, stack(0x00000053a1200000,0x00000053a1300000)]
  0x0000016e185dbc60 JavaThread "Notification Thread" daemon [_thread_blocked, id=5092, stack(0x00000053a1300000,0x00000053a1400000)]
  0x0000016e185da820 JavaThread "Daemon health stats" [_thread_blocked, id=5508, stack(0x00000053a1c00000,0x00000053a1d00000)]
  0x0000016e185d8ed0 JavaThread "Incoming local TCP Connector on port 50763" [_thread_in_native, id=1604, stack(0x00000053a1d00000,0x00000053a1e00000)]
  0x0000016e185d93e0 JavaThread "Daemon periodic checks" [_thread_blocked, id=8428, stack(0x00000053a1500000,0x00000053a1600000)]
  0x0000016e185d9e00 JavaThread "Daemon" [_thread_blocked, id=6316, stack(0x00000053a1600000,0x00000053a1700000)]
  0x0000016e185dad30 JavaThread "Handler for socket connection from /127.0.0.1:50763 to /127.0.0.1:50764" [_thread_in_native, id=8888, stack(0x00000053a1e00000,0x00000053a1f00000)]
  0x0000016e185d98f0 JavaThread "Cancel handler" [_thread_blocked, id=4412, stack(0x00000053a1f00000,0x00000053a2000000)]
  0x0000016e185db240 JavaThread "Daemon worker" [_thread_blocked, id=2140, stack(0x00000053a2000000,0x00000053a2100000)]
  0x0000016e185d84b0 JavaThread "Asynchronous log dispatcher for DefaultDaemonConnection: socket connection from /127.0.0.1:50763 to /127.0.0.1:50764" [_thread_blocked, id=7928, stack(0x00000053a2100000,0x00000053a2200000)]
  0x0000016e185d89c0 JavaThread "Stdin handler" [_thread_blocked, id=5488, stack(0x00000053a2200000,0x00000053a2300000)]
  0x0000016e1e16fd70 JavaThread "Daemon client event forwarder" [_thread_blocked, id=4496, stack(0x00000053a2300000,0x00000053a2400000)]
  0x0000016e1e170280 JavaThread "Cache worker for journal cache (C:\Users\Administrator\.gradle\caches\journal-1)" [_thread_blocked, id=6748, stack(0x00000053a2700000,0x00000053a2800000)]
  0x0000016e1e16f860 JavaThread "File lock request listener" [_thread_in_native, id=6244, stack(0x00000053a2800000,0x00000053a2900000)]
  0x0000016e1e173a30 JavaThread "Cache worker for file hash cache (C:\Users\Administrator\.gradle\caches\8.4\fileHashes)" [_thread_blocked, id=5188, stack(0x00000053a2900000,0x00000053a2a00000)]
  0x0000016e1e1711b0 JavaThread "File watcher server" daemon [_thread_blocked, id=9200, stack(0x00000053a2c00000,0x00000053a2d00000)]
  0x0000016e1e173f40 JavaThread "File watcher consumer" daemon [_thread_blocked, id=6164, stack(0x00000053a2d00000,0x00000053a2e00000)]
  0x0000016e1e174960 JavaThread "Cache worker for checksums cache (C:\Users\Administrator\StudioProjects\AndroidStudioMcdelivery\.gradle\8.4\checksums)" [_thread_blocked, id=6352, stack(0x00000053a2e00000,0x00000053a2f00000)]
  0x0000016e1e16e930 JavaThread "Cache worker for file hash cache (C:\Users\Administrator\StudioProjects\AndroidStudioMcdelivery\.gradle\8.4\fileHashes)" [_thread_blocked, id=2308, stack(0x00000053a2f00000,0x00000053a3000000)]
  0x0000016e1e1725f0 JavaThread "Cache worker for cache directory md-supplier (C:\Users\Administrator\.gradle\caches\8.4\md-supplier)" [_thread_blocked, id=2544, stack(0x00000053a3000000,0x00000053a3100000)]
  0x0000016e1e175da0 JavaThread "Cache worker for file content cache (C:\Users\Administrator\.gradle\caches\8.4\fileContent)" [_thread_blocked, id=400, stack(0x00000053a3100000,0x00000053a3200000)]
  0x0000016e1e173010 JavaThread "Cache worker for cache directory md-rule (C:\Users\Administrator\.gradle\caches\8.4\md-rule)" [_thread_blocked, id=6480, stack(0x00000053a2b00000,0x00000053a2c00000)]
  0x0000016e1e170ca0 JavaThread "Cache worker for execution history cache (C:\Users\Administrator\.gradle\caches\8.4\executionHistory)" [_thread_blocked, id=4152, stack(0x00000053a3200000,0x00000053a3300000)]
  0x0000016e1e1716c0 JavaThread "Cache worker for kotlin-dsl (C:\Users\Administrator\.gradle\caches\8.4\kotlin-dsl)" [_thread_blocked, id=8972, stack(0x00000053a3400000,0x00000053a3500000)]
  0x0000016e1e173520 JavaThread "jar transforms" [_thread_blocked, id=7408, stack(0x00000053a3500000,0x00000053a3600000)]
  0x0000016e1e16ee40 JavaThread "jar transforms Thread 2" [_thread_blocked, id=1148, stack(0x00000053a3600000,0x00000053a3700000)]
  0x0000016e1e174450 JavaThread "jar transforms Thread 3" [_thread_blocked, id=8260, stack(0x00000053a3300000,0x00000053a3400000)]
  0x0000016e1e174e70 JavaThread "jar transforms Thread 4" [_thread_blocked, id=5952, stack(0x00000053a3700000,0x00000053a3800000)]
  0x0000016e1e171bd0 JavaThread "Cache worker for dependencies-accessors (C:\Users\Administrator\StudioProjects\AndroidStudioMcdelivery\.gradle\8.4\dependencies-accessors)" [_thread_blocked, id=1584, stack(0x00000053a3900000,0x00000053a3a00000)]
  0x0000016e1e175380 JavaThread "Cache worker for Build Output Cleanup Cache (C:\Users\Administrator\StudioProjects\AndroidStudioMcdelivery\.gradle\buildOutputCleanup)" [_thread_blocked, id=4640, stack(0x00000053a3a00000,0x00000053a3b00000)]
  0x0000016e1e1720e0 JavaThread "jar transforms Thread 5" [_thread_blocked, id=6916, stack(0x00000053a3b00000,0x00000053a3c00000)]
  0x0000016e1e172b00 JavaThread "jar transforms Thread 6" [_thread_blocked, id=6372, stack(0x00000053a3c00000,0x00000053a3d00000)]
  0x0000016e1e1762b0 JavaThread "Unconstrained build operations" [_thread_blocked, id=6464, stack(0x00000053a3800000,0x00000053a3900000)]
  0x0000016e219515d0 JavaThread "Unconstrained build operations Thread 2" [_thread_blocked, id=5920, stack(0x00000053a3d00000,0x00000053a3e00000)]
  0x0000016e219557a0 JavaThread "Unconstrained build operations Thread 3" [_thread_blocked, id=8024, stack(0x00000053a3e00000,0x00000053a3f00000)]
  0x0000016e219506a0 JavaThread "Unconstrained build operations Thread 4" [_thread_blocked, id=8788, stack(0x00000053a3f00000,0x00000053a4000000)]
  0x0000016e21950190 JavaThread "Unconstrained build operations Thread 5" [_thread_blocked, id=1944, stack(0x00000053a4000000,0x00000053a4100000)]
  0x0000016e219566d0 JavaThread "Unconstrained build operations Thread 6" [_thread_blocked, id=3364, stack(0x00000053a4100000,0x00000053a4200000)]
  0x0000016e21955290 JavaThread "Unconstrained build operations Thread 7" [_thread_blocked, id=1700, stack(0x00000053a4200000,0x00000053a4300000)]
  0x0000016e21954d80 JavaThread "jar transforms Thread 7" [_thread_blocked, id=4076, stack(0x00000053a4300000,0x00000053a4400000)]
  0x0000016e21954870 JavaThread "jar transforms Thread 8" [_thread_blocked, id=2080, stack(0x00000053a4400000,0x00000053a4500000)]
  0x0000016e21951ff0 JavaThread "build event listener" [_thread_blocked, id=1768, stack(0x00000053a4700000,0x00000053a4800000)]
  0x0000016e21952500 JavaThread "Memory manager" [_thread_blocked, id=6100, stack(0x00000053a4800000,0x00000053a4900000)]
  0x0000016e21955cb0 JavaThread "build event listener" [_thread_blocked, id=5768, stack(0x00000053a4a00000,0x00000053a4b00000)]
  0x0000016e231f28c0 JavaThread "C2 CompilerThread1" daemon [_thread_blocked, id=6616, stack(0x00000053a2a00000,0x00000053a2b00000)]
  0x0000016e21950bb0 JavaThread "included builds" [_thread_blocked, id=2440, stack(0x00000053a4b00000,0x00000053a4c00000)]
  0x0000016e21953e50 JavaThread "Execution worker" [_thread_blocked, id=6348, stack(0x00000053a4c00000,0x00000053a4d00000)]
  0x0000016e1e170790 JavaThread "Execution worker Thread 2" [_thread_blocked, id=6828, stack(0x00000053a4d00000,0x00000053a4e00000)]
  0x0000016e1d253810 JavaThread "Execution worker Thread 3" [_thread_blocked, id=464, stack(0x00000053a4e00000,0x00000053a4f00000)]
  0x0000016e1d254740 JavaThread "Execution worker Thread 4" [_thread_blocked, id=4408, stack(0x00000053a4f00000,0x00000053a5000000)]
  0x0000016e1d2528e0 JavaThread "Execution worker Thread 5" [_thread_blocked, id=2120, stack(0x00000053a5000000,0x00000053a5100000)]
  0x0000016e1d255670 JavaThread "Execution worker Thread 6" [_thread_blocked, id=6600, stack(0x00000053a5100000,0x00000053a5200000)]
  0x0000016e1d251ec0 JavaThread "Execution worker Thread 7" [_thread_blocked, id=8864, stack(0x00000053a5200000,0x00000053a5300000)]
  0x0000016e1d254c50 JavaThread "Cache worker for execution history cache (C:\Users\Administrator\StudioProjects\AndroidStudioMcdelivery\.gradle\8.4\executionHistory)" [_thread_blocked, id=5260, stack(0x00000053a5300000,0x00000053a5400000)]
  0x0000016e1d24f130 JavaThread "Unconstrained build operations Thread 8" [_thread_blocked, id=5364, stack(0x00000053a5400000,0x00000053a5500000)]
  0x0000016e1d252df0 JavaThread "Unconstrained build operations Thread 9" [_thread_blocked, id=5168, stack(0x00000053a5500000,0x00000053a5600000)]
  0x0000016e1d253300 JavaThread "Unconstrained build operations Thread 10" [_thread_blocked, id=6088, stack(0x00000053a5600000,0x00000053a5700000)]
  0x0000016e1d256ab0 JavaThread "Unconstrained build operations Thread 11" [_thread_blocked, id=6208, stack(0x00000053a5700000,0x00000053a5800000)]
  0x0000016e1d24f640 JavaThread "Unconstrained build operations Thread 12" [_thread_blocked, id=1560, stack(0x00000053a5800000,0x00000053a5900000)]
  0x0000016e1d2565a0 JavaThread "Unconstrained build operations Thread 13" [_thread_blocked, id=6388, stack(0x00000053a5900000,0x00000053a5a00000)]
  0x0000016e1d255160 JavaThread "Unconstrained build operations Thread 14" [_thread_blocked, id=7960, stack(0x00000053a5a00000,0x00000053a5b00000)]
  0x0000016e1d24fb50 JavaThread "WorkerExecutor Queue" [_thread_blocked, id=1844, stack(0x00000053a5b00000,0x00000053a5c00000)]
  0x0000016e1d2523d0 JavaThread "Unconstrained build operations Thread 15" [_thread_blocked, id=3392, stack(0x00000053a5c00000,0x00000053a5d00000)]
  0x0000016e1d2514a0 JavaThread "Unconstrained build operations Thread 16" [_thread_blocked, id=3564, stack(0x00000053a5d00000,0x00000053a5e00000)]
  0x0000016e1d250a80 JavaThread "Unconstrained build operations Thread 17" [_thread_blocked, id=8576, stack(0x00000053a5e00000,0x00000053a5f00000)]
  0x0000016e1d255b80 JavaThread "Unconstrained build operations Thread 18" [_thread_blocked, id=3484, stack(0x00000053a5f00000,0x00000053a6000000)]
  0x0000016e1d250060 JavaThread "Unconstrained build operations Thread 19" [_thread_blocked, id=5824, stack(0x00000053a6000000,0x00000053a6100000)]
  0x0000016e1d256090 JavaThread "Unconstrained build operations Thread 20" [_thread_blocked, id=8376, stack(0x00000053a6100000,0x00000053a6200000)]
  0x0000016e1d2519b0 JavaThread "Unconstrained build operations Thread 21" [_thread_blocked, id=4032, stack(0x00000053a6200000,0x00000053a6300000)]
  0x0000016e231eee50 JavaThread "C2 CompilerThread2" daemon [_thread_blocked, id=8536, stack(0x00000053a4900000,0x00000053a4a00000)]
  0x0000016e231381c0 JavaThread "WorkerExecutor Queue Thread 2" [_thread_blocked, id=6964, stack(0x00000053a6300000,0x00000053a6400000)]
  0x0000016e23137290 JavaThread "WorkerExecutor Queue Thread 3" [_thread_blocked, id=3288, stack(0x00000053a6400000,0x00000053a6500000)]
  0x0000016e23133ae0 JavaThread "WorkerExecutor Queue Thread 4" [_thread_blocked, id=3560, stack(0x00000053a6500000,0x00000053a6600000)]
  0x0000016e2313a020 JavaThread "WorkerExecutor Queue Thread 5" [_thread_blocked, id=2028, stack(0x00000053a6600000,0x00000053a6700000)]
  0x0000016e23139b10 JavaThread "WorkerExecutor Queue Thread 6" [_thread_blocked, id=3764, stack(0x00000053a6700000,0x00000053a6800000)]
  0x0000016e23134f20 JavaThread "WorkerExecutor Queue Thread 7" [_thread_blocked, id=5048, stack(0x00000053a6800000,0x00000053a6900000)]
  0x0000016e23135940 JavaThread "WorkerExecutor Queue Thread 8" [_thread_blocked, id=4272, stack(0x00000053a6900000,0x00000053a6a00000)]

Other Threads:
=>0x0000016e7ffdeb00 VMThread "VM Thread" [stack: 0x00000053a0800000,0x00000053a0900000] [id=6132]
  0x0000016e7c5df4d0 WatcherThread [stack: 0x00000053a1400000,0x00000053a1500000] [id=8552]
  0x0000016e7c63b1d0 GCTaskThread "GC Thread#0" [stack: 0x00000053a0300000,0x00000053a0400000] [id=5500]
  0x0000016e1d457da0 GCTaskThread "GC Thread#1" [stack: 0x00000053a1700000,0x00000053a1800000] [id=8724]
  0x0000016e1e0bb690 GCTaskThread "GC Thread#2" [stack: 0x00000053a1800000,0x00000053a1900000] [id=9036]
  0x0000016e1e0bb950 GCTaskThread "GC Thread#3" [stack: 0x00000053a1900000,0x00000053a1a00000] [id=4380]
  0x0000016e1d82d4f0 GCTaskThread "GC Thread#4" [stack: 0x00000053a1a00000,0x00000053a1b00000] [id=704]
  0x0000016e1dade3f0 GCTaskThread "GC Thread#5" [stack: 0x00000053a1b00000,0x00000053a1c00000] [id=2172]
  0x0000016e1f5c7400 GCTaskThread "GC Thread#6" [stack: 0x00000053a2400000,0x00000053a2500000] [id=9064]
  0x0000016e1ec7d2c0 GCTaskThread "GC Thread#7" [stack: 0x00000053a2500000,0x00000053a2600000] [id=5536]
  0x0000016e7c64c030 ConcurrentGCThread "G1 Main Marker" [stack: 0x00000053a0400000,0x00000053a0500000] [id=1624]
  0x0000016e7c64d100 ConcurrentGCThread "G1 Conc#0" [stack: 0x00000053a0500000,0x00000053a0600000] [id=5668]
  0x0000016e1edf35e0 ConcurrentGCThread "G1 Conc#1" [stack: 0x00000053a2600000,0x00000053a2700000] [id=3284]
  0x0000016e7c69ecd0 ConcurrentGCThread "G1 Refine#0" [stack: 0x00000053a0600000,0x00000053a0700000] [id=2052]
  0x0000016e1d1d5eb0 ConcurrentGCThread "G1 Refine#1" [stack: 0x00000053a4500000,0x00000053a4600000] [id=7664]
  0x0000016e1d1d58d0 ConcurrentGCThread "G1 Refine#2" [stack: 0x00000053a4600000,0x00000053a4700000] [id=4728]
  0x0000016e7fe8bc10 ConcurrentGCThread "G1 Service" [stack: 0x00000053a0700000,0x00000053a0800000] [id=584]

Threads with active compile tasks:
C2 CompilerThread0    30931 13205       4       com.android.aaptcompiler.ResourceUtilsKt::parseXmlAttributeName (191 bytes)
C1 CompilerThread0    30931 13255       2       com.google.protobuf.CodedOutputStream$OutputStreamEncoder::writeMessageNoTag (18 bytes)
C2 CompilerThread1    30931 13275 %     4       com.sun.org.apache.xerces.internal.impl.io.UTF8Reader::read @ 150 (1443 bytes)
C2 CompilerThread2    30931 12682   !   4       java.io.ObjectInputStream::readSerialData (549 bytes)

VM state: at safepoint (normal execution)

VM Mutex/Monitor currently owned by a thread:  ([mutex/lock_event])
[0x0000016e7c5dabe0] Threads_lock - owner thread: 0x0000016e7ffdeb00
[0x0000016e7c5d9290] Heap_lock - owner thread: 0x0000016e1d24fb50

Heap address: 0x0000000080000000, size: 2048 MB, Compressed Oops mode: 32-bit

CDS archive(s) not mapped
Compressed class space mapped at: 0x0000000100000000-0x0000000140000000, reserved size: 1073741824
Narrow klass base: 0x0000000000000000, Narrow klass shift: 3, Narrow klass range: 0x140000000

GC Precious Log:
 CPUs: 8 total, 8 available
 Memory: 16263M
 Large Page Support: Disabled
 NUMA Support: Disabled
 Compressed Oops: Enabled (32-bit)
 Heap Region Size: 1M
 Heap Min Capacity: 8M
 Heap Initial Capacity: 256M
 Heap Max Capacity: 2G
 Pre-touch: Disabled
 Parallel Workers: 8
 Concurrent Workers: 2
 Concurrent Refinement Workers: 8
 Periodic GC: Disabled

Heap:
 garbage-first heap   total 262144K, used 140148K [0x0000000080000000, 0x0000000100000000)
  region size 1024K, 5 young (5120K), 5 survivors (5120K)
 Metaspace       used 108051K, committed 108864K, reserved 1179648K
  class space    used 14777K, committed 15168K, reserved 1048576K

Heap Regions: E=young(eden), S=young(survivor), O=old, HS=humongous(starts), HC=humongous(continues), CS=collection set, F=free, OA=open archive, CA=closed archive, TAMS=top-at-mark-start (previous, next)
|   0|0x0000000080000000, 0x0000000080100000, 0x0000000080100000|100%|HS|  |TAMS 0x0000000080100000, 0x0000000080000000| Complete 
|   1|0x0000000080100000, 0x0000000080200000, 0x0000000080200000|100%|HC|  |TAMS 0x0000000080200000, 0x0000000080100000| Complete 
|   2|0x0000000080200000, 0x0000000080300000, 0x0000000080300000|100%|HC|  |TAMS 0x0000000080300000, 0x0000000080200000| Complete 
|   3|0x0000000080300000, 0x0000000080400000, 0x0000000080400000|100%|HC|  |TAMS 0x0000000080400000, 0x0000000080300000| Complete 
|   4|0x0000000080400000, 0x0000000080500000, 0x0000000080500000|100%| O|  |TAMS 0x0000000080500000, 0x0000000080400000| Untracked 
|   5|0x0000000080500000, 0x0000000080600000, 0x0000000080600000|100%| O|  |TAMS 0x0000000080600000, 0x0000000080500000| Untracked 
|   6|0x0000000080600000, 0x0000000080700000, 0x0000000080700000|100%| O|  |TAMS 0x0000000080700000, 0x0000000080600000| Untracked 
|   7|0x0000000080700000, 0x0000000080800000, 0x0000000080800000|100%| O|  |TAMS 0x0000000080800000, 0x0000000080700000| Untracked 
|   8|0x0000000080800000, 0x0000000080900000, 0x0000000080900000|100%| O|  |TAMS 0x0000000080900000, 0x0000000080800000| Untracked 
|   9|0x0000000080900000, 0x0000000080a00000, 0x0000000080a00000|100%| O|  |TAMS 0x0000000080a00000, 0x0000000080900000| Untracked 
|  10|0x0000000080a00000, 0x0000000080b00000, 0x0000000080b00000|100%| O|  |TAMS 0x0000000080b00000, 0x0000000080a00000| Untracked 
|  11|0x0000000080b00000, 0x0000000080c00000, 0x0000000080c00000|100%| O|  |TAMS 0x0000000080c00000, 0x0000000080b00000| Untracked 
|  12|0x0000000080c00000, 0x0000000080d00000, 0x0000000080d00000|100%| O|  |TAMS 0x0000000080d00000, 0x0000000080c00000| Untracked 
|  13|0x0000000080d00000, 0x0000000080e00000, 0x0000000080e00000|100%| O|  |TAMS 0x0000000080e00000, 0x0000000080d00000| Untracked 
|  14|0x0000000080e00000, 0x0000000080f00000, 0x0000000080f00000|100%| O|  |TAMS 0x0000000080f00000, 0x0000000080e00000| Untracked 
|  15|0x0000000080f00000, 0x0000000081000000, 0x0000000081000000|100%| O|  |TAMS 0x0000000081000000, 0x0000000080f00000| Untracked 
|  16|0x0000000081000000, 0x0000000081100000, 0x0000000081100000|100%| O|  |TAMS 0x0000000081100000, 0x0000000081000000| Untracked 
|  17|0x0000000081100000, 0x0000000081200000, 0x0000000081200000|100%| O|  |TAMS 0x0000000081200000, 0x0000000081100000| Untracked 
|  18|0x0000000081200000, 0x0000000081300000, 0x0000000081300000|100%| O|  |TAMS 0x0000000081300000, 0x0000000081200000| Untracked 
|  19|0x0000000081300000, 0x0000000081400000, 0x0000000081400000|100%| O|  |TAMS 0x0000000081400000, 0x0000000081300000| Untracked 
|  20|0x0000000081400000, 0x0000000081500000, 0x0000000081500000|100%|HS|  |TAMS 0x0000000081500000, 0x0000000081400000| Complete 
|  21|0x0000000081500000, 0x0000000081600000, 0x0000000081600000|100%| O|  |TAMS 0x0000000081600000, 0x0000000081500000| Untracked 
|  22|0x0000000081600000, 0x0000000081700000, 0x0000000081700000|100%| O|  |TAMS 0x0000000081700000, 0x0000000081600000| Untracked 
|  23|0x0000000081700000, 0x0000000081800000, 0x0000000081800000|100%| O|  |TAMS 0x0000000081800000, 0x0000000081700000| Untracked 
|  24|0x0000000081800000, 0x0000000081900000, 0x0000000081900000|100%| O|  |TAMS 0x0000000081900000, 0x0000000081800000| Untracked 
|  25|0x0000000081900000, 0x0000000081a00000, 0x0000000081a00000|100%| O|  |TAMS 0x0000000081a00000, 0x0000000081900000| Untracked 
|  26|0x0000000081a00000, 0x0000000081b00000, 0x0000000081b00000|100%| O|  |TAMS 0x0000000081b00000, 0x0000000081a00000| Untracked 
|  27|0x0000000081b00000, 0x0000000081c00000, 0x0000000081c00000|100%| O|  |TAMS 0x0000000081c00000, 0x0000000081b00000| Untracked 
|  28|0x0000000081c00000, 0x0000000081d00000, 0x0000000081d00000|100%|HS|  |TAMS 0x0000000081d00000, 0x0000000081c00000| Complete 
|  29|0x0000000081d00000, 0x0000000081e00000, 0x0000000081e00000|100%|HS|  |TAMS 0x0000000081e00000, 0x0000000081d00000| Complete 
|  30|0x0000000081e00000, 0x0000000081f00000, 0x0000000081f00000|100%|HC|  |TAMS 0x0000000081f00000, 0x0000000081e00000| Complete 
|  31|0x0000000081f00000, 0x0000000082000000, 0x0000000082000000|100%|HS|  |TAMS 0x0000000082000000, 0x0000000081f00000| Complete 
|  32|0x0000000082000000, 0x0000000082100000, 0x0000000082100000|100%|HC|  |TAMS 0x0000000082100000, 0x0000000082000000| Complete 
|  33|0x0000000082100000, 0x0000000082200000, 0x0000000082200000|100%|HS|  |TAMS 0x0000000082200000, 0x0000000082100000| Complete 
|  34|0x0000000082200000, 0x0000000082300000, 0x0000000082300000|100%|HS|  |TAMS 0x0000000082300000, 0x0000000082200000| Complete 
|  35|0x0000000082300000, 0x0000000082400000, 0x0000000082400000|100%|HC|  |TAMS 0x0000000082400000, 0x0000000082300000| Complete 
|  36|0x0000000082400000, 0x0000000082500000, 0x0000000082500000|100%|HC|  |TAMS 0x0000000082500000, 0x0000000082400000| Complete 
|  37|0x0000000082500000, 0x0000000082600000, 0x0000000082600000|100%|HC|  |TAMS 0x0000000082600000, 0x0000000082500000| Complete 
|  38|0x0000000082600000, 0x0000000082700000, 0x0000000082700000|100%| O|  |TAMS 0x0000000082700000, 0x0000000082600000| Untracked 
|  39|0x0000000082700000, 0x0000000082800000, 0x0000000082800000|100%|HS|  |TAMS 0x0000000082800000, 0x0000000082700000| Complete 
|  40|0x0000000082800000, 0x0000000082900000, 0x0000000082900000|100%|HS|  |TAMS 0x0000000082900000, 0x0000000082800000| Complete 
|  41|0x0000000082900000, 0x0000000082a00000, 0x0000000082a00000|100%| O|  |TAMS 0x0000000082a00000, 0x0000000082900000| Untracked 
|  42|0x0000000082a00000, 0x0000000082b00000, 0x0000000082b00000|100%| O|  |TAMS 0x0000000082b00000, 0x0000000082a00000| Untracked 
|  43|0x0000000082b00000, 0x0000000082c00000, 0x0000000082c00000|100%| O|  |TAMS 0x0000000082c00000, 0x0000000082b00000| Untracked 
|  44|0x0000000082c00000, 0x0000000082d00000, 0x0000000082d00000|100%| O|  |TAMS 0x0000000082d00000, 0x0000000082c00000| Untracked 
|  45|0x0000000082d00000, 0x0000000082e00000, 0x0000000082e00000|100%| O|  |TAMS 0x0000000082e00000, 0x0000000082d00000| Untracked 
|  46|0x0000000082e00000, 0x0000000082f00000, 0x0000000082f00000|100%| O|  |TAMS 0x0000000082f00000, 0x0000000082e00000| Untracked 
|  47|0x0000000082f00000, 0x0000000083000000, 0x0000000083000000|100%| O|  |TAMS 0x0000000083000000, 0x0000000082f00000| Untracked 
|  48|0x0000000083000000, 0x0000000083100000, 0x0000000083100000|100%| O|  |TAMS 0x0000000083100000, 0x0000000083000000| Untracked 
|  49|0x0000000083100000, 0x0000000083200000, 0x0000000083200000|100%| O|  |TAMS 0x0000000083200000, 0x0000000083100000| Untracked 
|  50|0x0000000083200000, 0x0000000083300000, 0x0000000083300000|100%| O|  |TAMS 0x0000000083300000, 0x0000000083200000| Untracked 
|  51|0x0000000083300000, 0x0000000083400000, 0x0000000083400000|100%| O|  |TAMS 0x0000000083300000, 0x0000000083300000| Untracked 
|  52|0x0000000083400000, 0x0000000083500000, 0x0000000083500000|100%| O|  |TAMS 0x0000000083500000, 0x0000000083400000| Untracked 
|  53|0x0000000083500000, 0x0000000083600000, 0x0000000083600000|100%| O|  |TAMS 0x0000000083600000, 0x0000000083500000| Untracked 
|  54|0x0000000083600000, 0x0000000083700000, 0x0000000083700000|100%| O|  |TAMS 0x0000000083700000, 0x0000000083600000| Untracked 
|  55|0x0000000083700000, 0x0000000083800000, 0x0000000083800000|100%| O|  |TAMS 0x0000000083800000, 0x0000000083700000| Untracked 
|  56|0x0000000083800000, 0x0000000083900000, 0x0000000083900000|100%| O|  |TAMS 0x0000000083900000, 0x0000000083800000| Untracked 
|  57|0x0000000083900000, 0x0000000083a00000, 0x0000000083a00000|100%| O|  |TAMS 0x0000000083a00000, 0x0000000083900000| Untracked 
|  58|0x0000000083a00000, 0x0000000083b00000, 0x0000000083b00000|100%| O|  |TAMS 0x0000000083b00000, 0x0000000083a00000| Untracked 
|  59|0x0000000083b00000, 0x0000000083c00000, 0x0000000083c00000|100%| O|  |TAMS 0x0000000083c00000, 0x0000000083b00000| Untracked 
|  60|0x0000000083c00000, 0x0000000083d00000, 0x0000000083d00000|100%|HS|  |TAMS 0x0000000083d00000, 0x0000000083c00000| Complete 
|  61|0x0000000083d00000, 0x0000000083e00000, 0x0000000083e00000|100%|HC|  |TAMS 0x0000000083e00000, 0x0000000083d00000| Complete 
|  62|0x0000000083e00000, 0x0000000083f00000, 0x0000000083f00000|100%|HC|  |TAMS 0x0000000083f00000, 0x0000000083e00000| Complete 
|  63|0x0000000083f00000, 0x0000000084000000, 0x0000000084000000|100%|HC|  |TAMS 0x0000000084000000, 0x0000000083f00000| Complete 
|  64|0x0000000084000000, 0x0000000084100000, 0x0000000084100000|100%| O|  |TAMS 0x0000000084100000, 0x0000000084000000| Untracked 
|  65|0x0000000084100000, 0x0000000084200000, 0x0000000084200000|100%| O|  |TAMS 0x0000000084200000, 0x0000000084100000| Untracked 
|  66|0x0000000084200000, 0x0000000084300000, 0x0000000084300000|100%| O|  |TAMS 0x0000000084300000, 0x0000000084200000| Untracked 
|  67|0x0000000084300000, 0x0000000084400000, 0x0000000084400000|100%| O|  |TAMS 0x0000000084300000, 0x0000000084300000| Untracked 
|  68|0x0000000084400000, 0x0000000084500000, 0x0000000084500000|100%| O|  |TAMS 0x0000000084500000, 0x0000000084400000| Untracked 
|  69|0x0000000084500000, 0x0000000084600000, 0x0000000084600000|100%| O|  |TAMS 0x0000000084600000, 0x0000000084500000| Untracked 
|  70|0x0000000084600000, 0x0000000084700000, 0x0000000084700000|100%| O|  |TAMS 0x0000000084700000, 0x0000000084600000| Untracked 
|  71|0x0000000084700000, 0x0000000084800000, 0x0000000084800000|100%| O|  |TAMS 0x0000000084800000, 0x0000000084700000| Untracked 
|  72|0x0000000084800000, 0x0000000084900000, 0x0000000084900000|100%| O|  |TAMS 0x0000000084900000, 0x0000000084800000| Untracked 
|  73|0x0000000084900000, 0x0000000084a00000, 0x0000000084a00000|100%| O|  |TAMS 0x0000000084a00000, 0x0000000084900000| Untracked 
|  74|0x0000000084a00000, 0x0000000084b00000, 0x0000000084b00000|100%| O|  |TAMS 0x0000000084b00000, 0x0000000084a00000| Untracked 
|  75|0x0000000084b00000, 0x0000000084c00000, 0x0000000084c00000|100%| O|  |TAMS 0x0000000084c00000, 0x0000000084b00000| Untracked 
|  76|0x0000000084c00000, 0x0000000084d00000, 0x0000000084d00000|100%| O|  |TAMS 0x0000000084d00000, 0x0000000084c00000| Untracked 
|  77|0x0000000084d00000, 0x0000000084e00000, 0x0000000084e00000|100%| O|  |TAMS 0x0000000084e00000, 0x0000000084d00000| Untracked 
|  78|0x0000000084e00000, 0x0000000084f00000, 0x0000000084f00000|100%| O|  |TAMS 0x0000000084f00000, 0x0000000084e00000| Untracked 
|  79|0x0000000084f00000, 0x0000000085000000, 0x0000000085000000|100%| O|  |TAMS 0x0000000085000000, 0x0000000084f00000| Untracked 
|  80|0x0000000085000000, 0x0000000085100000, 0x0000000085100000|100%| O|  |TAMS 0x0000000085100000, 0x0000000085000000| Untracked 
|  81|0x0000000085100000, 0x0000000085200000, 0x0000000085200000|100%| O|  |TAMS 0x0000000085200000, 0x0000000085100000| Untracked 
|  82|0x0000000085200000, 0x0000000085300000, 0x0000000085300000|100%| O|  |TAMS 0x0000000085300000, 0x0000000085200000| Untracked 
|  83|0x0000000085300000, 0x0000000085400000, 0x0000000085400000|100%| O|  |TAMS 0x0000000085400000, 0x0000000085300000| Untracked 
|  84|0x0000000085400000, 0x0000000085500000, 0x0000000085500000|100%| O|  |TAMS 0x0000000085500000, 0x0000000085400000| Untracked 
|  85|0x0000000085500000, 0x0000000085600000, 0x0000000085600000|100%| O|  |TAMS 0x0000000085600000, 0x0000000085500000| Untracked 
|  86|0x0000000085600000, 0x0000000085700000, 0x0000000085700000|100%| O|  |TAMS 0x0000000085700000, 0x0000000085600000| Untracked 
|  87|0x0000000085700000, 0x0000000085800000, 0x0000000085800000|100%| O|  |TAMS 0x0000000085800000, 0x0000000085700000| Untracked 
|  88|0x0000000085800000, 0x0000000085900000, 0x0000000085900000|100%| O|  |TAMS 0x0000000085900000, 0x0000000085800000| Untracked 
|  89|0x0000000085900000, 0x0000000085a00000, 0x0000000085a00000|100%| O|  |TAMS 0x0000000085a00000, 0x0000000085900000| Untracked 
|  90|0x0000000085a00000, 0x0000000085b00000, 0x0000000085b00000|100%| O|  |TAMS 0x0000000085b00000, 0x0000000085a00000| Untracked 
|  91|0x0000000085b00000, 0x0000000085c00000, 0x0000000085c00000|100%| O|  |TAMS 0x0000000085c00000, 0x0000000085b00000| Untracked 
|  92|0x0000000085c00000, 0x0000000085d00000, 0x0000000085d00000|100%| O|  |TAMS 0x0000000085d00000, 0x0000000085c00000| Untracked 
|  93|0x0000000085d00000, 0x0000000085e00000, 0x0000000085e00000|100%| O|  |TAMS 0x0000000085e00000, 0x0000000085d00000| Untracked 
|  94|0x0000000085e00000, 0x0000000085f00000, 0x0000000085f00000|100%| O|  |TAMS 0x0000000085f00000, 0x0000000085e00000| Untracked 
|  95|0x0000000085f00000, 0x0000000086000000, 0x0000000086000000|100%| O|  |TAMS 0x0000000086000000, 0x0000000085f00000| Untracked 
|  96|0x0000000086000000, 0x0000000086100000, 0x0000000086100000|100%| O|  |TAMS 0x0000000086100000, 0x0000000086000000| Untracked 
|  97|0x0000000086100000, 0x0000000086200000, 0x0000000086200000|100%| O|  |TAMS 0x0000000086200000, 0x0000000086100000| Untracked 
|  98|0x0000000086200000, 0x0000000086300000, 0x0000000086300000|100%| O|  |TAMS 0x00000000862fc800, 0x0000000086200000| Untracked 
|  99|0x0000000086300000, 0x0000000086400000, 0x0000000086400000|100%| O|  |TAMS 0x0000000086300000, 0x0000000086300000| Untracked 
| 100|0x0000000086400000, 0x0000000086500000, 0x0000000086500000|100%| O|  |TAMS 0x0000000086400000, 0x0000000086400000| Untracked 
| 101|0x0000000086500000, 0x0000000086600000, 0x0000000086600000|100%| O|  |TAMS 0x0000000086500000, 0x0000000086500000| Untracked 
| 102|0x0000000086600000, 0x0000000086700000, 0x0000000086700000|100%| O|  |TAMS 0x0000000086600000, 0x0000000086600000| Untracked 
| 103|0x0000000086700000, 0x0000000086800000, 0x0000000086800000|100%| O|  |TAMS 0x0000000086700000, 0x0000000086700000| Untracked 
| 104|0x0000000086800000, 0x0000000086900000, 0x0000000086900000|100%| O|  |TAMS 0x0000000086800000, 0x0000000086800000| Untracked 
| 105|0x0000000086900000, 0x0000000086a00000, 0x0000000086a00000|100%|HS|  |TAMS 0x0000000086a00000, 0x0000000086900000| Complete 
| 106|0x0000000086a00000, 0x0000000086b00000, 0x0000000086b00000|100%|HC|  |TAMS 0x0000000086b00000, 0x0000000086a00000| Complete 
| 107|0x0000000086b00000, 0x0000000086c00000, 0x0000000086c00000|100%| O|  |TAMS 0x0000000086b00000, 0x0000000086b00000| Untracked 
| 108|0x0000000086c00000, 0x0000000086d00000, 0x0000000086d00000|100%| O|  |TAMS 0x0000000086c00000, 0x0000000086c00000| Untracked 
| 109|0x0000000086d00000, 0x0000000086e00000, 0x0000000086e00000|100%| O|  |TAMS 0x0000000086d00000, 0x0000000086d00000| Untracked 
| 110|0x0000000086e00000, 0x0000000086f00000, 0x0000000086f00000|100%| O|  |TAMS 0x0000000086e00000, 0x0000000086e00000| Untracked 
| 111|0x0000000086f00000, 0x0000000087000000, 0x0000000087000000|100%| O|  |TAMS 0x0000000086f00000, 0x0000000086f00000| Untracked 
| 112|0x0000000087000000, 0x0000000087100000, 0x0000000087100000|100%| O|  |TAMS 0x0000000087000000, 0x0000000087000000| Untracked 
| 113|0x0000000087100000, 0x0000000087200000, 0x0000000087200000|100%| O|  |TAMS 0x0000000087100000, 0x0000000087100000| Untracked 
| 114|0x0000000087200000, 0x0000000087300000, 0x0000000087300000|100%| O|  |TAMS 0x0000000087200000, 0x0000000087200000| Untracked 
| 115|0x0000000087300000, 0x0000000087400000, 0x0000000087400000|100%| O|  |TAMS 0x0000000087300000, 0x0000000087300000| Untracked 
| 116|0x0000000087400000, 0x0000000087500000, 0x0000000087500000|100%| O|  |TAMS 0x0000000087400000, 0x0000000087400000| Untracked 
| 117|0x0000000087500000, 0x0000000087600000, 0x0000000087600000|100%| O|  |TAMS 0x0000000087500000, 0x0000000087500000| Untracked 
| 118|0x0000000087600000, 0x0000000087700000, 0x0000000087700000|100%| O|  |TAMS 0x0000000087600000, 0x0000000087600000| Untracked 
| 119|0x0000000087700000, 0x0000000087800000, 0x0000000087800000|100%| O|  |TAMS 0x0000000087700000, 0x0000000087700000| Untracked 
| 120|0x0000000087800000, 0x0000000087900000, 0x0000000087900000|100%| O|  |TAMS 0x0000000087800000, 0x0000000087800000| Untracked 
| 121|0x0000000087900000, 0x0000000087a00000, 0x0000000087a00000|100%| O|  |TAMS 0x0000000087900000, 0x0000000087900000| Untracked 
| 122|0x0000000087a00000, 0x0000000087b00000, 0x0000000087b00000|100%| O|  |TAMS 0x0000000087a00000, 0x0000000087a00000| Untracked 
| 123|0x0000000087b00000, 0x0000000087c00000, 0x0000000087c00000|100%| O|  |TAMS 0x0000000087b00000, 0x0000000087b00000| Untracked 
| 124|0x0000000087c00000, 0x0000000087d00000, 0x0000000087d00000|100%| O|  |TAMS 0x0000000087c00000, 0x0000000087c00000| Untracked 
| 125|0x0000000087d00000, 0x0000000087e00000, 0x0000000087e00000|100%| O|  |TAMS 0x0000000087d00000, 0x0000000087d00000| Untracked 
| 126|0x0000000087e00000, 0x0000000087f00000, 0x0000000087f00000|100%| O|  |TAMS 0x0000000087e00000, 0x0000000087e00000| Untracked 
| 127|0x0000000087f00000, 0x0000000087f17a00, 0x0000000088000000|  9%| O|  |TAMS 0x0000000087f00000, 0x0000000087f00000| Untracked 
| 128|0x0000000088000000, 0x0000000088000000, 0x0000000088100000|  0%| F|  |TAMS 0x0000000088000000, 0x0000000088000000| Untracked 
| 129|0x0000000088100000, 0x0000000088100000, 0x0000000088200000|  0%| F|  |TAMS 0x0000000088100000, 0x0000000088100000| Untracked 
| 130|0x0000000088200000, 0x0000000088300000, 0x0000000088300000|100%| O|  |TAMS 0x0000000088200000, 0x0000000088200000| Untracked 
| 131|0x0000000088300000, 0x0000000088400000, 0x0000000088400000|100%| O|  |TAMS 0x0000000088300000, 0x0000000088300000| Untracked 
| 132|0x0000000088400000, 0x0000000088500000, 0x0000000088500000|100%| O|  |TAMS 0x0000000088400000, 0x0000000088400000| Untracked 
| 133|0x0000000088500000, 0x0000000088600000, 0x0000000088600000|100%| O|  |TAMS 0x0000000088500000, 0x0000000088500000| Untracked 
| 134|0x0000000088600000, 0x0000000088700000, 0x0000000088700000|100%| O|  |TAMS 0x0000000088600000, 0x0000000088600000| Untracked 
| 135|0x0000000088700000, 0x0000000088700000, 0x0000000088800000|  0%| F|  |TAMS 0x0000000088700000, 0x0000000088700000| Untracked 
| 136|0x0000000088800000, 0x0000000088800000, 0x0000000088900000|  0%| F|  |TAMS 0x0000000088800000, 0x0000000088800000| Untracked 
| 137|0x0000000088900000, 0x0000000088900000, 0x0000000088a00000|  0%| F|  |TAMS 0x0000000088900000, 0x0000000088900000| Untracked 
| 138|0x0000000088a00000, 0x0000000088a00000, 0x0000000088b00000|  0%| F|  |TAMS 0x0000000088a00000, 0x0000000088a00000| Untracked 
| 139|0x0000000088b00000, 0x0000000088b00000, 0x0000000088c00000|  0%| F|  |TAMS 0x0000000088b00000, 0x0000000088b00000| Untracked 
| 140|0x0000000088c00000, 0x0000000088c00000, 0x0000000088d00000|  0%| F|  |TAMS 0x0000000088c00000, 0x0000000088c00000| Untracked 
| 141|0x0000000088d00000, 0x0000000088d00000, 0x0000000088e00000|  0%| F|  |TAMS 0x0000000088d00000, 0x0000000088d00000| Untracked 
| 142|0x0000000088e00000, 0x0000000088e00000, 0x0000000088f00000|  0%| F|  |TAMS 0x0000000088e00000, 0x0000000088e00000| Untracked 
| 143|0x0000000088f00000, 0x0000000088f00000, 0x0000000089000000|  0%| F|  |TAMS 0x0000000088f00000, 0x0000000088f00000| Untracked 
| 144|0x0000000089000000, 0x0000000089000000, 0x0000000089100000|  0%| F|  |TAMS 0x0000000089000000, 0x0000000089000000| Untracked 
| 145|0x0000000089100000, 0x0000000089100000, 0x0000000089200000|  0%| F|  |TAMS 0x0000000089100000, 0x0000000089100000| Untracked 
| 146|0x0000000089200000, 0x0000000089200000, 0x0000000089300000|  0%| F|  |TAMS 0x0000000089200000, 0x0000000089200000| Untracked 
| 147|0x0000000089300000, 0x0000000089300000, 0x0000000089400000|  0%| F|  |TAMS 0x0000000089300000, 0x0000000089300000| Untracked 
| 148|0x0000000089400000, 0x0000000089400000, 0x0000000089500000|  0%| F|  |TAMS 0x0000000089400000, 0x0000000089400000| Untracked 
| 149|0x0000000089500000, 0x0000000089500000, 0x0000000089600000|  0%| F|  |TAMS 0x0000000089500000, 0x0000000089500000| Untracked 
| 150|0x0000000089600000, 0x0000000089600000, 0x0000000089700000|  0%| F|  |TAMS 0x0000000089600000, 0x0000000089600000| Untracked 
| 151|0x0000000089700000, 0x0000000089700000, 0x0000000089800000|  0%| F|  |TAMS 0x0000000089700000, 0x0000000089700000| Untracked 
| 152|0x0000000089800000, 0x0000000089800000, 0x0000000089900000|  0%| F|  |TAMS 0x0000000089800000, 0x0000000089800000| Untracked 
| 153|0x0000000089900000, 0x0000000089900000, 0x0000000089a00000|  0%| F|  |TAMS 0x0000000089900000, 0x0000000089900000| Untracked 
| 154|0x0000000089a00000, 0x0000000089a00000, 0x0000000089b00000|  0%| F|  |TAMS 0x0000000089a00000, 0x0000000089a00000| Untracked 
| 155|0x0000000089b00000, 0x0000000089b00000, 0x0000000089c00000|  0%| F|  |TAMS 0x0000000089b00000, 0x0000000089b00000| Untracked 
| 156|0x0000000089c00000, 0x0000000089c00000, 0x0000000089d00000|  0%| F|  |TAMS 0x0000000089c00000, 0x0000000089c00000| Untracked 
| 157|0x0000000089d00000, 0x0000000089d00000, 0x0000000089e00000|  0%| F|  |TAMS 0x0000000089d00000, 0x0000000089d00000| Untracked 
| 158|0x0000000089e00000, 0x0000000089e00000, 0x0000000089f00000|  0%| F|  |TAMS 0x0000000089e00000, 0x0000000089e00000| Untracked 
| 159|0x0000000089f00000, 0x0000000089f00000, 0x000000008a000000|  0%| F|  |TAMS 0x0000000089f00000, 0x0000000089f00000| Untracked 
| 160|0x000000008a000000, 0x000000008a000000, 0x000000008a100000|  0%| F|  |TAMS 0x000000008a000000, 0x000000008a000000| Untracked 
| 161|0x000000008a100000, 0x000000008a100000, 0x000000008a200000|  0%| F|  |TAMS 0x000000008a100000, 0x000000008a100000| Untracked 
| 162|0x000000008a200000, 0x000000008a200000, 0x000000008a300000|  0%| F|  |TAMS 0x000000008a200000, 0x000000008a200000| Untracked 
| 163|0x000000008a300000, 0x000000008a300000, 0x000000008a400000|  0%| F|  |TAMS 0x000000008a300000, 0x000000008a300000| Untracked 
| 164|0x000000008a400000, 0x000000008a4c5640, 0x000000008a500000| 77%| S|CS|TAMS 0x000000008a400000, 0x000000008a400000| Complete 
| 165|0x000000008a500000, 0x000000008a600000, 0x000000008a600000|100%| S|CS|TAMS 0x000000008a500000, 0x000000008a500000| Complete 
| 166|0x000000008a600000, 0x000000008a600000, 0x000000008a700000|  0%| F|  |TAMS 0x000000008a600000, 0x000000008a600000| Untracked 
| 167|0x000000008a700000, 0x000000008a700000, 0x000000008a800000|  0%| F|  |TAMS 0x000000008a700000, 0x000000008a700000| Untracked 
| 168|0x000000008a800000, 0x000000008a900000, 0x000000008a900000|100%| S|CS|TAMS 0x000000008a800000, 0x000000008a800000| Complete 
| 169|0x000000008a900000, 0x000000008aa00000, 0x000000008aa00000|100%| S|CS|TAMS 0x000000008a900000, 0x000000008a900000| Complete 
| 170|0x000000008aa00000, 0x000000008ab00000, 0x000000008ab00000|100%| S|CS|TAMS 0x000000008aa00000, 0x000000008aa00000| Complete 
| 171|0x000000008ab00000, 0x000000008ab00000, 0x000000008ac00000|  0%| F|  |TAMS 0x000000008ab00000, 0x000000008ab00000| Untracked 
| 172|0x000000008ac00000, 0x000000008ac00000, 0x000000008ad00000|  0%| F|  |TAMS 0x000000008ac00000, 0x000000008ac00000| Untracked 
| 173|0x000000008ad00000, 0x000000008ad00000, 0x000000008ae00000|  0%| F|  |TAMS 0x000000008ad00000, 0x000000008ad00000| Untracked 
| 174|0x000000008ae00000, 0x000000008ae00000, 0x000000008af00000|  0%| F|  |TAMS 0x000000008ae00000, 0x000000008ae00000| Untracked 
| 175|0x000000008af00000, 0x000000008af00000, 0x000000008b000000|  0%| F|  |TAMS 0x000000008af00000, 0x000000008af00000| Untracked 
| 176|0x000000008b000000, 0x000000008b000000, 0x000000008b100000|  0%| F|  |TAMS 0x000000008b000000, 0x000000008b000000| Untracked 
| 177|0x000000008b100000, 0x000000008b100000, 0x000000008b200000|  0%| F|  |TAMS 0x000000008b100000, 0x000000008b100000| Untracked 
| 178|0x000000008b200000, 0x000000008b200000, 0x000000008b300000|  0%| F|  |TAMS 0x000000008b200000, 0x000000008b200000| Untracked 
| 179|0x000000008b300000, 0x000000008b300000, 0x000000008b400000|  0%| F|  |TAMS 0x000000008b300000, 0x000000008b300000| Untracked 
| 180|0x000000008b400000, 0x000000008b400000, 0x000000008b500000|  0%| F|  |TAMS 0x000000008b400000, 0x000000008b400000| Untracked 
| 181|0x000000008b500000, 0x000000008b500000, 0x000000008b600000|  0%| F|  |TAMS 0x000000008b500000, 0x000000008b500000| Untracked 
| 182|0x000000008b600000, 0x000000008b600000, 0x000000008b700000|  0%| F|  |TAMS 0x000000008b600000, 0x000000008b600000| Untracked 
| 183|0x000000008b700000, 0x000000008b700000, 0x000000008b800000|  0%| F|  |TAMS 0x000000008b700000, 0x000000008b700000| Untracked 
| 184|0x000000008b800000, 0x000000008b800000, 0x000000008b900000|  0%| F|  |TAMS 0x000000008b800000, 0x000000008b800000| Untracked 
| 185|0x000000008b900000, 0x000000008b900000, 0x000000008ba00000|  0%| F|  |TAMS 0x000000008b900000, 0x000000008b900000| Untracked 
| 186|0x000000008ba00000, 0x000000008ba00000, 0x000000008bb00000|  0%| F|  |TAMS 0x000000008ba00000, 0x000000008ba00000| Untracked 
| 187|0x000000008bb00000, 0x000000008bb00000, 0x000000008bc00000|  0%| F|  |TAMS 0x000000008bb00000, 0x000000008bb00000| Untracked 
| 188|0x000000008bc00000, 0x000000008bc00000, 0x000000008bd00000|  0%| F|  |TAMS 0x000000008bc00000, 0x000000008bc00000| Untracked 
| 189|0x000000008bd00000, 0x000000008bd00000, 0x000000008be00000|  0%| F|  |TAMS 0x000000008bd00000, 0x000000008bd00000| Untracked 
| 190|0x000000008be00000, 0x000000008be00000, 0x000000008bf00000|  0%| F|  |TAMS 0x000000008be00000, 0x000000008be00000| Untracked 
| 191|0x000000008bf00000, 0x000000008bf00000, 0x000000008c000000|  0%| F|  |TAMS 0x000000008bf00000, 0x000000008bf00000| Untracked 
| 192|0x000000008c000000, 0x000000008c000000, 0x000000008c100000|  0%| F|  |TAMS 0x000000008c000000, 0x000000008c000000| Untracked 
| 193|0x000000008c100000, 0x000000008c100000, 0x000000008c200000|  0%| F|  |TAMS 0x000000008c100000, 0x000000008c100000| Untracked 
| 194|0x000000008c200000, 0x000000008c200000, 0x000000008c300000|  0%| F|  |TAMS 0x000000008c200000, 0x000000008c200000| Untracked 
| 195|0x000000008c300000, 0x000000008c300000, 0x000000008c400000|  0%| F|  |TAMS 0x000000008c300000, 0x000000008c300000| Untracked 
| 196|0x000000008c400000, 0x000000008c400000, 0x000000008c500000|  0%| F|  |TAMS 0x000000008c400000, 0x000000008c400000| Untracked 
| 197|0x000000008c500000, 0x000000008c500000, 0x000000008c600000|  0%| F|  |TAMS 0x000000008c500000, 0x000000008c500000| Untracked 
| 198|0x000000008c600000, 0x000000008c600000, 0x000000008c700000|  0%| F|  |TAMS 0x000000008c600000, 0x000000008c600000| Untracked 
| 199|0x000000008c700000, 0x000000008c700000, 0x000000008c800000|  0%| F|  |TAMS 0x000000008c700000, 0x000000008c700000| Untracked 
| 200|0x000000008c800000, 0x000000008c800000, 0x000000008c900000|  0%| F|  |TAMS 0x000000008c800000, 0x000000008c800000| Untracked 
| 201|0x000000008c900000, 0x000000008c900000, 0x000000008ca00000|  0%| F|  |TAMS 0x000000008c900000, 0x000000008c900000| Untracked 
| 202|0x000000008ca00000, 0x000000008ca00000, 0x000000008cb00000|  0%| F|  |TAMS 0x000000008ca00000, 0x000000008ca00000| Untracked 
| 203|0x000000008cb00000, 0x000000008cb00000, 0x000000008cc00000|  0%| F|  |TAMS 0x000000008cb00000, 0x000000008cb00000| Untracked 
| 204|0x000000008cc00000, 0x000000008cc00000, 0x000000008cd00000|  0%| F|  |TAMS 0x000000008cc00000, 0x000000008cc00000| Untracked 
| 205|0x000000008cd00000, 0x000000008cd00000, 0x000000008ce00000|  0%| F|  |TAMS 0x000000008cd00000, 0x000000008cd00000| Untracked 
| 206|0x000000008ce00000, 0x000000008ce00000, 0x000000008cf00000|  0%| F|  |TAMS 0x000000008ce00000, 0x000000008ce00000| Untracked 
| 207|0x000000008cf00000, 0x000000008cf00000, 0x000000008d000000|  0%| F|  |TAMS 0x000000008cf00000, 0x000000008cf00000| Untracked 
| 208|0x000000008d000000, 0x000000008d000000, 0x000000008d100000|  0%| F|  |TAMS 0x000000008d000000, 0x000000008d000000| Untracked 
| 209|0x000000008d100000, 0x000000008d100000, 0x000000008d200000|  0%| F|  |TAMS 0x000000008d100000, 0x000000008d100000| Untracked 
| 210|0x000000008d200000, 0x000000008d200000, 0x000000008d300000|  0%| F|  |TAMS 0x000000008d200000, 0x000000008d200000| Untracked 
| 211|0x000000008d300000, 0x000000008d300000, 0x000000008d400000|  0%| F|  |TAMS 0x000000008d300000, 0x000000008d300000| Untracked 
| 212|0x000000008d400000, 0x000000008d400000, 0x000000008d500000|  0%| F|  |TAMS 0x000000008d400000, 0x000000008d400000| Untracked 
| 213|0x000000008d500000, 0x000000008d500000, 0x000000008d600000|  0%| F|  |TAMS 0x000000008d500000, 0x000000008d500000| Untracked 
| 214|0x000000008d600000, 0x000000008d600000, 0x000000008d700000|  0%| F|  |TAMS 0x000000008d600000, 0x000000008d600000| Untracked 
| 215|0x000000008d700000, 0x000000008d700000, 0x000000008d800000|  0%| F|  |TAMS 0x000000008d700000, 0x000000008d700000| Untracked 
| 216|0x000000008d800000, 0x000000008d800000, 0x000000008d900000|  0%| F|  |TAMS 0x000000008d800000, 0x000000008d800000| Untracked 
| 217|0x000000008d900000, 0x000000008d900000, 0x000000008da00000|  0%| F|  |TAMS 0x000000008d900000, 0x000000008d900000| Untracked 
| 218|0x000000008da00000, 0x000000008da00000, 0x000000008db00000|  0%| F|  |TAMS 0x000000008da00000, 0x000000008da00000| Untracked 
| 219|0x000000008db00000, 0x000000008db00000, 0x000000008dc00000|  0%| F|  |TAMS 0x000000008db00000, 0x000000008db00000| Untracked 
| 220|0x000000008dc00000, 0x000000008dc00000, 0x000000008dd00000|  0%| F|  |TAMS 0x000000008dc00000, 0x000000008dc00000| Untracked 
| 221|0x000000008dd00000, 0x000000008dd00000, 0x000000008de00000|  0%| F|  |TAMS 0x000000008dd00000, 0x000000008dd00000| Untracked 
| 222|0x000000008de00000, 0x000000008de00000, 0x000000008df00000|  0%| F|  |TAMS 0x000000008de00000, 0x000000008de00000| Untracked 
| 223|0x000000008df00000, 0x000000008df00000, 0x000000008e000000|  0%| F|  |TAMS 0x000000008df00000, 0x000000008df00000| Untracked 
| 224|0x000000008e000000, 0x000000008e000000, 0x000000008e100000|  0%| F|  |TAMS 0x000000008e000000, 0x000000008e000000| Untracked 
| 225|0x000000008e100000, 0x000000008e100000, 0x000000008e200000|  0%| F|  |TAMS 0x000000008e100000, 0x000000008e100000| Untracked 
| 226|0x000000008e200000, 0x000000008e200000, 0x000000008e300000|  0%| F|  |TAMS 0x000000008e200000, 0x000000008e200000| Untracked 
| 227|0x000000008e300000, 0x000000008e300000, 0x000000008e400000|  0%| F|  |TAMS 0x000000008e300000, 0x000000008e300000| Untracked 
| 228|0x000000008e400000, 0x000000008e400000, 0x000000008e500000|  0%| F|  |TAMS 0x000000008e400000, 0x000000008e400000| Untracked 
| 229|0x000000008e500000, 0x000000008e500000, 0x000000008e600000|  0%| F|  |TAMS 0x000000008e500000, 0x000000008e500000| Untracked 
| 230|0x000000008e600000, 0x000000008e600000, 0x000000008e700000|  0%| F|  |TAMS 0x000000008e600000, 0x000000008e600000| Untracked 
| 231|0x000000008e700000, 0x000000008e700000, 0x000000008e800000|  0%| F|  |TAMS 0x000000008e700000, 0x000000008e700000| Untracked 
| 232|0x000000008e800000, 0x000000008e800000, 0x000000008e900000|  0%| F|  |TAMS 0x000000008e800000, 0x000000008e800000| Untracked 
| 233|0x000000008e900000, 0x000000008e900000, 0x000000008ea00000|  0%| F|  |TAMS 0x000000008e900000, 0x000000008e900000| Untracked 
| 234|0x000000008ea00000, 0x000000008ea00000, 0x000000008eb00000|  0%| F|  |TAMS 0x000000008ea00000, 0x000000008ea00000| Untracked 
| 235|0x000000008eb00000, 0x000000008eb00000, 0x000000008ec00000|  0%| F|  |TAMS 0x000000008eb00000, 0x000000008eb00000| Untracked 
| 236|0x000000008ec00000, 0x000000008ec00000, 0x000000008ed00000|  0%| F|  |TAMS 0x000000008ec00000, 0x000000008ec00000| Untracked 
| 237|0x000000008ed00000, 0x000000008ed00000, 0x000000008ee00000|  0%| F|  |TAMS 0x000000008ed00000, 0x000000008ed00000| Untracked 
| 238|0x000000008ee00000, 0x000000008ee00000, 0x000000008ef00000|  0%| F|  |TAMS 0x000000008ee00000, 0x000000008ee00000| Untracked 
| 239|0x000000008ef00000, 0x000000008ef00000, 0x000000008f000000|  0%| F|  |TAMS 0x000000008ef00000, 0x000000008ef00000| Untracked 
| 240|0x000000008f000000, 0x000000008f000000, 0x000000008f100000|  0%| F|  |TAMS 0x000000008f000000, 0x000000008f000000| Untracked 
| 241|0x000000008f100000, 0x000000008f100000, 0x000000008f200000|  0%| F|  |TAMS 0x000000008f100000, 0x000000008f100000| Untracked 
| 242|0x000000008f200000, 0x000000008f200000, 0x000000008f300000|  0%| F|  |TAMS 0x000000008f200000, 0x000000008f200000| Untracked 
| 243|0x000000008f300000, 0x000000008f300000, 0x000000008f400000|  0%| F|  |TAMS 0x000000008f300000, 0x000000008f300000| Untracked 
| 244|0x000000008f400000, 0x000000008f400000, 0x000000008f500000|  0%| F|  |TAMS 0x000000008f400000, 0x000000008f400000| Untracked 
| 245|0x000000008f500000, 0x000000008f500000, 0x000000008f600000|  0%| F|  |TAMS 0x000000008f500000, 0x000000008f500000| Untracked 
| 246|0x000000008f600000, 0x000000008f600000, 0x000000008f700000|  0%| F|  |TAMS 0x000000008f600000, 0x000000008f600000| Untracked 
| 247|0x000000008f700000, 0x000000008f700000, 0x000000008f800000|  0%| F|  |TAMS 0x000000008f700000, 0x000000008f700000| Untracked 
| 248|0x000000008f800000, 0x000000008f800000, 0x000000008f900000|  0%| F|  |TAMS 0x000000008f800000, 0x000000008f800000| Untracked 
| 249|0x000000008f900000, 0x000000008f900000, 0x000000008fa00000|  0%| F|  |TAMS 0x000000008f900000, 0x000000008f900000| Untracked 
| 250|0x000000008fa00000, 0x000000008fa00000, 0x000000008fb00000|  0%| F|  |TAMS 0x000000008fa00000, 0x000000008fa00000| Untracked 
| 251|0x000000008fb00000, 0x000000008fb00000, 0x000000008fc00000|  0%| F|  |TAMS 0x000000008fb00000, 0x000000008fb00000| Untracked 
| 252|0x000000008fc00000, 0x000000008fc00000, 0x000000008fd00000|  0%| F|  |TAMS 0x000000008fc00000, 0x000000008fc00000| Untracked 
| 253|0x000000008fd00000, 0x000000008fd00000, 0x000000008fe00000|  0%| F|  |TAMS 0x000000008fd00000, 0x000000008fd00000| Untracked 
| 254|0x000000008fe00000, 0x000000008fe00000, 0x000000008ff00000|  0%| F|  |TAMS 0x000000008fe00000, 0x000000008fe00000| Untracked 
| 255|0x000000008ff00000, 0x000000008ff00000, 0x0000000090000000|  0%| F|  |TAMS 0x000000008ff00000, 0x000000008ff00000| Untracked 

Card table byte_map: [0x0000016e7ecf0000,0x0000016e7f0f0000] _byte_map_base: 0x0000016e7e8f0000

Marking Bits (Prev, Next): (CMBitMap*) 0x0000016e7c63b740, (CMBitMap*) 0x0000016e7c63b700
 Prev Bits: [0x0000016e14420000, 0x0000016e16420000)
 Next Bits: [0x0000016e12420000, 0x0000016e14420000)

Polling page: 0x0000016e7c6a0000

Metaspace:

Usage:
  Non-class:     91.09 MB used.
      Class:     14.43 MB used.
       Both:    105.52 MB used.

Virtual space:
  Non-class space:      128.00 MB reserved,      91.50 MB ( 71%) committed,  2 nodes.
      Class space:        1.00 GB reserved,      14.81 MB (  1%) committed,  1 nodes.
             Both:        1.12 GB reserved,     106.31 MB (  9%) committed. 

Chunk freelists:
   Non-Class:  3.88 MB
       Class:  1.22 MB
        Both:  5.09 MB

MaxMetaspaceSize: unlimited
CompressedClassSpaceSize: 1.00 GB
Initial GC threshold: 21.00 MB
Current GC threshold: 170.44 MB
CDS: off
MetaspaceReclaimPolicy: balanced
 - commit_granule_bytes: 65536.
 - commit_granule_words: 8192.
 - virtual_space_node_default_size: 8388608.
 - enlarge_chunks_in_place: 1.
 - new_chunks_are_fully_committed: 0.
 - uncommit_free_chunks: 1.
 - use_allocation_guard: 0.
 - handle_deallocations: 1.


Internal statistics:

num_allocs_failed_limit: 21.
num_arena_births: 1300.
num_arena_deaths: 14.
num_vsnodes_births: 3.
num_vsnodes_deaths: 0.
num_space_committed: 1699.
num_space_uncommitted: 0.
num_chunks_returned_to_freelist: 39.
num_chunks_taken_from_freelist: 5433.
num_chunk_merges: 29.
num_chunk_splits: 3567.
num_chunks_enlarged: 2319.
num_inconsistent_stats: 0.

CodeHeap 'non-profiled nmethods': size=120000Kb used=7432Kb max_used=7432Kb free=112567Kb
 bounds [0x0000016e0aef0000, 0x0000016e0b640000, 0x0000016e12420000]
CodeHeap 'profiled nmethods': size=120000Kb used=23167Kb max_used=23167Kb free=96832Kb
 bounds [0x0000016e03420000, 0x0000016e04ac0000, 0x0000016e0a950000]
CodeHeap 'non-nmethods': size=5760Kb used=1726Kb max_used=1797Kb free=4033Kb
 bounds [0x0000016e0a950000, 0x0000016e0abc0000, 0x0000016e0aef0000]
 total_blobs=12479 nmethods=11659 adapters=730
 compilation: enabled
              stopped_count=0, restarted_count=0
 full_count=0

Compilation events (20 events):
Event: 30.886 Thread 0x0000016e185e8f20 nmethod 13263 0x0000016e04ab9810 code [0x0000016e04ab9b40, 0x0000016e04aba568]
Event: 30.886 Thread 0x0000016e185e8f20 13256       2       com.google.protobuf.UnknownFieldSet::writeTo (65 bytes)
Event: 30.887 Thread 0x0000016e185e8f20 nmethod 13256 0x0000016e04abac90 code [0x0000016e04abaea0, 0x0000016e04abb268]
Event: 30.887 Thread 0x0000016e185e8f20 13266       2       com.google.protobuf.GeneratedMessageV3::writeString (29 bytes)
Event: 30.888 Thread 0x0000016e185e8f20 nmethod 13266 0x0000016e04abb490 code [0x0000016e04abb6a0, 0x0000016e04abba58]
Event: 30.888 Thread 0x0000016e185e8f20 13271 %     3       com.google.protobuf.Utf8$UnsafeProcessor::encodeUtf8 @ 87 (612 bytes)
Event: 30.888 Thread 0x0000016e231f28c0 nmethod 13203 0x0000016e0b631190 code [0x0000016e0b631340, 0x0000016e0b631668]
Event: 30.888 Thread 0x0000016e231f28c0 13252       4       java.util.Collections$UnmodifiableCollection::size (10 bytes)
Event: 30.889 Thread 0x0000016e231f28c0 nmethod 13252 0x0000016e0b631b10 code [0x0000016e0b631ca0, 0x0000016e0b631d58]
Event: 30.889 Thread 0x0000016e231f28c0 13265       4       java.util.Collections$UnmodifiableList::get (11 bytes)
Event: 30.890 Thread 0x0000016e185e8f20 nmethod 13271% 0x0000016e04abbd10 code [0x0000016e04abc140, 0x0000016e04abdaf8]
Event: 30.890 Thread 0x0000016e185e8f20 13269       2       com.google.protobuf.Utf8::encode (11 bytes)
Event: 30.890 Thread 0x0000016e185e8f20 nmethod 13269 0x0000016e04abe510 code [0x0000016e04abe6a0, 0x0000016e04abe7c8]
Event: 30.890 Thread 0x0000016e185e8f20 13268   !   2       com.google.protobuf.CodedOutputStream$OutputStreamEncoder::writeStringNoTag (250 bytes)
Event: 30.891 Thread 0x0000016e231f28c0 nmethod 13265 0x0000016e0b631e10 code [0x0000016e0b631fa0, 0x0000016e0b632138]
Event: 30.891 Thread 0x0000016e185e8f20 nmethod 13268 0x0000016e04abe890 code [0x0000016e04abeb00, 0x0000016e04abf1d8]
Event: 30.891 Thread 0x0000016e231f28c0 13275 %     4       com.sun.org.apache.xerces.internal.impl.io.UTF8Reader::read @ 150 (1443 bytes)
Event: 30.891 Thread 0x0000016e185e8f20 13267       2       com.google.protobuf.CodedOutputStream$OutputStreamEncoder::writeString (12 bytes)
Event: 30.892 Thread 0x0000016e185e8f20 nmethod 13267 0x0000016e04abf890 code [0x0000016e04abfa40, 0x0000016e04abfc28]
Event: 30.892 Thread 0x0000016e185e8f20 13255       2       com.google.protobuf.CodedOutputStream$OutputStreamEncoder::writeMessageNoTag (18 bytes)

GC Heap History (20 events):
Event: 24.766 GC heap after
{Heap after GC invocations=25 (full 0):
 garbage-first heap   total 168960K, used 90330K [0x0000000080000000, 0x0000000100000000)
  region size 1024K, 7 young (7168K), 7 survivors (7168K)
 Metaspace       used 97884K, committed 98560K, reserved 1179648K
  class space    used 13620K, committed 13952K, reserved 1048576K
}
Event: 25.827 GC heap before
{Heap before GC invocations=25 (full 0):
 garbage-first heap   total 168960K, used 139482K [0x0000000080000000, 0x0000000100000000)
  region size 1024K, 56 young (57344K), 7 survivors (7168K)
 Metaspace       used 100084K, committed 100864K, reserved 1179648K
  class space    used 14028K, committed 14400K, reserved 1048576K
}
Event: 25.839 GC heap after
{Heap after GC invocations=26 (full 0):
 garbage-first heap   total 168960K, used 94741K [0x0000000080000000, 0x0000000100000000)
  region size 1024K, 5 young (5120K), 5 survivors (5120K)
 Metaspace       used 100084K, committed 100864K, reserved 1179648K
  class space    used 14028K, committed 14400K, reserved 1048576K
}
Event: 25.963 GC heap before
{Heap before GC invocations=26 (full 0):
 garbage-first heap   total 168960K, used 101909K [0x0000000080000000, 0x0000000100000000)
  region size 1024K, 13 young (13312K), 5 survivors (5120K)
 Metaspace       used 100239K, committed 100928K, reserved 1179648K
  class space    used 14051K, committed 14400K, reserved 1048576K
}
Event: 25.973 GC heap after
{Heap after GC invocations=27 (full 0):
 garbage-first heap   total 168960K, used 94910K [0x0000000080000000, 0x0000000100000000)
  region size 1024K, 1 young (1024K), 1 survivors (1024K)
 Metaspace       used 100239K, committed 100928K, reserved 1179648K
  class space    used 14051K, committed 14400K, reserved 1048576K
}
Event: 27.460 GC heap before
{Heap before GC invocations=28 (full 0):
 garbage-first heap   total 179200K, used 146110K [0x0000000080000000, 0x0000000100000000)
  region size 1024K, 47 young (48128K), 1 survivors (1024K)
 Metaspace       used 103466K, committed 104256K, reserved 1179648K
  class space    used 14370K, committed 14784K, reserved 1048576K
}
Event: 27.470 GC heap after
{Heap after GC invocations=29 (full 0):
 garbage-first heap   total 179200K, used 100805K [0x0000000080000000, 0x0000000100000000)
  region size 1024K, 6 young (6144K), 6 survivors (6144K)
 Metaspace       used 103466K, committed 104256K, reserved 1179648K
  class space    used 14370K, committed 14784K, reserved 1048576K
}
Event: 27.525 GC heap before
{Heap before GC invocations=29 (full 0):
 garbage-first heap   total 179200K, used 102853K [0x0000000080000000, 0x0000000100000000)
  region size 1024K, 8 young (8192K), 6 survivors (6144K)
 Metaspace       used 103489K, committed 104320K, reserved 1179648K
  class space    used 14370K, committed 14784K, reserved 1048576K
}
Event: 27.539 GC heap after
{Heap after GC invocations=30 (full 0):
 garbage-first heap   total 179200K, used 101257K [0x0000000080000000, 0x0000000100000000)
  region size 1024K, 1 young (1024K), 1 survivors (1024K)
 Metaspace       used 103489K, committed 104320K, reserved 1179648K
  class space    used 14370K, committed 14784K, reserved 1048576K
}
Event: 28.242 GC heap before
{Heap before GC invocations=30 (full 0):
 garbage-first heap   total 179200K, used 156553K [0x0000000080000000, 0x0000000100000000)
  region size 1024K, 47 young (48128K), 1 survivors (1024K)
 Metaspace       used 103836K, committed 104640K, reserved 1179648K
  class space    used 14393K, committed 14784K, reserved 1048576K
}
Event: 28.269 GC heap after
{Heap after GC invocations=31 (full 0):
 garbage-first heap   total 179200K, used 122596K [0x0000000080000000, 0x0000000100000000)
  region size 1024K, 6 young (6144K), 6 survivors (6144K)
 Metaspace       used 103836K, committed 104640K, reserved 1179648K
  class space    used 14393K, committed 14784K, reserved 1048576K
}
Event: 29.219 GC heap before
{Heap before GC invocations=32 (full 0):
 garbage-first heap   total 209920K, used 152292K [0x0000000080000000, 0x0000000100000000)
  region size 1024K, 28 young (28672K), 6 survivors (6144K)
 Metaspace       used 104141K, committed 104896K, reserved 1179648K
  class space    used 14413K, committed 14784K, reserved 1048576K
}
Event: 29.233 GC heap after
{Heap after GC invocations=33 (full 0):
 garbage-first heap   total 209920K, used 126964K [0x0000000080000000, 0x0000000100000000)
  region size 1024K, 4 young (4096K), 4 survivors (4096K)
 Metaspace       used 104141K, committed 104896K, reserved 1179648K
  class space    used 14413K, committed 14784K, reserved 1048576K
}
Event: 29.369 GC heap before
{Heap before GC invocations=33 (full 0):
 garbage-first heap   total 209920K, used 132084K [0x0000000080000000, 0x0000000100000000)
  region size 1024K, 10 young (10240K), 4 survivors (4096K)
 Metaspace       used 104188K, committed 105024K, reserved 1179648K
  class space    used 14415K, committed 14784K, reserved 1048576K
}
Event: 29.378 GC heap after
{Heap after GC invocations=34 (full 0):
 garbage-first heap   total 209920K, used 127908K [0x0000000080000000, 0x0000000100000000)
  region size 1024K, 2 young (2048K), 2 survivors (2048K)
 Metaspace       used 104188K, committed 105024K, reserved 1179648K
  class space    used 14415K, committed 14784K, reserved 1048576K
}
Event: 30.142 GC heap before
{Heap before GC invocations=34 (full 0):
 garbage-first heap   total 209920K, used 182180K [0x0000000080000000, 0x0000000100000000)
  region size 1024K, 39 young (39936K), 2 survivors (2048K)
 Metaspace       used 104631K, committed 105408K, reserved 1179648K
  class space    used 14458K, committed 14848K, reserved 1048576K
}
Event: 30.150 GC heap after
{Heap after GC invocations=35 (full 0):
 garbage-first heap   total 209920K, used 130306K [0x0000000080000000, 0x0000000100000000)
  region size 1024K, 4 young (4096K), 4 survivors (4096K)
 Metaspace       used 104631K, committed 105408K, reserved 1179648K
  class space    used 14458K, committed 14848K, reserved 1048576K
}
Event: 30.535 GC heap before
{Heap before GC invocations=35 (full 0):
 garbage-first heap   total 209920K, used 167170K [0x0000000080000000, 0x0000000100000000)
  region size 1024K, 41 young (41984K), 4 survivors (4096K)
 Metaspace       used 106642K, committed 107456K, reserved 1179648K
  class space    used 14629K, committed 15040K, reserved 1048576K
}
Event: 30.547 GC heap after
{Heap after GC invocations=36 (full 0):
 garbage-first heap   total 209920K, used 135285K [0x0000000080000000, 0x0000000100000000)
  region size 1024K, 6 young (6144K), 6 survivors (6144K)
 Metaspace       used 106642K, committed 107456K, reserved 1179648K
  class space    used 14629K, committed 15040K, reserved 1048576K
}
Event: 30.892 GC heap before
{Heap before GC invocations=36 (full 0):
 garbage-first heap   total 209920K, used 169077K [0x0000000080000000, 0x0000000100000000)
  region size 1024K, 40 young (40960K), 6 survivors (6144K)
 Metaspace       used 108051K, committed 108864K, reserved 1179648K
  class space    used 14777K, committed 15168K, reserved 1048576K
}

Dll operation events (3 events):
Event: 0.009 Loaded shared library C:\Program Files\Android\Android Studio\jbr\bin\java.dll
Event: 0.200 Loaded shared library C:\Program Files\Android\Android Studio\jbr\bin\zip.dll
Event: 0.656 Loaded shared library C:\Program Files\Android\Android Studio\jbr\bin\verify.dll

Deoptimization events (20 events):
Event: 30.486 Thread 0x0000016e1d24fb50 Uncommon trap: trap_request=0xffffff45 fr.pc=0x0000016e0b0c2628 relative=0x00000000000005e8
Event: 30.486 Thread 0x0000016e1d24fb50 Uncommon trap: reason=unstable_if action=reinterpret pc=0x0000016e0b0c2628 method=java.lang.String.regionMatches(ZILjava/lang/String;II)Z @ 52 c2
Event: 30.486 Thread 0x0000016e1d24fb50 DEOPT PACKING pc=0x0000016e0b0c2628 sp=0x00000053a5bfd0a0
Event: 30.486 Thread 0x0000016e1d24fb50 DEOPT UNPACKING pc=0x0000016e0a9a69a3 sp=0x00000053a5bfd048 mode 2
Event: 30.531 Thread 0x0000016e1d24fb50 DEOPT PACKING pc=0x0000016e049cfe4d sp=0x00000053a5bfd380
Event: 30.531 Thread 0x0000016e1d24fb50 DEOPT UNPACKING pc=0x0000016e0a9a7143 sp=0x00000053a5bfc870 mode 0
Event: 30.615 Thread 0x0000016e1d24fb50 DEOPT PACKING pc=0x0000016e049ef963 sp=0x00000053a5bfcfc0
Event: 30.615 Thread 0x0000016e1d24fb50 DEOPT UNPACKING pc=0x0000016e0a9a7143 sp=0x00000053a5bfc528 mode 0
Event: 30.626 Thread 0x0000016e1d24fb50 DEOPT PACKING pc=0x0000016e04a40eef sp=0x00000053a5bfcd00
Event: 30.626 Thread 0x0000016e1d24fb50 DEOPT UNPACKING pc=0x0000016e0a9a7143 sp=0x00000053a5bfc250 mode 0
Event: 30.642 Thread 0x0000016e1d24fb50 DEOPT PACKING pc=0x0000016e04a468d7 sp=0x00000053a5bfd170
Event: 30.642 Thread 0x0000016e1d24fb50 DEOPT UNPACKING pc=0x0000016e0a9a7143 sp=0x00000053a5bfc6a8 mode 0
Event: 30.791 Thread 0x0000016e1d24fb50 Uncommon trap: trap_request=0xffffff45 fr.pc=0x0000016e0b0e1d78 relative=0x0000000000000458
Event: 30.791 Thread 0x0000016e1d24fb50 Uncommon trap: reason=unstable_if action=reinterpret pc=0x0000016e0b0e1d78 method=java.lang.String.substring(II)Ljava/lang/String; @ 31 c2
Event: 30.792 Thread 0x0000016e1d24fb50 DEOPT PACKING pc=0x0000016e0b0e1d78 sp=0x00000053a5bfd340
Event: 30.792 Thread 0x0000016e1d24fb50 DEOPT UNPACKING pc=0x0000016e0a9a69a3 sp=0x00000053a5bfd288 mode 2
Event: 30.890 Thread 0x0000016e23135940 Uncommon trap: trap_request=0xffffff45 fr.pc=0x0000016e0b629d84 relative=0x0000000000001544
Event: 30.890 Thread 0x0000016e23135940 Uncommon trap: reason=unstable_if action=reinterpret pc=0x0000016e0b629d84 method=com.android.aaptcompiler.XmlStringBuilder.append(Ljava/lang/String;)Lcom/android/aaptcompiler/XmlStringBuilder; @ 253 c2
Event: 30.890 Thread 0x0000016e23135940 DEOPT PACKING pc=0x0000016e0b629d84 sp=0x00000053a69fd010
Event: 30.890 Thread 0x0000016e23135940 DEOPT UNPACKING pc=0x0000016e0a9a69a3 sp=0x00000053a69fcff8 mode 2

Classes unloaded (7 events):
Event: 28.392 Thread 0x0000016e7ffdeb00 Unloading class 0x0000000100e09c00 'java/lang/invoke/LambdaForm$DMH+0x0000000100e09c00'
Event: 28.392 Thread 0x0000016e7ffdeb00 Unloading class 0x0000000100e09400 'java/lang/invoke/LambdaForm$DMH+0x0000000100e09400'
Event: 28.392 Thread 0x0000016e7ffdeb00 Unloading class 0x0000000100e09800 'java/lang/invoke/LambdaForm$DMH+0x0000000100e09800'
Event: 28.392 Thread 0x0000016e7ffdeb00 Unloading class 0x0000000100e09000 'java/lang/invoke/LambdaForm$DMH+0x0000000100e09000'
Event: 28.392 Thread 0x0000016e7ffdeb00 Unloading class 0x0000000100e08c00 'java/lang/invoke/LambdaForm$DMH+0x0000000100e08c00'
Event: 28.392 Thread 0x0000016e7ffdeb00 Unloading class 0x0000000100e08800 'java/lang/invoke/LambdaForm$DMH+0x0000000100e08800'
Event: 28.392 Thread 0x0000016e7ffdeb00 Unloading class 0x0000000100e08400 'java/lang/invoke/LambdaForm$DMH+0x0000000100e08400'

Classes redefined (0 events):
No events

Internal exceptions (20 events):
Event: 26.330 Thread 0x0000016e21953e50 Exception <a 'sun/nio/fs/WindowsException'{0x0000000089d71590}> (0x0000000089d71590) 
thrown [s\src\hotspot\share\prims\jni.cpp, line 517]
Event: 26.331 Thread 0x0000016e21953e50 Exception <a 'sun/nio/fs/WindowsException'{0x0000000089d725c8}> (0x0000000089d725c8) 
thrown [s\src\hotspot\share\prims\jni.cpp, line 517]
Event: 26.331 Thread 0x0000016e21953e50 Exception <a 'sun/nio/fs/WindowsException'{0x0000000089d72658}> (0x0000000089d72658) 
thrown [s\src\hotspot\share\prims\jni.cpp, line 517]
Event: 26.331 Thread 0x0000016e21953e50 Exception <a 'sun/nio/fs/WindowsException'{0x0000000089d72b00}> (0x0000000089d72b00) 
thrown [s\src\hotspot\share\prims\jni.cpp, line 517]
Event: 26.388 Thread 0x0000016e21953e50 Exception <a 'sun/nio/fs/WindowsException'{0x0000000089b09c48}> (0x0000000089b09c48) 
thrown [s\src\hotspot\share\prims\jni.cpp, line 517]
Event: 26.388 Thread 0x0000016e21953e50 Exception <a 'sun/nio/fs/WindowsException'{0x0000000089b0ab78}> (0x0000000089b0ab78) 
thrown [s\src\hotspot\share\prims\jni.cpp, line 517]
Event: 26.389 Thread 0x0000016e21953e50 Exception <a 'sun/nio/fs/WindowsException'{0x0000000089b0ac08}> (0x0000000089b0ac08) 
thrown [s\src\hotspot\share\prims\jni.cpp, line 517]
Event: 26.389 Thread 0x0000016e21953e50 Exception <a 'sun/nio/fs/WindowsException'{0x0000000089b0b198}> (0x0000000089b0b198) 
thrown [s\src\hotspot\share\prims\jni.cpp, line 517]
Event: 26.390 Thread 0x0000016e21953e50 Exception <a 'sun/nio/fs/WindowsException'{0x0000000089b15970}> (0x0000000089b15970) 
thrown [s\src\hotspot\share\prims\jni.cpp, line 517]
Event: 28.012 Thread 0x0000016e21953e50 Implicit null exception at 0x0000016e0b520945 to 0x0000016e0b520990
Event: 28.538 Thread 0x0000016e21953e50 Exception <a 'java/lang/NoSuchMethodError'{0x000000008cd37e78}: 'java.lang.Object java.lang.invoke.DirectMethodHandle$Holder.newInvokeSpecial(java.lang.Object, java.lang.Object, int, java.lang.Object, java.lang.Object)'> (0x000000008cd37e78) 
thrown [s\src\hotspot\share\interpreter\linkResolver.cpp, line 771]
Event: 29.815 Thread 0x0000016e21953e50 Implicit null exception at 0x0000016e0b59fd02 to 0x0000016e0b5a5634
Event: 29.815 Thread 0x0000016e21953e50 Implicit null exception at 0x0000016e0b59fd02 to 0x0000016e0b5a5634
Event: 29.875 Thread 0x0000016e21953e50 Implicit null exception at 0x0000016e0b59fd02 to 0x0000016e0b5a5634
Event: 29.950 Thread 0x0000016e21953e50 Exception <a 'java/lang/NoSuchMethodError'{0x000000008b51df08}: static Lcom/android/ide/common/resources/CompileResourceRequest;.<clinit>()V> (0x000000008b51df08) 
thrown [s\src\hotspot\share\prims\jni.cpp, line 1108]
Event: 29.954 Thread 0x0000016e21953e50 Exception <a 'java/lang/NoSuchMethodError'{0x000000008b555b78}: static Ljava/lang/Object;.<clinit>()V> (0x000000008b555b78) 
thrown [s\src\hotspot\share\prims\jni.cpp, line 1108]
Event: 29.956 Thread 0x0000016e21953e50 Exception <a 'java/lang/NoSuchMethodError'{0x000000008b567a40}: static Ljava/lang/Object;.<clinit>()V> (0x000000008b567a40) 
thrown [s\src\hotspot\share\prims\jni.cpp, line 1108]
Event: 29.958 Thread 0x0000016e21953e50 Exception <a 'java/lang/NoSuchMethodError'{0x000000008b579750}: static Ljava/lang/Object;.<clinit>()V> (0x000000008b579750) 
thrown [s\src\hotspot\share\prims\jni.cpp, line 1108]
Event: 29.989 Thread 0x0000016e21953e50 Exception <a 'java/lang/NoSuchMethodError'{0x000000008b4fb750}: static Lkotlin/InitializedLazyImpl;.<clinit>()V> (0x000000008b4fb750) 
thrown [s\src\hotspot\share\prims\jni.cpp, line 1108]
Event: 30.263 Thread 0x0000016e231381c0 Implicit null exception at 0x0000016e0b52bbe0 to 0x0000016e0b530d08

VM Operations (20 events):
Event: 28.458 Executing VM operation: G1PauseRemark done
Event: 28.490 Executing VM operation: HandshakeAllThreads
Event: 28.513 Executing VM operation: HandshakeAllThreads done
Event: 28.514 Executing VM operation: G1PauseCleanup
Event: 28.551 Executing VM operation: G1PauseCleanup done
Event: 29.219 Executing VM operation: G1CollectForAllocation
Event: 29.234 Executing VM operation: G1CollectForAllocation done
Event: 29.369 Executing VM operation: G1CollectForAllocation
Event: 29.378 Executing VM operation: G1CollectForAllocation done
Event: 30.140 Executing VM operation: G1CollectForAllocation
Event: 30.201 Executing VM operation: G1CollectForAllocation done
Event: 30.250 Executing VM operation: HandshakeAllThreads
Event: 30.251 Executing VM operation: HandshakeAllThreads done
Event: 30.253 Executing VM operation: HandshakeAllThreads
Event: 30.253 Executing VM operation: HandshakeAllThreads done
Event: 30.535 Executing VM operation: G1CollectForAllocation
Event: 30.547 Executing VM operation: G1CollectForAllocation done
Event: 30.875 Executing VM operation: HandshakeAllThreads
Event: 30.890 Executing VM operation: HandshakeAllThreads done
Event: 30.892 Executing VM operation: G1CollectForAllocation

Events (20 events):
Event: 30.265 loading class javax/xml/stream/events/Characters done
Event: 30.266 loading class com/sun/xml/internal/stream/events/CharacterEvent done
Event: 30.277 loading class java/util/Spliterators$2Adapter
Event: 30.277 loading class java/util/PrimitiveIterator$OfInt
Event: 30.277 loading class java/util/PrimitiveIterator
Event: 30.277 loading class java/util/PrimitiveIterator done
Event: 30.277 loading class java/util/PrimitiveIterator$OfInt done
Event: 30.277 loading class java/util/Spliterators$2Adapter done
Event: 30.278 loading class com/sun/xml/internal/stream/events/EndElementEvent
Event: 30.278 loading class javax/xml/stream/events/EndElement
Event: 30.278 loading class javax/xml/stream/events/EndElement done
Event: 30.278 loading class com/sun/xml/internal/stream/events/EndElementEvent done
Event: 30.279 loading class java/lang/StringUTF16$CodePointsSpliterator
Event: 30.279 loading class java/lang/StringUTF16$CodePointsSpliterator done
Event: 30.782 loading class com/sun/xml/internal/stream/events/CommentEvent
Event: 30.782 loading class javax/xml/stream/events/Comment
Event: 30.782 loading class javax/xml/stream/events/Comment done
Event: 30.782 loading class com/sun/xml/internal/stream/events/CommentEvent done
Event: 30.849 loading class java/nio/charset/UnsupportedCharsetException
Event: 30.849 loading class java/nio/charset/UnsupportedCharsetException done


Dynamic libraries:
0x00007ff6764b0000 - 0x00007ff6764ba000 	C:\Program Files\Android\Android Studio\jbr\bin\java.exe
0x00007ffd06e70000 - 0x00007ffd07068000 	C:\Windows\SYSTEM32\ntdll.dll
0x00007ffd06730000 - 0x00007ffd067f2000 	C:\Windows\System32\KERNEL32.DLL
0x00007ffd04830000 - 0x00007ffd04b26000 	C:\Windows\System32\KERNELBASE.dll
0x00007ffd04540000 - 0x00007ffd04640000 	C:\Windows\System32\ucrtbase.dll
0x00007ffcf87b0000 - 0x00007ffcf87c7000 	C:\Program Files\Android\Android Studio\jbr\bin\jli.dll
0x00007ffcfd520000 - 0x00007ffcfd53b000 	C:\Program Files\Android\Android Studio\jbr\bin\VCRUNTIME140.dll
0x00007ffd056d0000 - 0x00007ffd0586d000 	C:\Windows\System32\USER32.dll
0x00007ffcfb130000 - 0x00007ffcfb3cb000 	C:\Windows\WinSxS\amd64_microsoft.windows.common-controls_6595b64144ccf1df_6.0.19041.6280_none_60bc30a171f2f3f3\COMCTL32.dll
0x00007ffd04510000 - 0x00007ffd04532000 	C:\Windows\System32\win32u.dll
0x00007ffd06100000 - 0x00007ffd0619e000 	C:\Windows\System32\msvcrt.dll
0x00007ffd06ad0000 - 0x00007ffd06afb000 	C:\Windows\System32\GDI32.dll
0x00007ffd04640000 - 0x00007ffd04759000 	C:\Windows\System32\gdi32full.dll
0x00007ffd04790000 - 0x00007ffd0482d000 	C:\Windows\System32\msvcp_win.dll
0x00007ffd05380000 - 0x00007ffd053af000 	C:\Windows\System32\IMM32.DLL
0x00007ffcff8f0000 - 0x00007ffcff8fc000 	C:\Program Files\Android\Android Studio\jbr\bin\vcruntime140_1.dll
0x00007ffcd7e50000 - 0x00007ffcd7edd000 	C:\Program Files\Android\Android Studio\jbr\bin\msvcp140.dll
0x00007ffcbe450000 - 0x00007ffcbf0d3000 	C:\Program Files\Android\Android Studio\jbr\bin\server\jvm.dll
0x00007ffd05460000 - 0x00007ffd05511000 	C:\Windows\System32\ADVAPI32.dll
0x00007ffd069b0000 - 0x00007ffd06a4f000 	C:\Windows\System32\sechost.dll
0x00007ffd05fe0000 - 0x00007ffd06100000 	C:\Windows\System32\RPCRT4.dll
0x00007ffd04760000 - 0x00007ffd04787000 	C:\Windows\System32\bcrypt.dll
0x00007ffd04250000 - 0x00007ffd0429b000 	C:\Windows\SYSTEM32\POWRPROF.dll
0x00007ffcff340000 - 0x00007ffcff349000 	C:\Windows\SYSTEM32\WSOCK32.dll
0x00007ffd05650000 - 0x00007ffd056bb000 	C:\Windows\System32\WS2_32.dll
0x00007ffcf6650000 - 0x00007ffcf6677000 	C:\Windows\SYSTEM32\WINMM.dll
0x00007ffcfe5c0000 - 0x00007ffcfe5ca000 	C:\Windows\SYSTEM32\VERSION.dll
0x00007ffd04080000 - 0x00007ffd04092000 	C:\Windows\SYSTEM32\UMPDC.dll
0x00007ffd023b0000 - 0x00007ffd023c2000 	C:\Windows\SYSTEM32\kernel.appcore.dll
0x00007ffcff330000 - 0x00007ffcff33a000 	C:\Program Files\Android\Android Studio\jbr\bin\jimage.dll
0x00007ffcf5000000 - 0x00007ffcf5201000 	C:\Windows\SYSTEM32\DBGHELP.DLL
0x00007ffcf9b60000 - 0x00007ffcf9b94000 	C:\Windows\SYSTEM32\dbgcore.DLL
0x00007ffd04c30000 - 0x00007ffd04cb2000 	C:\Windows\System32\bcryptPrimitives.dll
0x00007ffcf9400000 - 0x00007ffcf940e000 	C:\Program Files\Android\Android Studio\jbr\bin\instrument.dll
0x00007ffcfc770000 - 0x00007ffcfc795000 	C:\Program Files\Android\Android Studio\jbr\bin\java.dll
0x00007ffcfc6f0000 - 0x00007ffcfc708000 	C:\Program Files\Android\Android Studio\jbr\bin\zip.dll
0x00007ffd05870000 - 0x00007ffd05fe0000 	C:\Windows\System32\SHELL32.dll
0x00007ffd025b0000 - 0x00007ffd02d55000 	C:\Windows\SYSTEM32\windows.storage.dll
0x00007ffd04fc0000 - 0x00007ffd05313000 	C:\Windows\System32\combase.dll
0x00007ffd03e70000 - 0x00007ffd03e9b000 	C:\Windows\SYSTEM32\Wldp.dll
0x00007ffd06b20000 - 0x00007ffd06bed000 	C:\Windows\System32\OLEAUT32.dll
0x00007ffd061a0000 - 0x00007ffd0624d000 	C:\Windows\System32\SHCORE.dll
0x00007ffd06c50000 - 0x00007ffd06cab000 	C:\Windows\System32\shlwapi.dll
0x00007ffd04440000 - 0x00007ffd04464000 	C:\Windows\SYSTEM32\profapi.dll
0x00007ffcfc270000 - 0x00007ffcfc289000 	C:\Program Files\Android\Android Studio\jbr\bin\net.dll
0x00007ffcfe4b0000 - 0x00007ffcfe5ba000 	C:\Windows\SYSTEM32\WINHTTP.dll
0x00007ffd03bd0000 - 0x00007ffd03c3a000 	C:\Windows\system32\mswsock.dll
0x00007ffcfc000000 - 0x00007ffcfc016000 	C:\Program Files\Android\Android Studio\jbr\bin\nio.dll
0x00007ffcfc4a0000 - 0x00007ffcfc4b0000 	C:\Program Files\Android\Android Studio\jbr\bin\verify.dll
0x00007ffcfe1a0000 - 0x00007ffcfe1c7000 	C:\Users\Administrator\.gradle\native\c067742578af261105cb4f569cf0c3c89f3d7b1fecec35dd04571415982c5e48\windows-amd64\native-platform.dll
0x00007ffcbf7f0000 - 0x00007ffcbf934000 	C:\Users\Administrator\.gradle\native\38dada09dfb8b06ba9b0570ebf7e218e3eb74d4ef43ca46872605cf95ebc2f47\windows-amd64\native-platform-file-events.dll
0x00007ffcfe030000 - 0x00007ffcfe039000 	C:\Program Files\Android\Android Studio\jbr\bin\management.dll
0x00007ffcfc760000 - 0x00007ffcfc76b000 	C:\Program Files\Android\Android Studio\jbr\bin\management_ext.dll
0x00007ffd06cb0000 - 0x00007ffd06cb8000 	C:\Windows\System32\PSAPI.DLL
0x00007ffd03dc0000 - 0x00007ffd03dd8000 	C:\Windows\SYSTEM32\CRYPTSP.dll
0x00007ffd034f0000 - 0x00007ffd03528000 	C:\Windows\system32\rsaenh.dll
0x00007ffd04400000 - 0x00007ffd0442e000 	C:\Windows\SYSTEM32\USERENV.dll
0x00007ffd03de0000 - 0x00007ffd03dec000 	C:\Windows\SYSTEM32\CRYPTBASE.dll
0x00007ffd038b0000 - 0x00007ffd038eb000 	C:\Windows\SYSTEM32\IPHLPAPI.DLL
0x00007ffd056c0000 - 0x00007ffd056c8000 	C:\Windows\System32\NSI.dll
0x00007ffcff0d0000 - 0x00007ffcff0e7000 	C:\Windows\SYSTEM32\dhcpcsvc6.DLL
0x00007ffcff0b0000 - 0x00007ffcff0cd000 	C:\Windows\SYSTEM32\dhcpcsvc.DLL
0x00007ffd038f0000 - 0x00007ffd039ba000 	C:\Windows\SYSTEM32\DNSAPI.dll
0x00007ffcff320000 - 0x00007ffcff327000 	C:\Windows\system32\wshunix.dll
0x00007ffd00c20000 - 0x00007ffd00c37000 	C:\Windows\system32\napinsp.dll
0x00007ffd00c00000 - 0x00007ffd00c1b000 	C:\Windows\system32\pnrpnsp.dll
0x00007ffd00be0000 - 0x00007ffd00bfd000 	C:\Windows\system32\wshbth.dll
0x00007ffcffaa0000 - 0x00007ffcffabd000 	C:\Windows\system32\NLAapi.dll
0x00007ffd00bc0000 - 0x00007ffd00bd2000 	C:\Windows\System32\winrnr.dll
0x00007ffcfca70000 - 0x00007ffcfca7a000 	C:\Windows\System32\rasadhlp.dll
0x00007ffcfc650000 - 0x00007ffcfc6d0000 	C:\Windows\System32\fwpuclnt.dll

dbghelp: loaded successfully - version: 4.0.5 - missing functions: none
symbol engine: initialized successfully - sym options: 0x614 - pdb path: .;C:\Program Files\Android\Android Studio\jbr\bin;C:\Windows\SYSTEM32;C:\Windows\WinSxS\amd64_microsoft.windows.common-controls_6595b64144ccf1df_6.0.19041.6280_none_60bc30a171f2f3f3;C:\Program Files\Android\Android Studio\jbr\bin\server;C:\Users\Administrator\.gradle\native\c067742578af261105cb4f569cf0c3c89f3d7b1fecec35dd04571415982c5e48\windows-amd64;C:\Users\Administrator\.gradle\native\38dada09dfb8b06ba9b0570ebf7e218e3eb74d4ef43ca46872605cf95ebc2f47\windows-amd64

VM Arguments:
jvm_args: --add-opens=java.base/java.util=ALL-UNNAMED --add-opens=java.base/java.lang=ALL-UNNAMED --add-opens=java.base/java.lang.invoke=ALL-UNNAMED --add-opens=java.prefs/java.util.prefs=ALL-UNNAMED --add-opens=java.base/java.nio.charset=ALL-UNNAMED --add-opens=java.base/java.net=ALL-UNNAMED --add-opens=java.base/java.util.concurrent.atomic=ALL-UNNAMED -Xmx2048m -Dfile.encoding=UTF-8 -Duser.country=PH -Duser.language=en -Duser.variant -javaagent:C:\Users\Administrator\.gradle\wrapper\dists\gradle-8.4-bin\1w5dpkrfk8irigvoxmyhowfim\gradle-8.4\lib\agents\gradle-instrumentation-agent-8.4.jar 
java_command: org.gradle.launcher.daemon.bootstrap.GradleDaemon 8.4
java_class_path (initial): C:\Users\Administrator\.gradle\wrapper\dists\gradle-8.4-bin\1w5dpkrfk8irigvoxmyhowfim\gradle-8.4\lib\gradle-launcher-8.4.jar
Launcher Type: SUN_STANDARD

[Global flags]
     intx CICompilerCount                          = 4                                         {product} {ergonomic}
     uint ConcGCThreads                            = 2                                         {product} {ergonomic}
     uint G1ConcRefinementThreads                  = 8                                         {product} {ergonomic}
   size_t G1HeapRegionSize                         = 1048576                                   {product} {ergonomic}
    uintx GCDrainStackTargetSize                   = 64                                        {product} {ergonomic}
   size_t InitialHeapSize                          = 268435456                                 {product} {ergonomic}
   size_t MarkStackSize                            = 4194304                                   {product} {ergonomic}
   size_t MaxHeapSize                              = 2147483648                                {product} {command line}
   size_t MaxNewSize                               = 1287651328                                {product} {ergonomic}
   size_t MinHeapDeltaBytes                        = 1048576                                   {product} {ergonomic}
   size_t MinHeapSize                              = 8388608                                   {product} {ergonomic}
    uintx NonNMethodCodeHeapSize                   = 5839372                                {pd product} {ergonomic}
    uintx NonProfiledCodeHeapSize                  = 122909434                              {pd product} {ergonomic}
    uintx ProfiledCodeHeapSize                     = 122909434                              {pd product} {ergonomic}
    uintx ReservedCodeCacheSize                    = 251658240                              {pd product} {ergonomic}
     bool SegmentedCodeCache                       = true                                      {product} {ergonomic}
   size_t SoftMaxHeapSize                          = 2147483648                             {manageable} {ergonomic}
     bool UseCompressedClassPointers               = true                           {product lp64_product} {ergonomic}
     bool UseCompressedOops                        = true                           {product lp64_product} {ergonomic}
     bool UseG1GC                                  = true                                      {product} {ergonomic}
     bool UseLargePagesIndividualAllocation        = false                                  {pd product} {ergonomic}

Logging:
Log output configuration:
 #0: stdout all=warning uptime,level,tags
 #1: stderr all=off uptime,level,tags

Environment Variables:
PATH=C:\Program Files\Google\Chrome\Application;C:\Program Files (x86)\Common Files\Oracle\Java\java8path;C:\Program Files (x86)\Common Files\Oracle\Java\javapath;C:\ProgramData\Oracle\Java\javapath;C:\Windows\system32;C:\Windows;C:\Windows\System32\Wbem;C:\Windows\System32\WindowsPowerShell\v1.0\;C:\Windows\System32\OpenSSH\;C:\Program Files\NVIDIA Corporation\NVIDIA App\NvDLISR;C:\Program Files (x86)\NVIDIA Corporation\PhysX\Common;C:\Users\Administrator\AppData\Local\Microsoft\WindowsApps;
USERNAME=Administrator
OS=Windows_NT
PROCESSOR_IDENTIFIER=AMD64 Family 23 Model 1 Stepping 1, AuthenticAMD
TMP=C:\Users\ADMINI~1\AppData\Local\Temp
TEMP=C:\Users\ADMINI~1\AppData\Local\Temp



Periodic native trim disabled

JNI global refs:
JNI global refs: 28, weak refs: 14

JNI global refs memory usage: 843, weak refs: 841

OOME stack traces (most recent first):
Classloader memory used:
Loader org.gradle.internal.classloader.VisitableURLClassLoader                         : 4844K
Loader org.gradle.internal.classloader.VisitableURLClassLoader$InstrumentingVisitableURLClassLoader: 3900K
Loader bootstrap                                                                       : 3240K
Loader org.gradle.initialization.MixInLegacyTypesClassLoader                           : 1329K
Loader jdk.internal.reflect.DelegatingClassLoader                                      : 90548B
Loader jdk.internal.loader.ClassLoaders$PlatformClassLoader                            : 68715B
Loader jdk.internal.loader.ClassLoaders$AppClassLoader                                 : 28124B
Loader org.gradle.internal.classloader.VisitableURLClassLoader                         : 8467B
Loader sun.reflect.misc.MethodUtil                                                     : 373B

Classes loaded by more than one classloader:
Class Program                                                                         : loaded 5 times (x 70B)
Class Build_gradle$1                                                                  : loaded 3 times (x 72B)
Class Build_gradle                                                                    : loaded 3 times (x 128B)
Class com.google.common.io.Closer$SuppressingSuppressor                               : loaded 2 times (x 73B)
Class org.objectweb.asm.ModuleVisitor                                                 : loaded 2 times (x 79B)
Class com.google.common.io.ByteSource                                                 : loaded 2 times (x 82B)
Class [Lcom.google.common.collect.AbstractMapEntry;                                   : loaded 2 times (x 67B)
Class com.google.common.collect.ImmutableRangeSet$AsSet                               : loaded 2 times (x 233B)
Class com.google.common.collect.SingletonImmutableList                                : loaded 2 times (x 167B)
Class com.google.common.cache.CacheLoader$SupplierToCacheLoader                       : loaded 2 times (x 73B)
Class org.gradle.internal.classpath.ClassPath                                         : loaded 2 times (x 68B)
Class com.google.common.io.FileWriteMode                                              : loaded 2 times (x 77B)
Class com.google.common.cache.RemovalListener                                         : loaded 2 times (x 68B)
Class org.gradle.api.internal.classpath.DefaultModuleRegistry                         : loaded 2 times (x 84B)
Class Settings_gradle$1$1                                                             : loaded 2 times (x 72B)
Class com.google.common.collect.ImmutableEnumSet                                      : loaded 2 times (x 144B)
Class com.google.common.collect.ListMultimap                                          : loaded 2 times (x 68B)
Class com.google.common.base.CharMatcher$JavaDigit                                    : loaded 2 times (x 109B)
Class com.google.common.base.CharMatcher$Digit                                        : loaded 2 times (x 110B)
Class com.google.common.collect.AbstractMultimap                                      : loaded 2 times (x 121B)
Class com.google.common.cache.CacheBuilder$OneWeigher                                 : loaded 2 times (x 80B)
Class org.gradle.api.Action                                                           : loaded 2 times (x 68B)
Class com.google.common.collect.ImmutableEntry                                        : loaded 2 times (x 80B)
Class com.google.common.collect.Lists$StringAsImmutableList                           : loaded 2 times (x 167B)
Class com.google.common.collect.ImmutableMap$SerializedForm                           : loaded 2 times (x 71B)
Class com.google.common.cache.LocalCache$StrongEntry                                  : loaded 2 times (x 106B)
Class org.objectweb.asm.FieldWriter                                                   : loaded 2 times (x 76B)
Class com.google.common.base.CharMatcher                                              : loaded 2 times (x 109B)
Class com.google.common.base.CharMatcher$IsNot                                        : loaded 2 times (x 109B)
Class com.google.common.collect.RegularImmutableSortedSet                             : loaded 2 times (x 233B)
Class org.jetbrains.kotlin.config.MavenComparableVersion$IntegerItem                  : loaded 2 times (x 78B)
Class com.google.common.collect.Maps$IteratorBasedAbstractMap                         : loaded 2 times (x 123B)
Class com.google.common.collect.SetMultimap                                           : loaded 2 times (x 68B)
Class com.google.common.base.Splitter                                                 : loaded 2 times (x 70B)
Class [Lcom.google.common.cache.Weigher;                                              : loaded 2 times (x 67B)
Class com.google.common.collect.Iterators$ArrayItr                                    : loaded 2 times (x 95B)
Class com.google.common.cache.LocalCache$Segment                                      : loaded 2 times (x 152B)
Class org.gradle.api.internal.DefaultClassPathProvider                                : loaded 2 times (x 74B)
Class org.gradle.internal.installation.GradleInstallation$1                           : loaded 2 times (x 73B)
Class com.google.common.cache.LocalCache$AbstractReferenceEntry                       : loaded 2 times (x 105B)
Class org.objectweb.asm.Type                                                          : loaded 2 times (x 70B)
Class com.google.common.util.concurrent.AbstractFuture$Failure                        : loaded 2 times (x 70B)
Class com.google.common.base.CharMatcher$BitSetMatcher                                : loaded 2 times (x 110B)
Class com.google.common.collect.ImmutableMap$IteratorBasedImmutableMap                : loaded 2 times (x 123B)
Class com.google.common.io.Files$FileByteSource                                       : loaded 2 times (x 83B)
Class com.google.common.collect.ImmutableMap                                          : loaded 2 times (x 118B)
Class com.google.common.base.Converter                                                : loaded 2 times (x 88B)
Class com.google.common.collect.ImmutableSortedSetFauxverideShim                      : loaded 2 times (x 145B)
Class com.google.common.collect.ImmutableSet$EmptySetBuilderImpl                      : loaded 2 times (x 74B)
Class com.google.common.base.Equivalence                                              : loaded 2 times (x 80B)
Class com.google.common.primitives.Ints                                               : loaded 2 times (x 69B)
Class com.google.common.cache.LocalCache$EntryFactory$1                               : loaded 2 times (x 81B)
Class com.google.common.cache.LocalCache$EntryFactory$2                               : loaded 2 times (x 81B)
Class com.google.common.cache.LocalCache$EntryFactory$3                               : loaded 2 times (x 81B)
Class com.google.common.cache.LocalCache$EntryFactory$4                               : loaded 2 times (x 81B)
Class com.google.common.cache.LocalCache$EntryFactory$5                               : loaded 2 times (x 81B)
Class com.google.common.cache.LocalCache$EntryFactory$6                               : loaded 2 times (x 81B)
Class com.google.common.cache.LocalCache$EntryFactory$7                               : loaded 2 times (x 81B)
Class com.google.common.cache.LocalCache$EntryFactory$8                               : loaded 2 times (x 81B)
Class com.google.common.base.Predicate                                                : loaded 2 times (x 68B)
Class com.google.common.cache.LocalCache$StrongValueReference                         : loaded 2 times (x 88B)
Class org.gradle.internal.classloader.FilteringClassLoader                            : loaded 2 times (x 103B)
Class com.google.common.collect.AbstractMapBasedMultimap$WrappedCollection            : loaded 2 times (x 122B)
Class com.google.common.collect.RegularImmutableSet                                   : loaded 2 times (x 146B)
Class [Lcom.google.common.cache.LocalCache$Strength;                                  : loaded 2 times (x 67B)
Class org.gradle.internal.classpath.DefaultClassPath$ImmutableUniqueList$Builder      : loaded 2 times (x 73B)
Class com.google.common.collect.AbstractRangeSet                                      : loaded 2 times (x 112B)
Class com.google.common.collect.Maps$8                                                : loaded 2 times (x 80B)
Class [Lcom.google.common.cache.CacheBuilder$NullListener;                            : loaded 2 times (x 67B)
Class com.google.common.base.PatternCompiler                                          : loaded 2 times (x 68B)
Class com.google.common.base.CharMatcher$InRange                                      : loaded 2 times (x 109B)
Class com.google.common.collect.Maps$KeySet                                           : loaded 2 times (x 135B)
Class com.google.common.collect.Sets$SetView                                          : loaded 2 times (x 136B)
Class com.google.common.collect.BiMap                                                 : loaded 2 times (x 68B)
Class com.google.common.collect.Lists                                                 : loaded 2 times (x 69B)
Class org.objectweb.asm.AnnotationWriter                                              : loaded 2 times (x 77B)
Class com.google.common.math.IntMath$1                                                : loaded 2 times (x 69B)
Class org.gradle.internal.classloader.ClassLoaderVisitor                              : loaded 2 times (x 74B)
Class org.objectweb.asm.Label                                                         : loaded 2 times (x 71B)
Class com.google.common.cache.CacheBuilder$NullListener                               : loaded 2 times (x 80B)
Class com.google.common.collect.ImmutableMultimap                                     : loaded 2 times (x 145B)
Class com.google.common.math.MathPreconditions                                        : loaded 2 times (x 69B)
Class org.gradle.internal.service.DefaultServiceLocator                               : loaded 2 times (x 81B)
Class org.gradle.internal.service.UnknownServiceException                             : loaded 2 times (x 81B)
Class com.google.common.util.concurrent.AbstractFuture$SynchronizedHelper             : loaded 2 times (x 76B)
Class com.google.common.collect.ArrayListMultimap                                     : loaded 2 times (x 170B)
Class com.google.common.base.Strings                                                  : loaded 2 times (x 69B)
Class com.google.common.io.Closer                                                     : loaded 2 times (x 76B)
Class com.google.common.cache.CacheLoader$InvalidCacheLoadException                   : loaded 2 times (x 80B)
Class org.gradle.internal.classloader.DefaultClassLoaderFactory                       : loaded 2 times (x 80B)
Class com.google.common.collect.UnmodifiableIterator                                  : loaded 2 times (x 78B)
Class com.google.common.base.Stopwatch                                                : loaded 2 times (x 70B)
Class com.google.common.base.Platform$JdkPatternCompiler                              : loaded 2 times (x 73B)
Class com.google.common.cache.LocalCache$LoadingValueReference                        : loaded 2 times (x 94B)
Class com.google.common.base.CharMatcher$SingleWidth                                  : loaded 2 times (x 110B)
Class com.google.common.collect.Hashing                                               : loaded 2 times (x 69B)
Class com.google.common.collect.ImmutableRangeSet$ComplementRanges                    : loaded 2 times (x 167B)
Class com.google.common.base.JdkPattern                                               : loaded 2 times (x 73B)
Class com.google.common.collect.Multimap                                              : loaded 2 times (x 68B)
Class com.google.common.base.FunctionalEquivalence                                    : loaded 2 times (x 81B)
Class org.objectweb.asm.AnnotationVisitor                                             : loaded 2 times (x 76B)
Class org.objectweb.asm.RecordComponentWriter                                         : loaded 2 times (x 76B)
Class com.google.common.cache.LocalCache$1                                            : loaded 2 times (x 87B)
Class com.google.common.cache.LocalCache$2                                            : loaded 2 times (x 140B)
Class com.google.common.collect.RegularImmutableBiMap                                 : loaded 2 times (x 146B)
Class org.gradle.internal.classloader.VisitableURLClassLoader$Spec                    : loaded 2 times (x 72B)
Class org.gradle.api.GradleException                                                  : loaded 2 times (x 80B)
Class com.google.common.base.CharMatcher$JavaLetterOrDigit                            : loaded 2 times (x 109B)
Class org.gradle.api.internal.classpath.ModuleRegistry                                : loaded 2 times (x 68B)
Class com.google.common.collect.ForwardingObject                                      : loaded 2 times (x 70B)
Class com.google.common.cache.CacheBuilder                                            : loaded 2 times (x 70B)
Class org.objectweb.asm.ByteVector                                                    : loaded 2 times (x 77B)
Class com.google.common.collect.ImmutableCollection                                   : loaded 2 times (x 123B)
Class com.google.common.collect.ImmutableRangeSet                                     : loaded 2 times (x 113B)
Class com.google.common.base.PairwiseEquivalence                                      : loaded 2 times (x 81B)
Class com.google.common.base.Ticker                                                   : loaded 2 times (x 70B)
Class org.gradle.api.internal.ClassPathProvider                                       : loaded 2 times (x 68B)
Class com.google.common.base.Ascii                                                    : loaded 2 times (x 69B)
Class com.google.common.collect.RegularImmutableMap$Values                            : loaded 2 times (x 167B)
Class com.google.common.collect.Iterators$MergingIterator                             : loaded 2 times (x 79B)
Class org.gradle.internal.classloader.ClasspathUtil$1                                 : loaded 2 times (x 74B)
Class com.google.common.collect.ImmutableEnumMap                                      : loaded 2 times (x 123B)
Class com.google.common.collect.ForwardingMap                                         : loaded 2 times (x 130B)
Class com.google.common.collect.ImmutableList$ReverseImmutableList                    : loaded 2 times (x 168B)
Class [Lorg.jetbrains.kotlin.utils.DescriptionAware;                                  : loaded 2 times (x 67B)
Class com.google.common.cache.AbstractCache$StatsCounter                              : loaded 2 times (x 68B)
Class org.objectweb.asm.FieldVisitor                                                  : loaded 2 times (x 75B)
Class org.objectweb.asm.Symbol                                                        : loaded 2 times (x 71B)
Class com.google.common.cache.LocalCache$Strength$1                                   : loaded 2 times (x 79B)
Class com.google.common.cache.LocalCache$Strength$2                                   : loaded 2 times (x 79B)
Class com.google.common.cache.LocalCache$Strength$3                                   : loaded 2 times (x 79B)
Class org.gradle.internal.classloader.ClassLoaderFactory                              : loaded 2 times (x 68B)
Class com.google.common.collect.ObjectArrays                                          : loaded 2 times (x 69B)
Class com.google.common.util.concurrent.AbstractFuture$Waiter                         : loaded 2 times (x 70B)
Class com.google.common.util.concurrent.Uninterruptibles                              : loaded 2 times (x 69B)
Class com.google.common.collect.Iterators$10                                          : loaded 2 times (x 79B)
Class com.google.common.collect.ImmutableList                                         : loaded 2 times (x 166B)
Class org.gradle.api.internal.classpath.ManifestUtil                                  : loaded 2 times (x 69B)
Class org.gradle.api.specs.Spec                                                       : loaded 2 times (x 68B)
Class com.google.common.collect.RangeSet                                              : loaded 2 times (x 68B)
Class com.google.common.cache.CacheLoader$UnsupportedLoadingOperationException        : loaded 2 times (x 80B)
Class com.google.common.base.CharMatcher$Whitespace                                   : loaded 2 times (x 110B)
Class com.google.common.util.concurrent.ListenableFuture                              : loaded 2 times (x 68B)
Class com.google.common.collect.Iterators$1                                           : loaded 2 times (x 79B)
Class com.google.common.collect.BaseImmutableMultimap                                 : loaded 2 times (x 121B)
Class com.google.common.collect.Iterators$4                                           : loaded 2 times (x 80B)
Class com.google.common.collect.RegularImmutableMap$BucketOverflowException           : loaded 2 times (x 80B)
Class com.google.common.collect.Iterators$5                                           : loaded 2 times (x 80B)
Class com.google.common.util.concurrent.AbstractFuture$UnsafeAtomicHelper             : loaded 2 times (x 76B)
Class com.google.common.base.Joiner                                                   : loaded 2 times (x 77B)
Class com.google.common.base.Equivalence$Equals                                       : loaded 2 times (x 80B)
Class com.google.common.base.Preconditions                                            : loaded 2 times (x 69B)
Class com.google.common.base.Function                                                 : loaded 2 times (x 68B)
Class com.google.common.collect.Iterators$9                                           : loaded 2 times (x 79B)
Class org.gradle.internal.IoActions                                                   : loaded 2 times (x 69B)
Class com.google.common.cache.ReferenceEntry                                          : loaded 2 times (x 68B)
Class com.google.common.collect.RegularImmutableMap$KeySet                            : loaded 2 times (x 148B)
Class com.google.common.collect.CollectPreconditions                                  : loaded 2 times (x 69B)
Class com.google.common.primitives.IntsMethodsForWeb                                  : loaded 2 times (x 69B)
Class com.google.common.collect.RangeGwtSerializationDependencies                     : loaded 2 times (x 69B)
Class com.google.common.collect.Maps                                                  : loaded 2 times (x 69B)
Class com.google.common.collect.RegularImmutableMap                                   : loaded 2 times (x 119B)
Class com.google.common.collect.AbstractIndexedListIterator                           : loaded 2 times (x 94B)
Class com.google.common.base.CharMatcher$None                                         : loaded 2 times (x 110B)
Class org.gradle.api.internal.classpath.EffectiveClassPath                            : loaded 2 times (x 88B)
Class com.google.common.collect.UnmodifiableListIterator                              : loaded 2 times (x 93B)
Class com.google.common.io.Files                                                      : loaded 2 times (x 69B)
Class com.google.common.cache.CacheLoader$FunctionToCacheLoader                       : loaded 2 times (x 73B)
Class com.google.common.cache.CacheBuilder$1                                          : loaded 2 times (x 83B)
Class com.google.common.cache.CacheBuilder$2                                          : loaded 2 times (x 70B)
Class com.google.common.collect.ImmutableList$1                                       : loaded 2 times (x 95B)
Class com.google.common.base.Splitter$Strategy                                        : loaded 2 times (x 68B)
Class com.google.common.collect.ImmutableMapEntrySet$RegularEntrySet                  : loaded 2 times (x 149B)
Class [Lcom.google.common.cache.RemovalListener;                                      : loaded 2 times (x 67B)
Class [Lcom.google.common.collect.ImmutableMapEntry;                                  : loaded 2 times (x 67B)
Class org.gradle.internal.installation.CurrentGradleInstallation                      : loaded 2 times (x 71B)
Class org.gradle.internal.agents.InstrumentingClassLoader                             : loaded 2 times (x 68B)
Class org.gradle.internal.installation.CurrentGradleInstallationLocator               : loaded 2 times (x 69B)
Class [Lcom.google.common.cache.LocalCache$Segment;                                   : loaded 2 times (x 67B)
Class org.gradle.api.internal.classpath.Module                                        : loaded 2 times (x 68B)
Class com.google.common.collect.ImmutableSortedSet                                    : loaded 2 times (x 233B)
Class com.google.common.base.Splitter$1$1                                             : loaded 2 times (x 84B)
Class com.google.common.collect.ImmutableSet$JdkBackedSetBuilderImpl                  : loaded 2 times (x 74B)
Class [Lorg.jetbrains.kotlin.config.LanguageOrApiVersion;                             : loaded 2 times (x 67B)
Class com.google.common.collect.ImmutableSet$RegularSetBuilderImpl                    : loaded 2 times (x 75B)
Class [Lorg.objectweb.asm.AnnotationWriter;                                           : loaded 2 times (x 67B)
Class org.gradle.internal.service.CachingServiceLocator                               : loaded 2 times (x 80B)
Class [Lcom.google.common.collect.ImmutableEntry;                                     : loaded 2 times (x 67B)
Class com.google.common.collect.Sets$ImprovedAbstractSet                              : loaded 2 times (x 133B)
Class org.gradle.internal.classpath.DefaultClassPath                                  : loaded 2 times (x 88B)
Class com.google.common.util.concurrent.AbstractFuture$SetFuture                      : loaded 2 times (x 73B)
Class com.google.common.collect.CollectCollectors                                     : loaded 2 times (x 69B)
Class com.google.common.collect.TransformedIterator                                   : loaded 2 times (x 78B)
Class com.google.common.base.Splitter$SplittingIterator                               : loaded 2 times (x 82B)
Class com.google.common.cache.LocalCache$LocalManualCache$1                           : loaded 2 times (x 73B)
Class org.gradle.internal.installation.GradleInstallation                             : loaded 2 times (x 73B)
Class org.objectweb.asm.SymbolTable$Entry                                             : loaded 2 times (x 72B)
Class [Lcom.google.common.cache.LocalCache$EntryFactory;                              : loaded 2 times (x 67B)
Class com.google.common.base.CharMatcher$Is                                           : loaded 2 times (x 109B)
Class com.google.common.base.Platform                                                 : loaded 2 times (x 69B)
Class com.google.common.collect.RegularImmutableAsList                                : loaded 2 times (x 176B)
Class com.google.common.collect.PeekingIterator                                       : loaded 2 times (x 68B)
Class com.google.common.collect.ImmutableSetMultimap                                  : loaded 2 times (x 178B)
Class com.google.common.collect.ImmutableMapEntrySet                                  : loaded 2 times (x 149B)
Class com.google.common.cache.CacheLoader                                             : loaded 2 times (x 72B)
Class com.google.common.collect.ImmutableBiMapFauxverideShim                          : loaded 2 times (x 118B)
Class org.objectweb.asm.MethodTooLargeException                                       : loaded 2 times (x 81B)
Class com.google.common.cache.Cache                                                   : loaded 2 times (x 68B)
Class com.google.common.collect.Maps$EntrySet                                         : loaded 2 times (x 134B)
Class org.jetbrains.kotlin.config.ApiVersion                                          : loaded 2 times (x 84B)
Class org.gradle.internal.classloader.SystemClassLoaderSpec                           : loaded 2 times (x 69B)
Class com.google.common.util.concurrent.internal.InternalFutureFailureAccess          : loaded 2 times (x 70B)
Class com.google.common.base.Charsets                                                 : loaded 2 times (x 69B)
Class org.jetbrains.kotlin.utils.DescriptionAware                                     : loaded 2 times (x 68B)
Class com.google.common.primitives.Ints$IntConverter                                  : loaded 2 times (x 88B)
Class com.google.common.collect.SingletonImmutableSet                                 : loaded 2 times (x 144B)
Class [Lcom.google.common.base.AbstractIterator$State;                                : loaded 2 times (x 67B)
Class com.google.common.collect.ImmutableMap$Builder                                  : loaded 2 times (x 80B)
Class com.google.common.base.AbstractIterator                                         : loaded 2 times (x 78B)
Class org.objectweb.asm.ClassWriter                                                   : loaded 2 times (x 104B)
Class com.google.common.collect.Range                                                 : loaded 2 times (x 85B)
Class org.jetbrains.kotlin.config.LanguageVersion                                     : loaded 2 times (x 89B)
Class com.google.common.base.AbstractIterator$1                                       : loaded 2 times (x 69B)
Class org.jetbrains.kotlin.config.MavenComparableVersion$Item                         : loaded 2 times (x 68B)
Class [Lcom.google.common.cache.CacheBuilder$OneWeigher;                              : loaded 2 times (x 67B)
Class com.google.common.collect.Iterators                                             : loaded 2 times (x 69B)
Class com.google.common.base.CharMatcher$Ascii                                        : loaded 2 times (x 110B)
Class com.google.common.base.CharMatcher$1                                            : loaded 2 times (x 111B)
Class com.google.common.cache.LocalCache$ComputingValueReference                      : loaded 2 times (x 94B)
Class org.gradle.api.UncheckedIOException                                             : loaded 2 times (x 80B)
Class com.google.common.base.CharMatcher$And                                          : loaded 2 times (x 110B)
Class com.google.common.io.Files$FileByteSink                                         : loaded 2 times (x 75B)
Class [Lcom.google.common.io.FileWriteMode;                                           : loaded 2 times (x 67B)
Class com.google.common.collect.IndexedImmutableSet                                   : loaded 2 times (x 148B)
Class com.google.common.base.ExtraObjectsMethodsForWeb                                : loaded 2 times (x 69B)
Class com.google.common.collect.AbstractListMultimap                                  : loaded 2 times (x 170B)
Class com.google.common.base.CharMatcher$Any                                          : loaded 2 times (x 110B)
Class org.objectweb.asm.ModuleWriter                                                  : loaded 2 times (x 80B)
Class com.google.common.cache.LocalCache$Strength                                     : loaded 2 times (x 79B)
Class com.google.common.collect.AbstractMapBasedMultimap$KeySet                       : loaded 2 times (x 135B)
Class com.google.common.collect.SortedIterable                                        : loaded 2 times (x 68B)
Class com.google.common.collect.ArrayListMultimapGwtSerializationDependencies         : loaded 2 times (x 170B)
Class com.google.common.base.CharMatcher$RangesMatcher                                : loaded 2 times (x 110B)
Class com.google.common.collect.AbstractMapBasedMultimap$RandomAccessWrappedList      : loaded 2 times (x 165B)
Class org.objectweb.asm.Handler                                                       : loaded 2 times (x 70B)
Class com.google.common.collect.ImmutableList$SubList                                 : loaded 2 times (x 168B)
Class com.google.common.cache.LocalCache$ValueReference                               : loaded 2 times (x 68B)
Class org.gradle.internal.classloader.ClasspathUtil                                   : loaded 2 times (x 69B)
Class org.objectweb.asm.CurrentFrame                                                  : loaded 2 times (x 71B)
Class com.google.common.util.concurrent.AbstractFuture                                : loaded 2 times (x 93B)
Class com.google.common.base.Splitter$1                                               : loaded 2 times (x 75B)
Class com.google.common.collect.TransformedListIterator                               : loaded 2 times (x 91B)
Class com.google.common.base.Ticker$1                                                 : loaded 2 times (x 70B)
Class com.google.common.collect.Maps$BiMapConverter                                   : loaded 2 times (x 88B)
Class org.gradle.api.internal.DefaultClassPathRegistry                                : loaded 2 times (x 74B)
Class org.jetbrains.kotlin.config.LanguageOrApiVersion                                : loaded 2 times (x 68B)
Class com.google.common.util.concurrent.AbstractFuture$Cancellation                   : loaded 2 times (x 70B)
Class [Lorg.objectweb.asm.Symbol;                                                     : loaded 2 times (x 67B)
Class com.google.common.collect.ImmutableSet$SetBuilderImpl                           : loaded 2 times (x 74B)
Class org.gradle.api.internal.classpath.DefaultModuleRegistry$DefaultModule           : loaded 2 times (x 84B)
Class com.google.common.base.CharMatcher$JavaIsoControl                               : loaded 2 times (x 110B)
Class com.google.common.collect.ImmutableMap$1                                        : loaded 2 times (x 79B)
Class org.jetbrains.kotlin.config.ApiVersion$Companion                                : loaded 2 times (x 69B)
Class com.google.common.base.CharMatcher$Or                                           : loaded 2 times (x 110B)
Class org.gradle.kotlin.dsl.VersionCatalogAccessorsKt                                 : loaded 2 times (x 69B)
Class com.google.common.base.Suppliers$SupplierOfInstance                             : loaded 2 times (x 77B)
Class org.objectweb.asm.RecordComponentVisitor                                        : loaded 2 times (x 75B)
Class com.google.common.collect.Iterables                                             : loaded 2 times (x 69B)
Class com.google.common.base.CharMatcher$JavaLowerCase                                : loaded 2 times (x 109B)
Class org.objectweb.asm.ClassTooLargeException                                        : loaded 2 times (x 81B)
Class org.jetbrains.kotlin.config.LanguageVersion$Companion                           : loaded 2 times (x 69B)
Class org.gradle.api.internal.classpath.UnknownModuleException                        : loaded 2 times (x 80B)
Class com.google.common.util.concurrent.AbstractFuture$Listener                       : loaded 2 times (x 70B)
Class org.objectweb.asm.Edge                                                          : loaded 2 times (x 70B)
Class com.google.common.collect.Maps$EntryTransformer                                 : loaded 2 times (x 68B)
Class com.google.common.collect.ImmutableCollection$Builder                           : loaded 2 times (x 74B)
Class [Lorg.objectweb.asm.SymbolTable$Entry;                                          : loaded 2 times (x 67B)
Class com.google.common.collect.SingletonImmutableBiMap                               : loaded 2 times (x 141B)
Class com.google.common.base.CommonPattern                                            : loaded 2 times (x 72B)
Class com.google.common.base.Suppliers                                                : loaded 2 times (x 69B)
Class org.objectweb.asm.ClassVisitor                                                  : loaded 2 times (x 86B)
Class com.google.common.cache.LoadingCache                                            : loaded 2 times (x 68B)
Class org.gradle.internal.service.ServiceLookupException                              : loaded 2 times (x 80B)
Class org.gradle.cache.GlobalCache                                                    : loaded 2 times (x 68B)
Class com.google.common.base.CharMatcher$NegatedFastMatcher                           : loaded 2 times (x 111B)
Class [Lorg.gradle.api.internal.ClassPathProvider;                                    : loaded 2 times (x 67B)
Class com.google.common.util.concurrent.AbstractFuture$SafeAtomicHelper               : loaded 2 times (x 77B)
Class org.gradle.util.internal.GUtil                                                  : loaded 2 times (x 69B)
Class com.google.common.math.IntMath                                                  : loaded 2 times (x 69B)
Class com.google.common.collect.AbstractIterator                                      : loaded 2 times (x 80B)
Class org.gradle.internal.classloader.ClassLoaderSpec                                 : loaded 2 times (x 69B)
Class com.google.common.io.LineProcessor                                              : loaded 2 times (x 68B)
Class com.google.common.base.NullnessCasts                                            : loaded 2 times (x 69B)
Class com.google.common.io.CharSink                                                   : loaded 2 times (x 77B)
Class org.objectweb.asm.Frame                                                         : loaded 2 times (x 71B)
Class com.google.common.cache.LocalCache$LocalManualCache                             : loaded 2 times (x 97B)
Class com.google.common.collect.AbstractMapEntry                                      : loaded 2 times (x 79B)
Class com.google.common.collect.ImmutableList$Builder                                 : loaded 2 times (x 75B)
Class com.google.common.base.CharMatcher$Negated                                      : loaded 2 times (x 111B)
Class com.google.common.cache.CacheLoader$1                                           : loaded 2 times (x 73B)
Class com.google.common.util.concurrent.AbstractFuture$TrustedFuture                  : loaded 2 times (x 95B)
Class com.google.common.collect.Maps$ViewCachingAbstractMap                           : loaded 2 times (x 123B)
Class com.google.common.collect.Sets                                                  : loaded 2 times (x 69B)
Class com.google.common.collect.ImmutableSet$Builder                                  : loaded 2 times (x 83B)
Class com.google.common.base.CharMatcher$ForPredicate                                 : loaded 2 times (x 110B)
Class com.google.common.collect.ImmutableMap$MapViewOfValuesAsSingletonSets           : loaded 2 times (x 123B)
Class com.google.common.base.MoreObjects                                              : loaded 2 times (x 69B)
Class com.google.common.collect.SortedMapDifference                                   : loaded 2 times (x 68B)
Class org.objectweb.asm.SymbolTable                                                   : loaded 2 times (x 70B)
Class [Lorg.objectweb.asm.AnnotationVisitor;                                          : loaded 2 times (x 67B)
Class com.google.common.cache.CacheStats                                              : loaded 2 times (x 69B)
Class org.objectweb.asm.Attribute                                                     : loaded 2 times (x 75B)
Class org.gradle.internal.classloader.VisitableURLClassLoader                         : loaded 2 times (x 115B)
Class com.google.common.cache.LocalCache$LocalLoadingCache                            : loaded 2 times (x 132B)
Class com.google.common.base.Supplier                                                 : loaded 2 times (x 68B)
Class com.google.common.base.Objects                                                  : loaded 2 times (x 69B)
Class com.google.common.util.concurrent.AbstractFuture$AtomicHelper                   : loaded 2 times (x 76B)
Class com.google.common.collect.ImmutableBiMap                                        : loaded 2 times (x 141B)
Class org.gradle.internal.Cast                                                        : loaded 2 times (x 69B)
Class org.jetbrains.kotlin.config.MavenComparableVersion$ListItem                     : loaded 2 times (x 178B)
Class org.gradle.api.internal.ClassPathRegistry                                       : loaded 2 times (x 68B)
Class com.google.common.cache.LocalCache$EntryFactory                                 : loaded 2 times (x 81B)
Class com.google.common.util.concurrent.UncheckedExecutionException                   : loaded 2 times (x 80B)
Class com.google.common.collect.ImmutableSet                                          : loaded 2 times (x 143B)
Class org.gradle.internal.classloader.VisitableURLClassLoader$InstrumentingVisitableURLClassLoader: loaded 2 times (x 121B)
Class org.gradle.internal.classloader.ClassLoaderHierarchy                            : loaded 2 times (x 68B)
Class com.google.common.io.Closer$Suppressor                                          : loaded 2 times (x 68B)
Class com.google.common.collect.AbstractMapBasedMultimap$WrappedList                  : loaded 2 times (x 165B)
Class [Lorg.objectweb.asm.Type;                                                       : loaded 2 times (x 67B)
Class com.google.common.base.AbstractIterator$State                                   : loaded 2 times (x 77B)
Class com.google.common.cache.Weigher                                                 : loaded 2 times (x 68B)
Class com.google.common.base.CharMatcher$NamedFastMatcher                             : loaded 2 times (x 110B)
Class org.gradle.internal.InternalTransformer                                         : loaded 2 times (x 68B)
Class org.gradle.internal.service.ServiceLocator                                      : loaded 2 times (x 68B)
Class Settings_gradle$1                                                               : loaded 2 times (x 72B)
Class org.jetbrains.kotlin.config.MavenComparableVersion                              : loaded 2 times (x 76B)
Class com.google.common.collect.ImmutableRangeSet$1                                   : loaded 2 times (x 169B)
Class com.google.common.util.concurrent.SettableFuture                                : loaded 2 times (x 95B)
Class com.google.common.io.Files$2                                                    : loaded 2 times (x 74B)
Class com.google.common.collect.ImmutableMapEntry                                     : loaded 2 times (x 83B)
Class com.google.common.base.CharMatcher$Invisible                                    : loaded 2 times (x 110B)
Class com.google.common.base.Joiner$1                                                 : loaded 2 times (x 78B)
Class com.google.common.base.Joiner$2                                                 : loaded 2 times (x 77B)
Class com.google.common.base.CharMatcher$FastMatcher                                  : loaded 2 times (x 109B)
Class [Lorg.jetbrains.kotlin.config.LanguageVersion;                                  : loaded 2 times (x 67B)
Class org.gradle.internal.classpath.DefaultClassPath$ImmutableUniqueList              : loaded 2 times (x 159B)
Class com.google.common.base.CharMatcher$JavaLetter                                   : loaded 2 times (x 109B)
Class org.gradle.internal.classpath.TransformedClassPath                              : loaded 2 times (x 94B)
Class com.google.common.collect.MapDifference                                         : loaded 2 times (x 68B)
Class com.google.common.collect.Sets$1                                                : loaded 2 times (x 137B)
Class com.google.common.collect.Sets$2                                                : loaded 2 times (x 137B)
Class com.google.common.util.concurrent.AbstractFuture$Trusted                        : loaded 2 times (x 68B)
Class com.google.common.collect.Sets$3                                                : loaded 2 times (x 137B)
Class com.google.common.graph.SuccessorsFunction                                      : loaded 2 times (x 68B)
Class com.google.common.collect.Sets$4                                                : loaded 2 times (x 137B)
Class Settings_gradle                                                                 : loaded 2 times (x 126B)
Class com.google.common.io.ByteSink                                                   : loaded 2 times (x 74B)
Class com.google.common.collect.AbstractMapBasedMultimap$WrappedCollection$WrappedIterator: loaded 2 times (x 82B)
Class org.objectweb.asm.MethodWriter                                                  : loaded 2 times (x 104B)
Class com.google.common.collect.Platform                                              : loaded 2 times (x 69B)
Class com.google.common.collect.ImmutableAsList                                       : loaded 2 times (x 169B)
Class com.google.common.util.concurrent.ExecutionError                                : loaded 2 times (x 80B)
Class com.google.common.io.ByteSink$AsCharSink                                        : loaded 2 times (x 78B)
Class com.google.common.base.Equivalence$Identity                                     : loaded 2 times (x 80B)
Class com.google.common.base.CharMatcher$AnyOf                                        : loaded 2 times (x 110B)
Class com.google.common.base.CharMatcher$IsEither                                     : loaded 2 times (x 109B)
Class com.google.common.cache.LocalCache                                              : loaded 2 times (x 185B)
Class com.google.common.collect.ImmutableRangeSet$Builder                             : loaded 2 times (x 75B)
Class com.google.common.collect.RegularImmutableList                                  : loaded 2 times (x 172B)
Class com.google.common.util.concurrent.AbstractFuture$UnsafeAtomicHelper$1           : loaded 2 times (x 74B)
Class com.google.common.base.CharMatcher$JavaUpperCase                                : loaded 2 times (x 109B)
Class com.google.common.collect.Multiset                                              : loaded 2 times (x 68B)
Class com.google.common.collect.ImmutableSet$CachingAsList                            : loaded 2 times (x 145B)
Class org.objectweb.asm.MethodVisitor                                                 : loaded 2 times (x 103B)
Class com.google.common.collect.AbstractMapBasedMultimap$KeySet$1                     : loaded 2 times (x 80B)
Class com.google.common.collect.ImmutableMapEntry$NonTerminalImmutableMapEntry        : loaded 2 times (x 83B)
Class com.google.common.collect.AbstractMapBasedMultimap                              : loaded 2 times (x 137B)


---------------  S Y S T E M  ---------------

OS:
 Windows 10 , 64 bit Build 19041 (10.0.19041.5915)
OS uptime: 0 days 0:52 hours

CPU: total 8 (initial active 8) (8 cores per cpu, 2 threads per core) family 23 model 1 stepping 1 microcode 0x0, cx8, cmov, fxsr, ht, mmx, 3dnowpref, sse, sse2, sse3, ssse3, sse4a, sse4.1, sse4.2, popcnt, lzcnt, tsc, tscinvbit, avx, avx2, aes, clmul, bmi1, bmi2, adx, sha, fma, vzeroupper, clflush, clflushopt
Processor Information for all 8 processors :
  Max Mhz: 3200, Current Mhz: 3200, Mhz Limit: 3200

Memory: 4k page, system-wide physical 16263M (1370M free)
TotalPageFile size 23943M (AvailPageFile size 85M)
current process WorkingSet (physical memory assigned to process): 500M, peak: 505M
current process commit charge ("private bytes"): 585M, peak: 702M

vm_info: OpenJDK 64-Bit Server VM (17.0.9+0--11185874) for windows-amd64 JRE (17.0.9+0--11185874), built on Dec  6 2023 18:57:44 by "androidbuild" with MS VC++ 16.10 / 16.11 (VS2019)

END.
