#
# There is insufficient memory for the Java Runtime Environment to continue.
# Native memory allocation (mmap) failed to map 440401920 bytes for G1 virtual space
# Possible reasons:
#   The system is out of physical RAM or swap space
#   The process is running with CompressedOops enabled, and the Java Heap may be blocking the growth of the native heap
# Possible solutions:
#   Reduce memory load on the system
#   Increase physical memory or swap space
#   Check if swap backing store is full
#   Decrease Java heap size (-Xmx/-Xms)
#   Decrease number of Java threads
#   Decrease Java thread stack sizes (-Xss)
#   Set larger code cache with -XX:ReservedCodeCacheSize=
#   JVM is running with Unscaled Compressed Oops mode in which the Java heap is
#     placed in the first 4GB address space. The Java Heap base address is the
#     maximum limit for the native heap growth. Please use -XX:HeapBaseMinAddress
#     to set the Java Heap base and to place the Java Heap above 4GB virtual address.
# This output file may be truncated or incomplete.
#
#  Out of Memory Error (os_windows.cpp:3825), pid=1760, tid=4164
#
# JRE version: OpenJDK Runtime Environment (17.0.9) (build 17.0.9+0--11185874)
# Java VM: OpenJDK 64-Bit Server VM (17.0.9+0--11185874, mixed mode, tiered, compressed oops, compressed class ptrs, g1 gc, windows-amd64)
# No core dump will be written. Minidumps are not enabled by default on client versions of Windows
#

---------------  S U M M A R Y ------------

Command Line: --add-opens=java.base/java.util=ALL-UNNAMED --add-opens=java.base/java.lang=ALL-UNNAMED --add-opens=java.base/java.lang.invoke=ALL-UNNAMED --add-opens=java.prefs/java.util.prefs=ALL-UNNAMED --add-opens=java.base/java.nio.charset=ALL-UNNAMED --add-opens=java.base/java.net=ALL-UNNAMED --add-opens=java.base/java.util.concurrent.atomic=ALL-UNNAMED -Xmx2048m -Dfile.encoding=UTF-8 -Duser.country=PH -Duser.language=en -Duser.variant -javaagent:C:\Users\Administrator\.gradle\wrapper\dists\gradle-8.4-bin\1w5dpkrfk8irigvoxmyhowfim\gradle-8.4\lib\agents\gradle-instrumentation-agent-8.4.jar org.gradle.launcher.daemon.bootstrap.GradleDaemon 8.4

Host: AMD Ryzen 5 1400 Quad-Core Processor           , 8 cores, 15G,  Windows 10 , 64 bit Build 19041 (10.0.19041.5915)
Time: Sat Apr 18 20:26:15 2026 China Standard Time elapsed time: 39.234528 seconds (0d 0h 0m 39s)

---------------  T H R E A D  ---------------

Current thread (0x000002dc2e66d880):  VMThread "VM Thread" [stack: 0x000000f9dac00000,0x000000f9dad00000] [id=4164]

Stack: [0x000000f9dac00000,0x000000f9dad00000]
Native frames: (J=compiled Java code, j=interpreted, Vv=VM code, C=native code)
V  [jvm.dll+0x6886e9]
V  [jvm.dll+0x841e4a]
V  [jvm.dll+0x843a8e]
V  [jvm.dll+0x8440f3]
V  [jvm.dll+0x24c14f]
V  [jvm.dll+0x685499]
V  [jvm.dll+0x679c2a]
V  [jvm.dll+0x30cf9b]
V  [jvm.dll+0x314446]
V  [jvm.dll+0x36425e]
V  [jvm.dll+0x36448f]
V  [jvm.dll+0x2e2d68]
V  [jvm.dll+0x2e0f44]
V  [jvm.dll+0x2e054c]
V  [jvm.dll+0x3253fb]
V  [jvm.dll+0x8487eb]
V  [jvm.dll+0x849531]
V  [jvm.dll+0x849a4d]
V  [jvm.dll+0x849e24]
V  [jvm.dll+0x849ef0]
V  [jvm.dll+0x7f06aa]
V  [jvm.dll+0x687565]
C  [ucrtbase.dll+0x21bb2]
C  [KERNEL32.DLL+0x17374]
C  [ntdll.dll+0x4cc91]

VM_Operation (0x000000f9e46f9190): G1CollectForAllocation, mode: safepoint, requested by thread 0x000002dc40b0f9b0


---------------  P R O C E S S  ---------------

Threads class SMR info:
_java_thread_list=0x000002dc39019520, length=141, elements={
0x000002dc147e6d40, 0x000002dc2e7cf050, 0x000002dc2e7d4240, 0x000002dc2e8163c0,
0x000002dc2e8189b0, 0x000002dc2e819a40, 0x000002dc2e81acd0, 0x000002dc2e821240,
0x000002dc2e824d70, 0x000002dc2e836630, 0x000002dc2e956610, 0x000002dc2eac7a30,
0x000002dc35298b30, 0x000002dc3508fb30, 0x000002dc3542afa0, 0x000002dc3517b030,
0x000002dc35482800, 0x000002dc34bdb870, 0x000002dc3528c560, 0x000002dc3499cb10,
0x000002dc3499bbe0, 0x000002dc3499a7a0, 0x000002dc34999d80, 0x000002dc3499acb0,
0x000002dc34999870, 0x000002dc3499b1c0, 0x000002dc3499d020, 0x000002dc3499b6d0,
0x000002dc3499c0f0, 0x000002dc352a3ec0, 0x000002dc352a5810, 0x000002dc352a7160,
0x000002dc352a34a0, 0x000002dc352a6230, 0x000002dc352a43d0, 0x000002dc352a48e0,
0x000002dc352a4df0, 0x000002dc352a5d20, 0x000002dc352a8ab0, 0x000002dc352a6740,
0x000002dc352a7b80, 0x000002dc352a6c50, 0x000002dc352a7670, 0x000002dc352a8090,
0x000002dc352a85a0, 0x000002dc352a2a80, 0x000002dc352a8fc0, 0x000002dc352a94d0,
0x000002dc352a2060, 0x000002dc38842130, 0x000002dc38844ec0, 0x000002dc388444a0,
0x000002dc38843a80, 0x000002dc38841710, 0x000002dc388453d0, 0x000002dc38847740,
0x000002dc38845df0, 0x000002dc38847c50, 0x000002dc38848160, 0x000002dc38848670,
0x000002dc38841200, 0x000002dc38848b80, 0x000002dc352a2f90, 0x000002dc3499a290,
0x000002dc3584b8c0, 0x000002dc3584e650, 0x000002dc3584bdd0, 0x000002dc3584f070,
0x000002dc3584fa90, 0x000002dc3584ffa0, 0x000002dc35849040, 0x000002dc3584f580,
0x000002dc358504b0, 0x000002dc3584c2e0, 0x000002dc358509c0, 0x000002dc3584c7f0,
0x000002dc3584cd00, 0x000002dc35849a60, 0x000002dc3584a990, 0x000002dc3584aea0,
0x000002dc35849f70, 0x000002dc3584d210, 0x000002dc3584dc30, 0x000002dc3584e140,
0x000002dc3486c4a0, 0x000002dc3486f230, 0x000002dc348715a0, 0x000002dc34870670,
0x000002dc3486a130, 0x000002dc3486cec0, 0x000002dc3486b060, 0x000002dc34871ab0,
0x000002dc3486c9b0, 0x000002dc3486f740, 0x000002dc3486a640, 0x000002dc3486b570,
0x000002dc34870b80, 0x000002dc3486e810, 0x000002dc3486d3d0, 0x000002dc3486fc50,
0x000002dc3486ed20, 0x000002dc39d2a030, 0x000002dc39d2c3a0, 0x000002dc39d2a540,
0x000002dc39d2aa50, 0x000002dc39d2af60, 0x000002dc39d2b470, 0x000002dc39d2be90,
0x000002dc39d2c8b0, 0x000002dc39d2d2d0, 0x000002dc34081620, 0x000002dc39d2cdc0,
0x000002dc34870160, 0x000002dc34082b60, 0x000002dc34871090, 0x000002dc3f145250,
0x000002dc3f145c70, 0x000002dc3f142ee0, 0x000002dc3f146180, 0x000002dc3f1470b0,
0x000002dc3f143900, 0x000002dc3f1475c0, 0x000002dc3f148f10, 0x000002dc3f149420,
0x000002dc3f141fb0, 0x000002dc3f1429d0, 0x000002dc3f148a00, 0x000002dc3f143e10,
0x000002dc3f147ad0, 0x000002dc3f144320, 0x000002dc3f1484f0, 0x000002dc3f149930,
0x000002dc3f144d40, 0x000002dc3f144830, 0x000002dc3f147fe0, 0x000002dc3f146ba0,
0x000002dc3f145760, 0x000002dc3f146690, 0x000002dc40b0f9b0, 0x000002dc40b0ef90,
0x000002dc40b0e060
}

Java Threads: ( => current thread )
  0x000002dc147e6d40 JavaThread "main" [_thread_blocked, id=5092, stack(0x000000f9da600000,0x000000f9da700000)]
  0x000002dc2e7cf050 JavaThread "Reference Handler" daemon [_thread_blocked, id=8860, stack(0x000000f9dad00000,0x000000f9dae00000)]
  0x000002dc2e7d4240 JavaThread "Finalizer" daemon [_thread_blocked, id=3228, stack(0x000000f9dae00000,0x000000f9daf00000)]
  0x000002dc2e8163c0 JavaThread "Signal Dispatcher" daemon [_thread_blocked, id=4412, stack(0x000000f9daf00000,0x000000f9db000000)]
  0x000002dc2e8189b0 JavaThread "Attach Listener" daemon [_thread_blocked, id=3824, stack(0x000000f9db000000,0x000000f9db100000)]
  0x000002dc2e819a40 JavaThread "Service Thread" daemon [_thread_blocked, id=1556, stack(0x000000f9db100000,0x000000f9db200000)]
  0x000002dc2e81acd0 JavaThread "Monitor Deflation Thread" daemon [_thread_blocked, id=4200, stack(0x000000f9db200000,0x000000f9db300000)]
  0x000002dc2e821240 JavaThread "C2 CompilerThread0" daemon [_thread_blocked, id=3104, stack(0x000000f9db300000,0x000000f9db400000)]
  0x000002dc2e824d70 JavaThread "C1 CompilerThread0" daemon [_thread_blocked, id=5188, stack(0x000000f9db400000,0x000000f9db500000)]
  0x000002dc2e836630 JavaThread "Sweeper thread" daemon [_thread_blocked, id=9200, stack(0x000000f9db500000,0x000000f9db600000)]
  0x000002dc2e956610 JavaThread "Common-Cleaner" daemon [_thread_blocked, id=8788, stack(0x000000f9db600000,0x000000f9db700000)]
  0x000002dc2eac7a30 JavaThread "Notification Thread" daemon [_thread_blocked, id=6464, stack(0x000000f9db700000,0x000000f9db800000)]
  0x000002dc35298b30 JavaThread "Daemon health stats" [_thread_blocked, id=8596, stack(0x000000f9dba00000,0x000000f9dbb00000)]
  0x000002dc3508fb30 JavaThread "Incoming local TCP Connector on port 50795" [_thread_in_native, id=6732, stack(0x000000f9dc000000,0x000000f9dc100000)]
  0x000002dc3542afa0 JavaThread "Daemon periodic checks" [_thread_blocked, id=1716, stack(0x000000f9dc100000,0x000000f9dc200000)]
  0x000002dc3517b030 JavaThread "Daemon" [_thread_blocked, id=7000, stack(0x000000f9dc200000,0x000000f9dc300000)]
  0x000002dc35482800 JavaThread "Handler for socket connection from /127.0.0.1:50795 to /127.0.0.1:50796" [_thread_in_native, id=3416, stack(0x000000f9dc300000,0x000000f9dc400000)]
  0x000002dc34bdb870 JavaThread "Cancel handler" [_thread_blocked, id=1932, stack(0x000000f9dc400000,0x000000f9dc500000)]
  0x000002dc3528c560 JavaThread "Daemon worker" [_thread_blocked, id=3044, stack(0x000000f9dc500000,0x000000f9dc600000)]
  0x000002dc3499cb10 JavaThread "Asynchronous log dispatcher for DefaultDaemonConnection: socket connection from /127.0.0.1:50795 to /127.0.0.1:50796" [_thread_blocked, id=1312, stack(0x000000f9dc600000,0x000000f9dc700000)]
  0x000002dc3499bbe0 JavaThread "Stdin handler" [_thread_blocked, id=5236, stack(0x000000f9dc700000,0x000000f9dc800000)]
  0x000002dc3499a7a0 JavaThread "Daemon client event forwarder" [_thread_blocked, id=708, stack(0x000000f9dc800000,0x000000f9dc900000)]
  0x000002dc34999d80 JavaThread "Cache worker for journal cache (C:\Users\Administrator\.gradle\caches\journal-1)" [_thread_blocked, id=5884, stack(0x000000f9dcb00000,0x000000f9dcc00000)]
  0x000002dc3499acb0 JavaThread "File lock request listener" [_thread_in_native, id=5744, stack(0x000000f9dcc00000,0x000000f9dcd00000)]
  0x000002dc34999870 JavaThread "Cache worker for file hash cache (C:\Users\Administrator\.gradle\caches\8.4\fileHashes)" [_thread_blocked, id=1588, stack(0x000000f9dce00000,0x000000f9dcf00000)]
  0x000002dc3499b1c0 JavaThread "File watcher server" daemon [_thread_blocked, id=6272, stack(0x000000f9dd000000,0x000000f9dd100000)]
  0x000002dc3499d020 JavaThread "File watcher consumer" daemon [_thread_blocked, id=132, stack(0x000000f9dd100000,0x000000f9dd200000)]
  0x000002dc3499b6d0 JavaThread "Cache worker for checksums cache (C:\Users\Administrator\StudioProjects\AndroidStudioMcdelivery\.gradle\8.4\checksums)" [_thread_blocked, id=5468, stack(0x000000f9dd200000,0x000000f9dd300000)]
  0x000002dc3499c0f0 JavaThread "Cache worker for file hash cache (C:\Users\Administrator\StudioProjects\AndroidStudioMcdelivery\.gradle\8.4\fileHashes)" [_thread_blocked, id=4128, stack(0x000000f9dd300000,0x000000f9dd400000)]
  0x000002dc352a3ec0 JavaThread "Cache worker for cache directory md-supplier (C:\Users\Administrator\.gradle\caches\8.4\md-supplier)" [_thread_blocked, id=3788, stack(0x000000f9dcf00000,0x000000f9dd000000)]
  0x000002dc352a5810 JavaThread "Cache worker for file content cache (C:\Users\Administrator\.gradle\caches\8.4\fileContent)" [_thread_blocked, id=6720, stack(0x000000f9dcd00000,0x000000f9dce00000)]
  0x000002dc352a7160 JavaThread "Cache worker for cache directory md-rule (C:\Users\Administrator\.gradle\caches\8.4\md-rule)" [_thread_blocked, id=6880, stack(0x000000f9dd400000,0x000000f9dd500000)]
  0x000002dc352a34a0 JavaThread "Cache worker for execution history cache (C:\Users\Administrator\.gradle\caches\8.4\executionHistory)" [_thread_blocked, id=6900, stack(0x000000f9dd500000,0x000000f9dd600000)]
  0x000002dc352a6230 JavaThread "Cache worker for kotlin-dsl (C:\Users\Administrator\.gradle\caches\8.4\kotlin-dsl)" [_thread_blocked, id=6860, stack(0x000000f9dd800000,0x000000f9dd900000)]
  0x000002dc352a43d0 JavaThread "jar transforms" [_thread_blocked, id=2240, stack(0x000000f9dd700000,0x000000f9dd800000)]
  0x000002dc352a48e0 JavaThread "jar transforms Thread 2" [_thread_blocked, id=7828, stack(0x000000f9dd900000,0x000000f9dda00000)]
  0x000002dc352a4df0 JavaThread "jar transforms Thread 3" [_thread_blocked, id=1944, stack(0x000000f9ddb00000,0x000000f9ddc00000)]
  0x000002dc352a5d20 JavaThread "jar transforms Thread 4" [_thread_blocked, id=3364, stack(0x000000f9ddc00000,0x000000f9ddd00000)]
  0x000002dc352a8ab0 JavaThread "Cache worker for dependencies-accessors (C:\Users\Administrator\StudioProjects\AndroidStudioMcdelivery\.gradle\8.4\dependencies-accessors)" [_thread_blocked, id=1700, stack(0x000000f9ddd00000,0x000000f9dde00000)]
  0x000002dc352a6740 JavaThread "Cache worker for Build Output Cleanup Cache (C:\Users\Administrator\StudioProjects\AndroidStudioMcdelivery\.gradle\buildOutputCleanup)" [_thread_blocked, id=4076, stack(0x000000f9dde00000,0x000000f9ddf00000)]
  0x000002dc352a7b80 JavaThread "jar transforms Thread 5" [_thread_blocked, id=2080, stack(0x000000f9ddf00000,0x000000f9de000000)]
  0x000002dc352a6c50 JavaThread "jar transforms Thread 6" [_thread_blocked, id=6596, stack(0x000000f9de000000,0x000000f9de100000)]
  0x000002dc352a7670 JavaThread "Unconstrained build operations" [_thread_blocked, id=4728, stack(0x000000f9de100000,0x000000f9de200000)]
  0x000002dc352a8090 JavaThread "Unconstrained build operations Thread 2" [_thread_blocked, id=4408, stack(0x000000f9de200000,0x000000f9de300000)]
  0x000002dc352a85a0 JavaThread "Unconstrained build operations Thread 3" [_thread_blocked, id=2120, stack(0x000000f9de300000,0x000000f9de400000)]
  0x000002dc352a2a80 JavaThread "Unconstrained build operations Thread 4" [_thread_blocked, id=6600, stack(0x000000f9de400000,0x000000f9de500000)]
  0x000002dc352a8fc0 JavaThread "Unconstrained build operations Thread 5" [_thread_blocked, id=8864, stack(0x000000f9de500000,0x000000f9de600000)]
  0x000002dc352a94d0 JavaThread "Unconstrained build operations Thread 6" [_thread_blocked, id=3564, stack(0x000000f9de600000,0x000000f9de700000)]
  0x000002dc352a2060 JavaThread "Unconstrained build operations Thread 7" [_thread_blocked, id=3484, stack(0x000000f9de700000,0x000000f9de800000)]
  0x000002dc38842130 JavaThread "jar transforms Thread 7" [_thread_blocked, id=5824, stack(0x000000f9de800000,0x000000f9de900000)]
  0x000002dc38844ec0 JavaThread "jar transforms Thread 8" [_thread_blocked, id=8376, stack(0x000000f9de900000,0x000000f9dea00000)]
  0x000002dc388444a0 JavaThread "build event listener" [_thread_blocked, id=4032, stack(0x000000f9dea00000,0x000000f9deb00000)]
  0x000002dc38843a80 JavaThread "Memory manager" [_thread_blocked, id=6964, stack(0x000000f9deb00000,0x000000f9dec00000)]
  0x000002dc38841710 JavaThread "build event listener" [_thread_blocked, id=2440, stack(0x000000f9dec00000,0x000000f9ded00000)]
  0x000002dc388453d0 JavaThread "included builds" [_thread_blocked, id=5156, stack(0x000000f9ded00000,0x000000f9dee00000)]
  0x000002dc38847740 JavaThread "Execution worker" [_thread_blocked, id=3184, stack(0x000000f9dee00000,0x000000f9def00000)]
  0x000002dc38845df0 JavaThread "Execution worker Thread 2" [_thread_blocked, id=8032, stack(0x000000f9def00000,0x000000f9df000000)]
  0x000002dc38847c50 JavaThread "Execution worker Thread 3" [_thread_blocked, id=3812, stack(0x000000f9df000000,0x000000f9df100000)]
  0x000002dc38848160 JavaThread "Execution worker Thread 4" [_thread_blocked, id=1540, stack(0x000000f9df100000,0x000000f9df200000)]
  0x000002dc38848670 JavaThread "Execution worker Thread 5" [_thread_blocked, id=1904, stack(0x000000f9df200000,0x000000f9df300000)]
  0x000002dc38841200 JavaThread "Execution worker Thread 6" [_thread_blocked, id=2388, stack(0x000000f9df300000,0x000000f9df400000)]
  0x000002dc38848b80 JavaThread "Execution worker Thread 7" [_thread_blocked, id=4896, stack(0x000000f9df400000,0x000000f9df500000)]
  0x000002dc352a2f90 JavaThread "Cache worker for execution history cache (C:\Users\Administrator\StudioProjects\AndroidStudioMcdelivery\.gradle\8.4\executionHistory)" [_thread_blocked, id=6772, stack(0x000000f9df500000,0x000000f9df600000)]
  0x000002dc3499a290 JavaThread "Unconstrained build operations Thread 8" [_thread_blocked, id=2652, stack(0x000000f9df600000,0x000000f9df700000)]
  0x000002dc3584b8c0 JavaThread "Unconstrained build operations Thread 9" [_thread_blocked, id=6664, stack(0x000000f9df700000,0x000000f9df800000)]
  0x000002dc3584e650 JavaThread "Unconstrained build operations Thread 10" [_thread_blocked, id=8812, stack(0x000000f9df800000,0x000000f9df900000)]
  0x000002dc3584bdd0 JavaThread "Unconstrained build operations Thread 11" [_thread_blocked, id=2248, stack(0x000000f9df900000,0x000000f9dfa00000)]
  0x000002dc3584f070 JavaThread "Unconstrained build operations Thread 12" [_thread_blocked, id=3896, stack(0x000000f9dfa00000,0x000000f9dfb00000)]
  0x000002dc3584fa90 JavaThread "Unconstrained build operations Thread 13" [_thread_blocked, id=7744, stack(0x000000f9dfb00000,0x000000f9dfc00000)]
  0x000002dc3584ffa0 JavaThread "Unconstrained build operations Thread 14" [_thread_blocked, id=7912, stack(0x000000f9dfc00000,0x000000f9dfd00000)]
  0x000002dc35849040 JavaThread "Unconstrained build operations Thread 15" [_thread_blocked, id=5904, stack(0x000000f9dfd00000,0x000000f9dfe00000)]
  0x000002dc3584f580 JavaThread "Unconstrained build operations Thread 16" [_thread_blocked, id=244, stack(0x000000f9dfe00000,0x000000f9dff00000)]
  0x000002dc358504b0 JavaThread "Unconstrained build operations Thread 17" [_thread_blocked, id=3696, stack(0x000000f9dff00000,0x000000f9e0000000)]
  0x000002dc3584c2e0 JavaThread "Unconstrained build operations Thread 18" [_thread_blocked, id=268, stack(0x000000f9e0000000,0x000000f9e0100000)]
  0x000002dc358509c0 JavaThread "Unconstrained build operations Thread 19" [_thread_blocked, id=5764, stack(0x000000f9e0100000,0x000000f9e0200000)]
  0x000002dc3584c7f0 JavaThread "Unconstrained build operations Thread 20" [_thread_blocked, id=1632, stack(0x000000f9e0200000,0x000000f9e0300000)]
  0x000002dc3584cd00 JavaThread "Unconstrained build operations Thread 21" [_thread_blocked, id=7732, stack(0x000000f9e0300000,0x000000f9e0400000)]
  0x000002dc35849a60 JavaThread "WorkerExecutor Queue" [_thread_blocked, id=5656, stack(0x000000f9e0700000,0x000000f9e0800000)]
  0x000002dc3584a990 JavaThread "WorkerExecutor Queue Thread 2" [_thread_blocked, id=5580, stack(0x000000f9e0800000,0x000000f9e0900000)]
  0x000002dc3584aea0 JavaThread "WorkerExecutor Queue Thread 3" [_thread_blocked, id=4708, stack(0x000000f9e0900000,0x000000f9e0a00000)]
  0x000002dc35849f70 JavaThread "WorkerExecutor Queue Thread 4" [_thread_blocked, id=5404, stack(0x000000f9e0a00000,0x000000f9e0b00000)]
  0x000002dc3584d210 JavaThread "WorkerExecutor Queue Thread 5" [_thread_blocked, id=4940, stack(0x000000f9e0b00000,0x000000f9e0c00000)]
  0x000002dc3584dc30 JavaThread "WorkerExecutor Queue Thread 7" [_thread_blocked, id=4584, stack(0x000000f9e0d00000,0x000000f9e0e00000)]
  0x000002dc3584e140 JavaThread "WorkerExecutor Queue Thread 8" [_thread_blocked, id=4204, stack(0x000000f9e0e00000,0x000000f9e0f00000)]
  0x000002dc3486c4a0 JavaThread "Unconstrained build operations Thread 22" [_thread_blocked, id=4252, stack(0x000000f9e0f00000,0x000000f9e1000000)]
  0x000002dc3486f230 JavaThread "Unconstrained build operations Thread 23" [_thread_blocked, id=6520, stack(0x000000f9e1000000,0x000000f9e1100000)]
  0x000002dc348715a0 JavaThread "Unconstrained build operations Thread 24" [_thread_blocked, id=2792, stack(0x000000f9e1100000,0x000000f9e1200000)]
  0x000002dc34870670 JavaThread "Unconstrained build operations Thread 25" [_thread_blocked, id=7808, stack(0x000000f9e1200000,0x000000f9e1300000)]
  0x000002dc3486a130 JavaThread "Unconstrained build operations Thread 26" [_thread_blocked, id=8492, stack(0x000000f9e1300000,0x000000f9e1400000)]
  0x000002dc3486cec0 JavaThread "Unconstrained build operations Thread 27" [_thread_blocked, id=1528, stack(0x000000f9e1400000,0x000000f9e1500000)]
  0x000002dc3486b060 JavaThread "Unconstrained build operations Thread 28" [_thread_blocked, id=8484, stack(0x000000f9e1500000,0x000000f9e1600000)]
  0x000002dc34871ab0 JavaThread "Unconstrained build operations Thread 29" [_thread_blocked, id=2272, stack(0x000000f9e1600000,0x000000f9e1700000)]
  0x000002dc3486c9b0 JavaThread "Unconstrained build operations Thread 30" [_thread_blocked, id=1796, stack(0x000000f9e1700000,0x000000f9e1800000)]
  0x000002dc3486f740 JavaThread "Unconstrained build operations Thread 31" [_thread_blocked, id=7800, stack(0x000000f9e1800000,0x000000f9e1900000)]
  0x000002dc3486a640 JavaThread "Unconstrained build operations Thread 32" [_thread_blocked, id=6648, stack(0x000000f9e1900000,0x000000f9e1a00000)]
  0x000002dc3486b570 JavaThread "Unconstrained build operations Thread 33" [_thread_blocked, id=7680, stack(0x000000f9e1a00000,0x000000f9e1b00000)]
  0x000002dc34870b80 JavaThread "Unconstrained build operations Thread 34" [_thread_blocked, id=8680, stack(0x000000f9e1b00000,0x000000f9e1c00000)]
  0x000002dc3486e810 JavaThread "Unconstrained build operations Thread 35" [_thread_blocked, id=1324, stack(0x000000f9e1c00000,0x000000f9e1d00000)]
  0x000002dc3486d3d0 JavaThread "Unconstrained build operations Thread 36" [_thread_blocked, id=2044, stack(0x000000f9e1d00000,0x000000f9e1e00000)]
  0x000002dc3486fc50 JavaThread "Unconstrained build operations Thread 37" [_thread_blocked, id=5452, stack(0x000000f9e1e00000,0x000000f9e1f00000)]
  0x000002dc3486ed20 JavaThread "Unconstrained build operations Thread 38" [_thread_blocked, id=4876, stack(0x000000f9e1f00000,0x000000f9e2000000)]
  0x000002dc39d2a030 JavaThread "Unconstrained build operations Thread 39" [_thread_blocked, id=5860, stack(0x000000f9e2000000,0x000000f9e2100000)]
  0x000002dc39d2c3a0 JavaThread "Unconstrained build operations Thread 40" [_thread_blocked, id=3160, stack(0x000000f9e2100000,0x000000f9e2200000)]
  0x000002dc39d2a540 JavaThread "Unconstrained build operations Thread 41" [_thread_blocked, id=2928, stack(0x000000f9e2200000,0x000000f9e2300000)]
  0x000002dc39d2aa50 JavaThread "Unconstrained build operations Thread 42" [_thread_blocked, id=9044, stack(0x000000f9e2300000,0x000000f9e2400000)]
  0x000002dc39d2af60 JavaThread "Unconstrained build operations Thread 43" [_thread_blocked, id=1260, stack(0x000000f9e2400000,0x000000f9e2500000)]
  0x000002dc39d2b470 JavaThread "Unconstrained build operations Thread 44" [_thread_blocked, id=1624, stack(0x000000f9e2500000,0x000000f9e2600000)]
  0x000002dc39d2be90 JavaThread "pool-3-thread-1" [_thread_blocked, id=7028, stack(0x000000f9e2700000,0x000000f9e2800000)]
  0x000002dc39d2c8b0 JavaThread "stderr" [_thread_in_native, id=4600, stack(0x000000f9e2800000,0x000000f9e2900000)]
  0x000002dc39d2d2d0 JavaThread "stdout" [_thread_in_native, id=4572, stack(0x000000f9e2900000,0x000000f9e2a00000)]
  0x000002dc34081620 JavaThread "C2 CompilerThread1" daemon [_thread_in_native, id=8972, stack(0x000000f9dd600000,0x000000f9dd700000)]
  0x000002dc39d2cdc0 JavaThread "Unconstrained build operations Thread 45" [_thread_blocked, id=7408, stack(0x000000f9e2600000,0x000000f9e2700000)]
  0x000002dc34870160 JavaThread "Unconstrained build operations Thread 46" [_thread_blocked, id=4640, stack(0x000000f9e2d00000,0x000000f9e2e00000)]
  0x000002dc34082b60 JavaThread "C2 CompilerThread2" daemon [_thread_blocked, id=4676, stack(0x000000f9e2c00000,0x000000f9e2d00000)]
  0x000002dc34871090 JavaThread "Unconstrained build operations Thread 47" [_thread_blocked, id=1148, stack(0x000000f9e2e00000,0x000000f9e2f00000)]
  0x000002dc3f145250 JavaThread "Unconstrained build operations Thread 48" [_thread_blocked, id=6916, stack(0x000000f9e2f00000,0x000000f9e3000000)]
  0x000002dc3f145c70 JavaThread "Unconstrained build operations Thread 49" [_thread_blocked, id=8260, stack(0x000000f9e3000000,0x000000f9e3100000)]
  0x000002dc3f142ee0 JavaThread "Unconstrained build operations Thread 50" [_thread_blocked, id=8024, stack(0x000000f9e3100000,0x000000f9e3200000)]
  0x000002dc3f146180 JavaThread "Unconstrained build operations Thread 51" [_thread_blocked, id=2308, stack(0x000000f9e3200000,0x000000f9e3300000)]
  0x000002dc3f1470b0 JavaThread "WorkerExecutor Queue Thread 9" [_thread_blocked, id=1584, stack(0x000000f9e3300000,0x000000f9e3400000)]
  0x000002dc3f143900 JavaThread "Unconstrained build operations Thread 52" [_thread_blocked, id=5952, stack(0x000000f9e3400000,0x000000f9e3500000)]
  0x000002dc3f1475c0 JavaThread "Unconstrained build operations Thread 53" [_thread_blocked, id=6244, stack(0x000000f9e3500000,0x000000f9e3600000)]
  0x000002dc3f148f10 JavaThread "Unconstrained build operations Thread 54" [_thread_blocked, id=6164, stack(0x000000f9e3600000,0x000000f9e3700000)]
  0x000002dc3f149420 JavaThread "Unconstrained build operations Thread 55" [_thread_blocked, id=6208, stack(0x000000f9e3700000,0x000000f9e3800000)]
  0x000002dc3f141fb0 JavaThread "Unconstrained build operations Thread 56" [_thread_blocked, id=6388, stack(0x000000f9e3800000,0x000000f9e3900000)]
  0x000002dc3f1429d0 JavaThread "Unconstrained build operations Thread 57" [_thread_blocked, id=7960, stack(0x000000f9e3900000,0x000000f9e3a00000)]
  0x000002dc3f148a00 JavaThread "Unconstrained build operations Thread 58" [_thread_blocked, id=3288, stack(0x000000f9e3a00000,0x000000f9e3b00000)]
  0x000002dc3f143e10 JavaThread "Unconstrained build operations Thread 59" [_thread_blocked, id=3392, stack(0x000000f9e3b00000,0x000000f9e3c00000)]
  0x000002dc3f147ad0 JavaThread "Unconstrained build operations Thread 60" [_thread_blocked, id=8536, stack(0x000000f9e3c00000,0x000000f9e3d00000)]
  0x000002dc3f144320 JavaThread "Unconstrained build operations Thread 61" [_thread_blocked, id=8576, stack(0x000000f9e3d00000,0x000000f9e3e00000)]
  0x000002dc3f1484f0 JavaThread "Unconstrained build operations Thread 62" [_thread_blocked, id=1852, stack(0x000000f9e3e00000,0x000000f9e3f00000)]
  0x000002dc3f149930 JavaThread "Unconstrained build operations Thread 63" [_thread_blocked, id=1404, stack(0x000000f9e3f00000,0x000000f9e4000000)]
  0x000002dc3f144d40 JavaThread "Unconstrained build operations Thread 64" [_thread_blocked, id=6476, stack(0x000000f9e4000000,0x000000f9e4100000)]
  0x000002dc3f144830 JavaThread "Unconstrained build operations Thread 65" [_thread_blocked, id=1512, stack(0x000000f9e4100000,0x000000f9e4200000)]
  0x000002dc3f147fe0 JavaThread "Unconstrained build operations Thread 66" [_thread_blocked, id=3756, stack(0x000000f9e4200000,0x000000f9e4300000)]
  0x000002dc3f146ba0 JavaThread "Unconstrained build operations Thread 67" [_thread_blocked, id=5224, stack(0x000000f9e4300000,0x000000f9e4400000)]
  0x000002dc3f145760 JavaThread "Unconstrained build operations Thread 68" [_thread_blocked, id=4092, stack(0x000000f9e4400000,0x000000f9e4500000)]
  0x000002dc3f146690 JavaThread "Unconstrained build operations Thread 69" [_thread_blocked, id=6088, stack(0x000000f9e4500000,0x000000f9e4600000)]
  0x000002dc40b0f9b0 JavaThread "Unconstrained build operations Thread 70" [_thread_blocked, id=2860, stack(0x000000f9e4600000,0x000000f9e4700000)]
  0x000002dc40b0ef90 JavaThread "Unconstrained build operations Thread 71" [_thread_blocked, id=3280, stack(0x000000f9e4700000,0x000000f9e4800000)]
  0x000002dc40b0e060 JavaThread "Unconstrained build operations Thread 72" [_thread_blocked, id=1248, stack(0x000000f9e4800000,0x000000f9e4900000)]

Other Threads:
=>0x000002dc2e66d880 VMThread "VM Thread" [stack: 0x000000f9dac00000,0x000000f9dad00000] [id=4164]
  0x000002dc2eac7f10 WatcherThread [stack: 0x000000f9db800000,0x000000f9db900000] [id=2656]
  0x000002dc1278e800 GCTaskThread "GC Thread#0" [stack: 0x000000f9da700000,0x000000f9da800000] [id=3568]
  0x000002dc33c8a7b0 GCTaskThread "GC Thread#1" [stack: 0x000000f9dbb00000,0x000000f9dbc00000] [id=2752]
  0x000002dc339a7430 GCTaskThread "GC Thread#2" [stack: 0x000000f9dbc00000,0x000000f9dbd00000] [id=3640]
  0x000002dc339a7af0 GCTaskThread "GC Thread#3" [stack: 0x000000f9dbd00000,0x000000f9dbe00000] [id=4272]
  0x000002dc33a965b0 GCTaskThread "GC Thread#4" [stack: 0x000000f9dbe00000,0x000000f9dbf00000] [id=8616]
  0x000002dc33d3efc0 GCTaskThread "GC Thread#5" [stack: 0x000000f9dbf00000,0x000000f9dc000000] [id=6988]
  0x000002dc33d3e200 GCTaskThread "GC Thread#6" [stack: 0x000000f9db900000,0x000000f9dba00000] [id=1180]
  0x000002dc33d3e780 GCTaskThread "GC Thread#7" [stack: 0x000000f9dc900000,0x000000f9dca00000] [id=7536]
  0x000002dc1484fcd0 ConcurrentGCThread "G1 Main Marker" [stack: 0x000000f9da800000,0x000000f9da900000] [id=584]
  0x000002dc14850210 ConcurrentGCThread "G1 Conc#0" [stack: 0x000000f9da900000,0x000000f9daa00000] [id=4592]
  0x000002dc33d3d700 ConcurrentGCThread "G1 Conc#1" [stack: 0x000000f9dca00000,0x000000f9dcb00000] [id=7988]
  0x000002dc2e4fed80 ConcurrentGCThread "G1 Refine#0" [stack: 0x000000f9daa00000,0x000000f9dab00000] [id=8936]
  0x000002dc38e2a4f0 ConcurrentGCThread "G1 Refine#1" [stack: 0x000000f9e0400000,0x000000f9e0500000] [id=8852]
  0x000002dc38e2d3f0 ConcurrentGCThread "G1 Refine#2" [stack: 0x000000f9e0500000,0x000000f9e0600000] [id=3224]
  0x000002dc38e2bc70 ConcurrentGCThread "G1 Refine#3" [stack: 0x000000f9e0600000,0x000000f9e0700000] [id=252]
  0x000002dc2e4ff2d0 ConcurrentGCThread "G1 Service" [stack: 0x000000f9dab00000,0x000000f9dac00000] [id=7404]

Threads with active compile tasks:
C2 CompilerThread0    39267 19500       4       com.android.tools.r8.ir.optimize.Z::a (278 bytes)
C1 CompilerThread0    39267 19672 %     3       com.android.tools.r8.ir.regalloc.b::c @ 2503 (4465 bytes)
C2 CompilerThread1    39267 19395       4       com.android.tools.r8.ir.regalloc.b::a (274 bytes)
C2 CompilerThread2    39267 19496       4       com.android.tools.r8.internal.Q5::c (33 bytes)

VM state: at safepoint (normal execution)

VM Mutex/Monitor currently owned by a thread:  ([mutex/lock_event])
[0x000002dc147e2930] Threads_lock - owner thread: 0x000002dc2e66d880
[0x000002dc147e3230] Heap_lock - owner thread: 0x000002dc40b0f9b0

Heap address: 0x0000000080000000, size: 2048 MB, Compressed Oops mode: 32-bit

CDS archive(s) not mapped
Compressed class space mapped at: 0x0000000100000000-0x0000000140000000, reserved size: 1073741824
Narrow klass base: 0x0000000000000000, Narrow klass shift: 3, Narrow klass range: 0x140000000

GC Precious Log:
 CPUs: 8 total, 8 available
 Memory: 16263M
 Large Page Support: Disabled
 NUMA Support: Disabled
 Compressed Oops: Enabled (32-bit)
 Heap Region Size: 1M
 Heap Min Capacity: 8M
 Heap Initial Capacity: 256M
 Heap Max Capacity: 2G
 Pre-touch: Disabled
 Parallel Workers: 8
 Concurrent Workers: 2
 Concurrent Refinement Workers: 8
 Periodic GC: Disabled

Heap:
 garbage-first heap   total 309248K, used 171173K [0x0000000080000000, 0x0000000100000000)
  region size 1024K, 1 young (1024K), 1 survivors (1024K)
 Metaspace       used 134778K, committed 135680K, reserved 1179648K
  class space    used 18517K, committed 18944K, reserved 1048576K

Heap Regions: E=young(eden), S=young(survivor), O=old, HS=humongous(starts), HC=humongous(continues), CS=collection set, F=free, OA=open archive, CA=closed archive, TAMS=top-at-mark-start (previous, next)
|   0|0x0000000080000000, 0x0000000080100000, 0x0000000080100000|100%|HS|  |TAMS 0x0000000080100000, 0x0000000080100000| Complete 
|   1|0x0000000080100000, 0x0000000080200000, 0x0000000080200000|100%|HC|  |TAMS 0x0000000080200000, 0x0000000080200000| Complete 
|   2|0x0000000080200000, 0x0000000080300000, 0x0000000080300000|100%|HC|  |TAMS 0x0000000080300000, 0x0000000080300000| Complete 
|   3|0x0000000080300000, 0x0000000080400000, 0x0000000080400000|100%|HC|  |TAMS 0x0000000080400000, 0x0000000080400000| Complete 
|   4|0x0000000080400000, 0x0000000080500000, 0x0000000080500000|100%| O|  |TAMS 0x0000000080500000, 0x0000000080500000| Untracked 
|   5|0x0000000080500000, 0x0000000080600000, 0x0000000080600000|100%| O|  |TAMS 0x0000000080600000, 0x0000000080600000| Untracked 
|   6|0x0000000080600000, 0x0000000080700000, 0x0000000080700000|100%| O|  |TAMS 0x0000000080700000, 0x0000000080700000| Untracked 
|   7|0x0000000080700000, 0x0000000080800000, 0x0000000080800000|100%| O|  |TAMS 0x0000000080800000, 0x0000000080800000| Untracked 
|   8|0x0000000080800000, 0x0000000080900000, 0x0000000080900000|100%| O|  |TAMS 0x0000000080900000, 0x0000000080900000| Untracked 
|   9|0x0000000080900000, 0x0000000080a00000, 0x0000000080a00000|100%| O|  |TAMS 0x0000000080a00000, 0x0000000080a00000| Untracked 
|  10|0x0000000080a00000, 0x0000000080ae8000, 0x0000000080b00000| 90%| O|  |TAMS 0x0000000080ae8000, 0x0000000080ae8000| Untracked 
|  11|0x0000000080b00000, 0x0000000080c00000, 0x0000000080c00000|100%| O|  |TAMS 0x0000000080c00000, 0x0000000080c00000| Untracked 
|  12|0x0000000080c00000, 0x0000000080d00000, 0x0000000080d00000|100%| O|  |TAMS 0x0000000080d00000, 0x0000000080d00000| Untracked 
|  13|0x0000000080d00000, 0x0000000080e00000, 0x0000000080e00000|100%| O|  |TAMS 0x0000000080e00000, 0x0000000080e00000| Untracked 
|  14|0x0000000080e00000, 0x0000000080f00000, 0x0000000080f00000|100%| O|  |TAMS 0x0000000080f00000, 0x0000000080f00000| Untracked 
|  15|0x0000000080f00000, 0x0000000081000000, 0x0000000081000000|100%| O|  |TAMS 0x0000000081000000, 0x0000000081000000| Untracked 
|  16|0x0000000081000000, 0x0000000081100000, 0x0000000081100000|100%| O|  |TAMS 0x0000000081100000, 0x0000000081100000| Untracked 
|  17|0x0000000081100000, 0x0000000081200000, 0x0000000081200000|100%| O|  |TAMS 0x0000000081200000, 0x0000000081200000| Untracked 
|  18|0x0000000081200000, 0x0000000081300000, 0x0000000081300000|100%| O|  |TAMS 0x0000000081300000, 0x0000000081300000| Untracked 
|  19|0x0000000081300000, 0x0000000081400000, 0x0000000081400000|100%| O|  |TAMS 0x0000000081400000, 0x0000000081400000| Untracked 
|  20|0x0000000081400000, 0x0000000081500000, 0x0000000081500000|100%| O|  |TAMS 0x0000000081500000, 0x0000000081500000| Untracked 
|  21|0x0000000081500000, 0x0000000081600000, 0x0000000081600000|100%| O|  |TAMS 0x0000000081600000, 0x0000000081600000| Untracked 
|  22|0x0000000081600000, 0x0000000081700000, 0x0000000081700000|100%| O|  |TAMS 0x0000000081700000, 0x0000000081700000| Untracked 
|  23|0x0000000081700000, 0x0000000081800000, 0x0000000081800000|100%|HS|  |TAMS 0x0000000081800000, 0x0000000081800000| Complete 
|  24|0x0000000081800000, 0x0000000081900000, 0x0000000081900000|100%| O|  |TAMS 0x0000000081900000, 0x0000000081900000| Untracked 
|  25|0x0000000081900000, 0x0000000081a00000, 0x0000000081a00000|100%| O|  |TAMS 0x0000000081a00000, 0x0000000081a00000| Untracked 
|  26|0x0000000081a00000, 0x0000000081b00000, 0x0000000081b00000|100%| O|  |TAMS 0x0000000081b00000, 0x0000000081b00000| Untracked 
|  27|0x0000000081b00000, 0x0000000081c00000, 0x0000000081c00000|100%| O|  |TAMS 0x0000000081c00000, 0x0000000081c00000| Untracked 
|  28|0x0000000081c00000, 0x0000000081d00000, 0x0000000081d00000|100%| O|  |TAMS 0x0000000081d00000, 0x0000000081d00000| Untracked 
|  29|0x0000000081d00000, 0x0000000081e00000, 0x0000000081e00000|100%| O|  |TAMS 0x0000000081e00000, 0x0000000081e00000| Untracked 
|  30|0x0000000081e00000, 0x0000000081f00000, 0x0000000081f00000|100%| O|  |TAMS 0x0000000081f00000, 0x0000000081f00000| Untracked 
|  31|0x0000000081f00000, 0x0000000082000000, 0x0000000082000000|100%| O|  |TAMS 0x0000000082000000, 0x0000000082000000| Untracked 
|  32|0x0000000082000000, 0x0000000082100000, 0x0000000082100000|100%| O|  |TAMS 0x0000000082100000, 0x0000000082100000| Untracked 
|  33|0x0000000082100000, 0x0000000082200000, 0x0000000082200000|100%| O|  |TAMS 0x0000000082200000, 0x0000000082200000| Untracked 
|  34|0x0000000082200000, 0x0000000082300000, 0x0000000082300000|100%|HS|  |TAMS 0x0000000082300000, 0x0000000082300000| Complete 
|  35|0x0000000082300000, 0x0000000082400000, 0x0000000082400000|100%|HS|  |TAMS 0x0000000082400000, 0x0000000082400000| Complete 
|  36|0x0000000082400000, 0x0000000082500000, 0x0000000082500000|100%|HS|  |TAMS 0x0000000082500000, 0x0000000082500000| Complete 
|  37|0x0000000082500000, 0x0000000082600000, 0x0000000082600000|100%|HC|  |TAMS 0x0000000082600000, 0x0000000082600000| Complete 
|  38|0x0000000082600000, 0x0000000082700000, 0x0000000082700000|100%| O|  |TAMS 0x0000000082700000, 0x0000000082700000| Untracked 
|  39|0x0000000082700000, 0x0000000082800000, 0x0000000082800000|100%| O|  |TAMS 0x0000000082800000, 0x0000000082800000| Untracked 
|  40|0x0000000082800000, 0x0000000082900000, 0x0000000082900000|100%| O|  |TAMS 0x0000000082900000, 0x0000000082900000| Untracked 
|  41|0x0000000082900000, 0x0000000082a00000, 0x0000000082a00000|100%| O|  |TAMS 0x0000000082a00000, 0x0000000082a00000| Untracked 
|  42|0x0000000082a00000, 0x0000000082b00000, 0x0000000082b00000|100%|HS|  |TAMS 0x0000000082b00000, 0x0000000082b00000| Complete 
|  43|0x0000000082b00000, 0x0000000082c00000, 0x0000000082c00000|100%|HC|  |TAMS 0x0000000082c00000, 0x0000000082c00000| Complete 
|  44|0x0000000082c00000, 0x0000000082d00000, 0x0000000082d00000|100%|HS|  |TAMS 0x0000000082d00000, 0x0000000082d00000| Complete 
|  45|0x0000000082d00000, 0x0000000082e00000, 0x0000000082e00000|100%| O|  |TAMS 0x0000000082e00000, 0x0000000082e00000| Untracked 
|  46|0x0000000082e00000, 0x0000000082f00000, 0x0000000082f00000|100%|HS|  |TAMS 0x0000000082f00000, 0x0000000082f00000| Complete 
|  47|0x0000000082f00000, 0x0000000083000000, 0x0000000083000000|100%|HC|  |TAMS 0x0000000083000000, 0x0000000083000000| Complete 
|  48|0x0000000083000000, 0x0000000083100000, 0x0000000083100000|100%|HC|  |TAMS 0x0000000083100000, 0x0000000083100000| Complete 
|  49|0x0000000083100000, 0x0000000083200000, 0x0000000083200000|100%|HC|  |TAMS 0x0000000083200000, 0x0000000083200000| Complete 
|  50|0x0000000083200000, 0x0000000083300000, 0x0000000083300000|100%|HS|  |TAMS 0x0000000083300000, 0x0000000083300000| Complete 
|  51|0x0000000083300000, 0x0000000083400000, 0x0000000083400000|100%| O|  |TAMS 0x0000000083400000, 0x0000000083400000| Untracked 
|  52|0x0000000083400000, 0x0000000083500000, 0x0000000083500000|100%| O|  |TAMS 0x0000000083500000, 0x0000000083500000| Untracked 
|  53|0x0000000083500000, 0x0000000083600000, 0x0000000083600000|100%| O|  |TAMS 0x0000000083600000, 0x0000000083600000| Untracked 
|  54|0x0000000083600000, 0x0000000083700000, 0x0000000083700000|100%| O|  |TAMS 0x0000000083700000, 0x0000000083700000| Untracked 
|  55|0x0000000083700000, 0x0000000083800000, 0x0000000083800000|100%| O|  |TAMS 0x0000000083800000, 0x0000000083800000| Untracked 
|  56|0x0000000083800000, 0x0000000083900000, 0x0000000083900000|100%| O|  |TAMS 0x0000000083900000, 0x0000000083900000| Untracked 
|  57|0x0000000083900000, 0x0000000083a00000, 0x0000000083a00000|100%| O|  |TAMS 0x0000000083a00000, 0x0000000083a00000| Untracked 
|  58|0x0000000083a00000, 0x0000000083b00000, 0x0000000083b00000|100%| O|  |TAMS 0x0000000083b00000, 0x0000000083b00000| Untracked 
|  59|0x0000000083b00000, 0x0000000083c00000, 0x0000000083c00000|100%| O|  |TAMS 0x0000000083c00000, 0x0000000083c00000| Untracked 
|  60|0x0000000083c00000, 0x0000000083d00000, 0x0000000083d00000|100%| O|  |TAMS 0x0000000083d00000, 0x0000000083d00000| Untracked 
|  61|0x0000000083d00000, 0x0000000083e00000, 0x0000000083e00000|100%| O|  |TAMS 0x0000000083e00000, 0x0000000083e00000| Untracked 
|  62|0x0000000083e00000, 0x0000000083f00000, 0x0000000083f00000|100%| O|  |TAMS 0x0000000083f00000, 0x0000000083f00000| Untracked 
|  63|0x0000000083f00000, 0x0000000084000000, 0x0000000084000000|100%| O|  |TAMS 0x0000000084000000, 0x0000000084000000| Untracked 
|  64|0x0000000084000000, 0x0000000084100000, 0x0000000084100000|100%| O|  |TAMS 0x0000000084100000, 0x0000000084100000| Untracked 
|  65|0x0000000084100000, 0x0000000084200000, 0x0000000084200000|100%| O|  |TAMS 0x0000000084200000, 0x0000000084200000| Untracked 
|  66|0x0000000084200000, 0x0000000084300000, 0x0000000084300000|100%| O|  |TAMS 0x0000000084300000, 0x0000000084300000| Untracked 
|  67|0x0000000084300000, 0x0000000084400000, 0x0000000084400000|100%| O|  |TAMS 0x0000000084400000, 0x0000000084400000| Untracked 
|  68|0x0000000084400000, 0x0000000084500000, 0x0000000084500000|100%| O|  |TAMS 0x0000000084500000, 0x0000000084500000| Untracked 
|  69|0x0000000084500000, 0x0000000084600000, 0x0000000084600000|100%| O|  |TAMS 0x0000000084600000, 0x0000000084600000| Untracked 
|  70|0x0000000084600000, 0x0000000084700000, 0x0000000084700000|100%| O|  |TAMS 0x0000000084700000, 0x0000000084700000| Untracked 
|  71|0x0000000084700000, 0x0000000084800000, 0x0000000084800000|100%| O|  |TAMS 0x0000000084800000, 0x0000000084800000| Untracked 
|  72|0x0000000084800000, 0x0000000084900000, 0x0000000084900000|100%|HS|  |TAMS 0x0000000084900000, 0x0000000084900000| Complete 
|  73|0x0000000084900000, 0x0000000084a00000, 0x0000000084a00000|100%|HC|  |TAMS 0x0000000084a00000, 0x0000000084a00000| Complete 
|  74|0x0000000084a00000, 0x0000000084b00000, 0x0000000084b00000|100%|HC|  |TAMS 0x0000000084b00000, 0x0000000084b00000| Complete 
|  75|0x0000000084b00000, 0x0000000084c00000, 0x0000000084c00000|100%|HC|  |TAMS 0x0000000084c00000, 0x0000000084c00000| Complete 
|  76|0x0000000084c00000, 0x0000000084d00000, 0x0000000084d00000|100%| O|  |TAMS 0x0000000084d00000, 0x0000000084d00000| Untracked 
|  77|0x0000000084d00000, 0x0000000084e00000, 0x0000000084e00000|100%| O|  |TAMS 0x0000000084e00000, 0x0000000084e00000| Untracked 
|  78|0x0000000084e00000, 0x0000000084f00000, 0x0000000084f00000|100%| O|  |TAMS 0x0000000084f00000, 0x0000000084f00000| Untracked 
|  79|0x0000000084f00000, 0x0000000085000000, 0x0000000085000000|100%| O|  |TAMS 0x0000000085000000, 0x0000000085000000| Untracked 
|  80|0x0000000085000000, 0x0000000085100000, 0x0000000085100000|100%| O|  |TAMS 0x0000000085100000, 0x0000000085100000| Untracked 
|  81|0x0000000085100000, 0x0000000085200000, 0x0000000085200000|100%| O|  |TAMS 0x0000000085200000, 0x0000000085200000| Untracked 
|  82|0x0000000085200000, 0x0000000085300000, 0x0000000085300000|100%| O|  |TAMS 0x0000000085300000, 0x0000000085300000| Untracked 
|  83|0x0000000085300000, 0x0000000085400000, 0x0000000085400000|100%| O|  |TAMS 0x0000000085400000, 0x0000000085400000| Untracked 
|  84|0x0000000085400000, 0x0000000085500000, 0x0000000085500000|100%| O|  |TAMS 0x0000000085500000, 0x0000000085500000| Untracked 
|  85|0x0000000085500000, 0x0000000085600000, 0x0000000085600000|100%| O|  |TAMS 0x0000000085600000, 0x0000000085600000| Untracked 
|  86|0x0000000085600000, 0x0000000085700000, 0x0000000085700000|100%| O|  |TAMS 0x0000000085700000, 0x0000000085700000| Untracked 
|  87|0x0000000085700000, 0x0000000085800000, 0x0000000085800000|100%| O|  |TAMS 0x0000000085800000, 0x0000000085800000| Untracked 
|  88|0x0000000085800000, 0x0000000085900000, 0x0000000085900000|100%| O|  |TAMS 0x0000000085900000, 0x0000000085900000| Untracked 
|  89|0x0000000085900000, 0x0000000085a00000, 0x0000000085a00000|100%| O|  |TAMS 0x0000000085a00000, 0x0000000085a00000| Untracked 
|  90|0x0000000085a00000, 0x0000000085a00000, 0x0000000085b00000|  0%| F|  |TAMS 0x0000000085a00000, 0x0000000085a00000| Untracked 
|  91|0x0000000085b00000, 0x0000000085c00000, 0x0000000085c00000|100%| O|  |TAMS 0x0000000085b00000, 0x0000000085c00000| Untracked 
|  92|0x0000000085c00000, 0x0000000085c00000, 0x0000000085d00000|  0%| F|  |TAMS 0x0000000085c00000, 0x0000000085c00000| Untracked 
|  93|0x0000000085d00000, 0x0000000085e00000, 0x0000000085e00000|100%| O|  |TAMS 0x0000000085e00000, 0x0000000085e00000| Untracked 
|  94|0x0000000085e00000, 0x0000000085f00000, 0x0000000085f00000|100%| O|  |TAMS 0x0000000085f00000, 0x0000000085f00000| Untracked 
|  95|0x0000000085f00000, 0x0000000086000000, 0x0000000086000000|100%| O|  |TAMS 0x0000000086000000, 0x0000000086000000| Untracked 
|  96|0x0000000086000000, 0x0000000086100000, 0x0000000086100000|100%| O|  |TAMS 0x0000000086100000, 0x0000000086100000| Untracked 
|  97|0x0000000086100000, 0x0000000086200000, 0x0000000086200000|100%| O|  |TAMS 0x0000000086200000, 0x0000000086200000| Untracked 
|  98|0x0000000086200000, 0x0000000086300000, 0x0000000086300000|100%| O|  |TAMS 0x0000000086300000, 0x0000000086300000| Untracked 
|  99|0x0000000086300000, 0x0000000086400000, 0x0000000086400000|100%| O|  |TAMS 0x0000000086400000, 0x0000000086400000| Untracked 
| 100|0x0000000086400000, 0x0000000086500000, 0x0000000086500000|100%| O|  |TAMS 0x0000000086500000, 0x0000000086500000| Untracked 
| 101|0x0000000086500000, 0x0000000086600000, 0x0000000086600000|100%| O|  |TAMS 0x0000000086600000, 0x0000000086600000| Untracked 
| 102|0x0000000086600000, 0x0000000086700000, 0x0000000086700000|100%| O|  |TAMS 0x0000000086700000, 0x0000000086700000| Untracked 
| 103|0x0000000086700000, 0x0000000086800000, 0x0000000086800000|100%| O|  |TAMS 0x0000000086700000, 0x0000000086800000| Untracked 
| 104|0x0000000086800000, 0x0000000086900000, 0x0000000086900000|100%| O|  |TAMS 0x0000000086900000, 0x0000000086900000| Untracked 
| 105|0x0000000086900000, 0x0000000086a00000, 0x0000000086a00000|100%| O|  |TAMS 0x0000000086a00000, 0x0000000086a00000| Untracked 
| 106|0x0000000086a00000, 0x0000000086b00000, 0x0000000086b00000|100%| O|  |TAMS 0x0000000086b00000, 0x0000000086b00000| Untracked 
| 107|0x0000000086b00000, 0x0000000086c00000, 0x0000000086c00000|100%| O|  |TAMS 0x0000000086c00000, 0x0000000086c00000| Untracked 
| 108|0x0000000086c00000, 0x0000000086d00000, 0x0000000086d00000|100%| O|  |TAMS 0x0000000086d00000, 0x0000000086d00000| Untracked 
| 109|0x0000000086d00000, 0x0000000086e00000, 0x0000000086e00000|100%| O|  |TAMS 0x0000000086e00000, 0x0000000086e00000| Untracked 
| 110|0x0000000086e00000, 0x0000000086f00000, 0x0000000086f00000|100%| O|  |TAMS 0x0000000086f00000, 0x0000000086f00000| Untracked 
| 111|0x0000000086f00000, 0x0000000087000000, 0x0000000087000000|100%| O|  |TAMS 0x0000000087000000, 0x0000000087000000| Untracked 
| 112|0x0000000087000000, 0x0000000087100000, 0x0000000087100000|100%| O|  |TAMS 0x0000000087100000, 0x0000000087100000| Untracked 
| 113|0x0000000087100000, 0x0000000087200000, 0x0000000087200000|100%| O|  |TAMS 0x0000000087200000, 0x0000000087200000| Untracked 
| 114|0x0000000087200000, 0x0000000087300000, 0x0000000087300000|100%| O|  |TAMS 0x0000000087300000, 0x0000000087300000| Untracked 
| 115|0x0000000087300000, 0x0000000087400000, 0x0000000087400000|100%| O|  |TAMS 0x0000000087400000, 0x0000000087400000| Untracked 
| 116|0x0000000087400000, 0x0000000087500000, 0x0000000087500000|100%| O|  |TAMS 0x0000000087500000, 0x0000000087500000| Untracked 
| 117|0x0000000087500000, 0x0000000087600000, 0x0000000087600000|100%| O|  |TAMS 0x0000000087600000, 0x0000000087600000| Untracked 
| 118|0x0000000087600000, 0x0000000087700000, 0x0000000087700000|100%| O|  |TAMS 0x0000000087700000, 0x0000000087700000| Untracked 
| 119|0x0000000087700000, 0x0000000087800000, 0x0000000087800000|100%| O|  |TAMS 0x0000000087800000, 0x0000000087800000| Untracked 
| 120|0x0000000087800000, 0x0000000087900000, 0x0000000087900000|100%| O|  |TAMS 0x0000000087900000, 0x0000000087900000| Untracked 
| 121|0x0000000087900000, 0x0000000087a00000, 0x0000000087a00000|100%| O|  |TAMS 0x0000000087a00000, 0x0000000087a00000| Untracked 
| 122|0x0000000087a00000, 0x0000000087b00000, 0x0000000087b00000|100%| O|  |TAMS 0x0000000087b00000, 0x0000000087b00000| Untracked 
| 123|0x0000000087b00000, 0x0000000087c00000, 0x0000000087c00000|100%| O|  |TAMS 0x0000000087c00000, 0x0000000087c00000| Untracked 
| 124|0x0000000087c00000, 0x0000000087d00000, 0x0000000087d00000|100%| O|  |TAMS 0x0000000087d00000, 0x0000000087d00000| Untracked 
| 125|0x0000000087d00000, 0x0000000087e00000, 0x0000000087e00000|100%| O|  |TAMS 0x0000000087e00000, 0x0000000087e00000| Untracked 
| 126|0x0000000087e00000, 0x0000000087f00000, 0x0000000087f00000|100%| O|  |TAMS 0x0000000087f00000, 0x0000000087f00000| Untracked 
| 127|0x0000000087f00000, 0x0000000088000000, 0x0000000088000000|100%| O|  |TAMS 0x0000000088000000, 0x0000000088000000| Untracked 
| 128|0x0000000088000000, 0x0000000088100000, 0x0000000088100000|100%| O|  |TAMS 0x0000000088100000, 0x0000000088100000| Untracked 
| 129|0x0000000088100000, 0x0000000088200000, 0x0000000088200000|100%| O|  |TAMS 0x0000000088200000, 0x0000000088200000| Untracked 
| 130|0x0000000088200000, 0x0000000088300000, 0x0000000088300000|100%| O|  |TAMS 0x0000000088300000, 0x0000000088300000| Untracked 
| 131|0x0000000088300000, 0x0000000088400000, 0x0000000088400000|100%| O|  |TAMS 0x0000000088400000, 0x0000000088400000| Untracked 
| 132|0x0000000088400000, 0x0000000088500000, 0x0000000088500000|100%| O|  |TAMS 0x0000000088500000, 0x0000000088500000| Untracked 
| 133|0x0000000088500000, 0x0000000088600000, 0x0000000088600000|100%| O|  |TAMS 0x0000000088600000, 0x0000000088600000| Untracked 
| 134|0x0000000088600000, 0x0000000088700000, 0x0000000088700000|100%| O|  |TAMS 0x0000000088700000, 0x0000000088700000| Untracked 
| 135|0x0000000088700000, 0x0000000088800000, 0x0000000088800000|100%| O|  |TAMS 0x0000000088800000, 0x0000000088800000| Untracked 
| 136|0x0000000088800000, 0x0000000088900000, 0x0000000088900000|100%| O|  |TAMS 0x0000000088900000, 0x0000000088900000| Untracked 
| 137|0x0000000088900000, 0x0000000088a00000, 0x0000000088a00000|100%| O|  |TAMS 0x0000000088a00000, 0x0000000088a00000| Untracked 
| 138|0x0000000088a00000, 0x0000000088b00000, 0x0000000088b00000|100%| O|  |TAMS 0x0000000088b00000, 0x0000000088b00000| Untracked 
| 139|0x0000000088b00000, 0x0000000088c00000, 0x0000000088c00000|100%| O|  |TAMS 0x0000000088c00000, 0x0000000088c00000| Untracked 
| 140|0x0000000088c00000, 0x0000000088d00000, 0x0000000088d00000|100%| O|  |TAMS 0x0000000088d00000, 0x0000000088d00000| Untracked 
| 141|0x0000000088d00000, 0x0000000088e00000, 0x0000000088e00000|100%| O|  |TAMS 0x0000000088e00000, 0x0000000088e00000| Untracked 
| 142|0x0000000088e00000, 0x0000000088f00000, 0x0000000088f00000|100%| O|  |TAMS 0x0000000088f00000, 0x0000000088f00000| Untracked 
| 143|0x0000000088f00000, 0x0000000089000000, 0x0000000089000000|100%| O|  |TAMS 0x0000000089000000, 0x0000000089000000| Untracked 
| 144|0x0000000089000000, 0x0000000089100000, 0x0000000089100000|100%| O|  |TAMS 0x0000000089100000, 0x0000000089100000| Untracked 
| 145|0x0000000089100000, 0x0000000089200000, 0x0000000089200000|100%| O|  |TAMS 0x0000000089200000, 0x0000000089200000| Untracked 
| 146|0x0000000089200000, 0x0000000089300000, 0x0000000089300000|100%| O|  |TAMS 0x0000000089300000, 0x0000000089300000| Untracked 
| 147|0x0000000089300000, 0x0000000089400000, 0x0000000089400000|100%| O|  |TAMS 0x0000000089300000, 0x0000000089400000| Untracked 
| 148|0x0000000089400000, 0x0000000089500000, 0x0000000089500000|100%| O|  |TAMS 0x0000000089400000, 0x0000000089500000| Untracked 
| 149|0x0000000089500000, 0x0000000089600000, 0x0000000089600000|100%| O|  |TAMS 0x0000000089500000, 0x0000000089600000| Untracked 
| 150|0x0000000089600000, 0x0000000089700000, 0x0000000089700000|100%| O|  |TAMS 0x0000000089600000, 0x0000000089700000| Untracked 
| 151|0x0000000089700000, 0x0000000089800000, 0x0000000089800000|100%| O|  |TAMS 0x0000000089700000, 0x0000000089800000| Untracked 
| 152|0x0000000089800000, 0x0000000089900000, 0x0000000089900000|100%| O|  |TAMS 0x0000000089800000, 0x0000000089900000| Untracked 
| 153|0x0000000089900000, 0x0000000089a00000, 0x0000000089a00000|100%| O|  |TAMS 0x0000000089900000, 0x0000000089a00000| Untracked 
| 154|0x0000000089a00000, 0x0000000089b00000, 0x0000000089b00000|100%| O|  |TAMS 0x0000000089a00000, 0x0000000089b00000| Untracked 
| 155|0x0000000089b00000, 0x0000000089c00000, 0x0000000089c00000|100%| O|  |TAMS 0x0000000089b00000, 0x0000000089c00000| Untracked 
| 156|0x0000000089c00000, 0x0000000089d00000, 0x0000000089d00000|100%| O|  |TAMS 0x0000000089c00000, 0x0000000089d00000| Untracked 
| 157|0x0000000089d00000, 0x0000000089e00000, 0x0000000089e00000|100%| O|  |TAMS 0x0000000089d00000, 0x0000000089e00000| Untracked 
| 158|0x0000000089e00000, 0x0000000089f00000, 0x0000000089f00000|100%| O|  |TAMS 0x0000000089e00000, 0x0000000089f00000| Untracked 
| 159|0x0000000089f00000, 0x000000008a000000, 0x000000008a000000|100%| O|  |TAMS 0x0000000089f00000, 0x000000008a000000| Untracked 
| 160|0x000000008a000000, 0x000000008a100000, 0x000000008a100000|100%| O|  |TAMS 0x000000008a000000, 0x000000008a100000| Untracked 
| 161|0x000000008a100000, 0x000000008a200000, 0x000000008a200000|100%| O|  |TAMS 0x000000008a100000, 0x000000008a200000| Untracked 
| 162|0x000000008a200000, 0x000000008a300000, 0x000000008a300000|100%| O|  |TAMS 0x000000008a200000, 0x000000008a300000| Untracked 
| 163|0x000000008a300000, 0x000000008a400000, 0x000000008a400000|100%| O|  |TAMS 0x000000008a300000, 0x000000008a400000| Untracked 
| 164|0x000000008a400000, 0x000000008a500000, 0x000000008a500000|100%| O|  |TAMS 0x000000008a400000, 0x000000008a500000| Untracked 
| 165|0x000000008a500000, 0x000000008a600000, 0x000000008a600000|100%| O|  |TAMS 0x000000008a500000, 0x000000008a600000| Untracked 
| 166|0x000000008a600000, 0x000000008a700000, 0x000000008a700000|100%| O|  |TAMS 0x000000008a600000, 0x000000008a700000| Untracked 
| 167|0x000000008a700000, 0x000000008a741600, 0x000000008a800000| 25%| O|  |TAMS 0x000000008a700000, 0x000000008a741600| Untracked 
| 168|0x000000008a800000, 0x000000008a800000, 0x000000008a900000|  0%| F|  |TAMS 0x000000008a800000, 0x000000008a800000| Untracked 
| 169|0x000000008a900000, 0x000000008a900000, 0x000000008aa00000|  0%| F|  |TAMS 0x000000008a900000, 0x000000008a900000| Untracked 
| 170|0x000000008aa00000, 0x000000008aa00000, 0x000000008ab00000|  0%| F|  |TAMS 0x000000008aa00000, 0x000000008aa00000| Untracked 
| 171|0x000000008ab00000, 0x000000008ab00000, 0x000000008ac00000|  0%| F|  |TAMS 0x000000008ab00000, 0x000000008ab00000| Untracked 
| 172|0x000000008ac00000, 0x000000008ac00000, 0x000000008ad00000|  0%| F|  |TAMS 0x000000008ac00000, 0x000000008ac00000| Untracked 
| 173|0x000000008ad00000, 0x000000008ad00000, 0x000000008ae00000|  0%| F|  |TAMS 0x000000008ad00000, 0x000000008ad00000| Untracked 
| 174|0x000000008ae00000, 0x000000008ae00000, 0x000000008af00000|  0%| F|  |TAMS 0x000000008ae00000, 0x000000008ae00000| Untracked 
| 175|0x000000008af00000, 0x000000008af00000, 0x000000008b000000|  0%| F|  |TAMS 0x000000008af00000, 0x000000008af00000| Untracked 
| 176|0x000000008b000000, 0x000000008b000000, 0x000000008b100000|  0%| F|  |TAMS 0x000000008b000000, 0x000000008b000000| Untracked 
| 177|0x000000008b100000, 0x000000008b100000, 0x000000008b200000|  0%| F|  |TAMS 0x000000008b100000, 0x000000008b100000| Untracked 
| 178|0x000000008b200000, 0x000000008b200000, 0x000000008b300000|  0%| F|  |TAMS 0x000000008b200000, 0x000000008b200000| Untracked 
| 179|0x000000008b300000, 0x000000008b300000, 0x000000008b400000|  0%| F|  |TAMS 0x000000008b300000, 0x000000008b300000| Untracked 
| 180|0x000000008b400000, 0x000000008b400000, 0x000000008b500000|  0%| F|  |TAMS 0x000000008b400000, 0x000000008b400000| Untracked 
| 181|0x000000008b500000, 0x000000008b500000, 0x000000008b600000|  0%| F|  |TAMS 0x000000008b500000, 0x000000008b500000| Untracked 
| 182|0x000000008b600000, 0x000000008b600000, 0x000000008b700000|  0%| F|  |TAMS 0x000000008b600000, 0x000000008b600000| Untracked 
| 183|0x000000008b700000, 0x000000008b700000, 0x000000008b800000|  0%| F|  |TAMS 0x000000008b700000, 0x000000008b700000| Untracked 
| 184|0x000000008b800000, 0x000000008b800000, 0x000000008b900000|  0%| F|  |TAMS 0x000000008b800000, 0x000000008b800000| Untracked 
| 185|0x000000008b900000, 0x000000008b900000, 0x000000008ba00000|  0%| F|  |TAMS 0x000000008b900000, 0x000000008b900000| Untracked 
| 186|0x000000008ba00000, 0x000000008ba00000, 0x000000008bb00000|  0%| F|  |TAMS 0x000000008ba00000, 0x000000008ba00000| Untracked 
| 187|0x000000008bb00000, 0x000000008bb00000, 0x000000008bc00000|  0%| F|  |TAMS 0x000000008bb00000, 0x000000008bb00000| Untracked 
| 188|0x000000008bc00000, 0x000000008bc00000, 0x000000008bd00000|  0%| F|  |TAMS 0x000000008bc00000, 0x000000008bc00000| Untracked 
| 189|0x000000008bd00000, 0x000000008bd00000, 0x000000008be00000|  0%| F|  |TAMS 0x000000008bd00000, 0x000000008bd00000| Untracked 
| 190|0x000000008be00000, 0x000000008be00000, 0x000000008bf00000|  0%| F|  |TAMS 0x000000008be00000, 0x000000008be00000| Untracked 
| 191|0x000000008bf00000, 0x000000008bf00000, 0x000000008c000000|  0%| F|  |TAMS 0x000000008bf00000, 0x000000008bf00000| Untracked 
| 192|0x000000008c000000, 0x000000008c000000, 0x000000008c100000|  0%| F|  |TAMS 0x000000008c000000, 0x000000008c000000| Untracked 
| 193|0x000000008c100000, 0x000000008c100000, 0x000000008c200000|  0%| F|  |TAMS 0x000000008c100000, 0x000000008c100000| Untracked 
| 194|0x000000008c200000, 0x000000008c200000, 0x000000008c300000|  0%| F|  |TAMS 0x000000008c200000, 0x000000008c200000| Untracked 
| 195|0x000000008c300000, 0x000000008c300000, 0x000000008c400000|  0%| F|  |TAMS 0x000000008c300000, 0x000000008c300000| Untracked 
| 196|0x000000008c400000, 0x000000008c400000, 0x000000008c500000|  0%| F|  |TAMS 0x000000008c400000, 0x000000008c400000| Untracked 
| 197|0x000000008c500000, 0x000000008c500000, 0x000000008c600000|  0%| F|  |TAMS 0x000000008c500000, 0x000000008c500000| Untracked 
| 198|0x000000008c600000, 0x000000008c600000, 0x000000008c700000|  0%| F|  |TAMS 0x000000008c600000, 0x000000008c600000| Untracked 
| 199|0x000000008c700000, 0x000000008c700000, 0x000000008c800000|  0%| F|  |TAMS 0x000000008c700000, 0x000000008c700000| Untracked 
| 200|0x000000008c800000, 0x000000008c800000, 0x000000008c900000|  0%| F|  |TAMS 0x000000008c800000, 0x000000008c800000| Untracked 
| 201|0x000000008c900000, 0x000000008c900000, 0x000000008ca00000|  0%| F|  |TAMS 0x000000008c900000, 0x000000008c900000| Untracked 
| 202|0x000000008ca00000, 0x000000008ca00000, 0x000000008cb00000|  0%| F|  |TAMS 0x000000008ca00000, 0x000000008ca00000| Untracked 
| 203|0x000000008cb00000, 0x000000008cb00000, 0x000000008cc00000|  0%| F|  |TAMS 0x000000008cb00000, 0x000000008cb00000| Untracked 
| 204|0x000000008cc00000, 0x000000008cc00000, 0x000000008cd00000|  0%| F|  |TAMS 0x000000008cc00000, 0x000000008cc00000| Untracked 
| 205|0x000000008cd00000, 0x000000008cd00000, 0x000000008ce00000|  0%| F|  |TAMS 0x000000008cd00000, 0x000000008cd00000| Untracked 
| 206|0x000000008ce00000, 0x000000008ce00000, 0x000000008cf00000|  0%| F|  |TAMS 0x000000008ce00000, 0x000000008ce00000| Untracked 
| 207|0x000000008cf00000, 0x000000008cf00000, 0x000000008d000000|  0%| F|  |TAMS 0x000000008cf00000, 0x000000008cf00000| Untracked 
| 208|0x000000008d000000, 0x000000008d000000, 0x000000008d100000|  0%| F|  |TAMS 0x000000008d000000, 0x000000008d000000| Untracked 
| 209|0x000000008d100000, 0x000000008d100000, 0x000000008d200000|  0%| F|  |TAMS 0x000000008d100000, 0x000000008d100000| Untracked 
| 210|0x000000008d200000, 0x000000008d200000, 0x000000008d300000|  0%| F|  |TAMS 0x000000008d200000, 0x000000008d200000| Untracked 
| 211|0x000000008d300000, 0x000000008d300000, 0x000000008d400000|  0%| F|  |TAMS 0x000000008d300000, 0x000000008d300000| Untracked 
| 212|0x000000008d400000, 0x000000008d400000, 0x000000008d500000|  0%| F|  |TAMS 0x000000008d400000, 0x000000008d400000| Untracked 
| 213|0x000000008d500000, 0x000000008d500000, 0x000000008d600000|  0%| F|  |TAMS 0x000000008d500000, 0x000000008d500000| Untracked 
| 214|0x000000008d600000, 0x000000008d600000, 0x000000008d700000|  0%| F|  |TAMS 0x000000008d600000, 0x000000008d600000| Untracked 
| 215|0x000000008d700000, 0x000000008d700000, 0x000000008d800000|  0%| F|  |TAMS 0x000000008d700000, 0x000000008d700000| Untracked 
| 216|0x000000008d800000, 0x000000008d800000, 0x000000008d900000|  0%| F|  |TAMS 0x000000008d800000, 0x000000008d800000| Untracked 
| 217|0x000000008d900000, 0x000000008d900000, 0x000000008da00000|  0%| F|  |TAMS 0x000000008d900000, 0x000000008d900000| Untracked 
| 218|0x000000008da00000, 0x000000008da00000, 0x000000008db00000|  0%| F|  |TAMS 0x000000008da00000, 0x000000008da00000| Untracked 
| 219|0x000000008db00000, 0x000000008db00000, 0x000000008dc00000|  0%| F|  |TAMS 0x000000008db00000, 0x000000008db00000| Untracked 
| 220|0x000000008dc00000, 0x000000008dc00000, 0x000000008dd00000|  0%| F|  |TAMS 0x000000008dc00000, 0x000000008dc00000| Untracked 
| 221|0x000000008dd00000, 0x000000008dd00000, 0x000000008de00000|  0%| F|  |TAMS 0x000000008dd00000, 0x000000008dd00000| Untracked 
| 222|0x000000008de00000, 0x000000008df00000, 0x000000008df00000|100%| S|CS|TAMS 0x000000008de00000, 0x000000008de00000| Complete 
| 223|0x000000008df00000, 0x000000008df00000, 0x000000008e000000|  0%| F|  |TAMS 0x000000008df00000, 0x000000008df00000| Untracked 
| 224|0x000000008e000000, 0x000000008e000000, 0x000000008e100000|  0%| F|  |TAMS 0x000000008e000000, 0x000000008e000000| Untracked 
| 225|0x000000008e100000, 0x000000008e100000, 0x000000008e200000|  0%| F|  |TAMS 0x000000008e100000, 0x000000008e100000| Untracked 
| 226|0x000000008e200000, 0x000000008e200000, 0x000000008e300000|  0%| F|  |TAMS 0x000000008e200000, 0x000000008e200000| Untracked 
| 227|0x000000008e300000, 0x000000008e300000, 0x000000008e400000|  0%| F|  |TAMS 0x000000008e300000, 0x000000008e300000| Untracked 
| 228|0x000000008e400000, 0x000000008e400000, 0x000000008e500000|  0%| F|  |TAMS 0x000000008e400000, 0x000000008e400000| Untracked 
| 229|0x000000008e500000, 0x000000008e500000, 0x000000008e600000|  0%| F|  |TAMS 0x000000008e500000, 0x000000008e500000| Untracked 
| 230|0x000000008e600000, 0x000000008e600000, 0x000000008e700000|  0%| F|  |TAMS 0x000000008e600000, 0x000000008e600000| Untracked 
| 231|0x000000008e700000, 0x000000008e700000, 0x000000008e800000|  0%| F|  |TAMS 0x000000008e700000, 0x000000008e700000| Untracked 
| 232|0x000000008e800000, 0x000000008e800000, 0x000000008e900000|  0%| F|  |TAMS 0x000000008e800000, 0x000000008e800000| Untracked 
| 233|0x000000008e900000, 0x000000008e900000, 0x000000008ea00000|  0%| F|  |TAMS 0x000000008e900000, 0x000000008e900000| Untracked 
| 234|0x000000008ea00000, 0x000000008ea00000, 0x000000008eb00000|  0%| F|  |TAMS 0x000000008ea00000, 0x000000008ea00000| Untracked 
| 235|0x000000008eb00000, 0x000000008eb00000, 0x000000008ec00000|  0%| F|  |TAMS 0x000000008eb00000, 0x000000008eb00000| Untracked 
| 236|0x000000008ec00000, 0x000000008ec00000, 0x000000008ed00000|  0%| F|  |TAMS 0x000000008ec00000, 0x000000008ec00000| Untracked 
| 237|0x000000008ed00000, 0x000000008ed00000, 0x000000008ee00000|  0%| F|  |TAMS 0x000000008ed00000, 0x000000008ed00000| Untracked 
| 238|0x000000008ee00000, 0x000000008ee00000, 0x000000008ef00000|  0%| F|  |TAMS 0x000000008ee00000, 0x000000008ee00000| Untracked 
| 239|0x000000008ef00000, 0x000000008ef00000, 0x000000008f000000|  0%| F|  |TAMS 0x000000008ef00000, 0x000000008ef00000| Untracked 
| 240|0x000000008f000000, 0x000000008f000000, 0x000000008f100000|  0%| F|  |TAMS 0x000000008f000000, 0x000000008f000000| Untracked 
| 241|0x000000008f100000, 0x000000008f100000, 0x000000008f200000|  0%| F|  |TAMS 0x000000008f100000, 0x000000008f100000| Untracked 
| 242|0x000000008f200000, 0x000000008f200000, 0x000000008f300000|  0%| F|  |TAMS 0x000000008f200000, 0x000000008f200000| Untracked 
| 243|0x000000008f300000, 0x000000008f300000, 0x000000008f400000|  0%| F|  |TAMS 0x000000008f300000, 0x000000008f300000| Untracked 
| 244|0x000000008f400000, 0x000000008f400000, 0x000000008f500000|  0%| F|  |TAMS 0x000000008f400000, 0x000000008f400000| Untracked 
| 245|0x000000008f500000, 0x000000008f500000, 0x000000008f600000|  0%| F|  |TAMS 0x000000008f500000, 0x000000008f500000| Untracked 
| 246|0x000000008f600000, 0x000000008f600000, 0x000000008f700000|  0%| F|  |TAMS 0x000000008f600000, 0x000000008f600000| Untracked 
| 247|0x000000008f700000, 0x000000008f700000, 0x000000008f800000|  0%| F|  |TAMS 0x000000008f700000, 0x000000008f700000| Untracked 
| 248|0x000000008f800000, 0x000000008f800000, 0x000000008f900000|  0%| F|  |TAMS 0x000000008f800000, 0x000000008f800000| Untracked 
| 249|0x000000008f900000, 0x000000008f900000, 0x000000008fa00000|  0%| F|  |TAMS 0x000000008f900000, 0x000000008f900000| Untracked 
| 250|0x000000008fa00000, 0x000000008fa00000, 0x000000008fb00000|  0%| F|  |TAMS 0x000000008fa00000, 0x000000008fa00000| Untracked 
| 251|0x000000008fb00000, 0x000000008fb00000, 0x000000008fc00000|  0%| F|  |TAMS 0x000000008fb00000, 0x000000008fb00000| Untracked 
| 252|0x000000008fc00000, 0x000000008fc00000, 0x000000008fd00000|  0%| F|  |TAMS 0x000000008fc00000, 0x000000008fc00000| Untracked 
| 253|0x000000008fd00000, 0x000000008fd00000, 0x000000008fe00000|  0%| F|  |TAMS 0x000000008fd00000, 0x000000008fd00000| Untracked 
| 254|0x000000008fe00000, 0x000000008fe00000, 0x000000008ff00000|  0%| F|  |TAMS 0x000000008fe00000, 0x000000008fe00000| Untracked 
| 255|0x000000008ff00000, 0x000000008ff00000, 0x0000000090000000|  0%| F|  |TAMS 0x000000008ff00000, 0x000000008ff00000| Untracked 
| 256|0x0000000090000000, 0x0000000090000000, 0x0000000090100000|  0%| F|  |TAMS 0x0000000090000000, 0x0000000090000000| Untracked 
| 257|0x0000000090100000, 0x0000000090100000, 0x0000000090200000|  0%| F|  |TAMS 0x0000000090100000, 0x0000000090100000| Untracked 
| 258|0x0000000090200000, 0x0000000090200000, 0x0000000090300000|  0%| F|  |TAMS 0x0000000090200000, 0x0000000090200000| Untracked 
| 259|0x0000000090300000, 0x0000000090300000, 0x0000000090400000|  0%| F|  |TAMS 0x0000000090300000, 0x0000000090300000| Untracked 
| 260|0x0000000090400000, 0x0000000090400000, 0x0000000090500000|  0%| F|  |TAMS 0x0000000090400000, 0x0000000090400000| Untracked 
| 261|0x0000000090500000, 0x0000000090500000, 0x0000000090600000|  0%| F|  |TAMS 0x0000000090500000, 0x0000000090500000| Untracked 
| 262|0x0000000090600000, 0x0000000090600000, 0x0000000090700000|  0%| F|  |TAMS 0x0000000090600000, 0x0000000090600000| Untracked 
| 263|0x0000000090700000, 0x0000000090700000, 0x0000000090800000|  0%| F|  |TAMS 0x0000000090700000, 0x0000000090700000| Untracked 
| 264|0x0000000090800000, 0x0000000090800000, 0x0000000090900000|  0%| F|  |TAMS 0x0000000090800000, 0x0000000090800000| Untracked 
| 265|0x0000000090900000, 0x0000000090900000, 0x0000000090a00000|  0%| F|  |TAMS 0x0000000090900000, 0x0000000090900000| Untracked 
| 266|0x0000000090a00000, 0x0000000090a00000, 0x0000000090b00000|  0%| F|  |TAMS 0x0000000090a00000, 0x0000000090a00000| Untracked 
| 267|0x0000000090b00000, 0x0000000090b00000, 0x0000000090c00000|  0%| F|  |TAMS 0x0000000090b00000, 0x0000000090b00000| Untracked 
| 268|0x0000000090c00000, 0x0000000090c00000, 0x0000000090d00000|  0%| F|  |TAMS 0x0000000090c00000, 0x0000000090c00000| Untracked 
| 269|0x0000000090d00000, 0x0000000090d00000, 0x0000000090e00000|  0%| F|  |TAMS 0x0000000090d00000, 0x0000000090d00000| Untracked 
| 270|0x0000000090e00000, 0x0000000090e00000, 0x0000000090f00000|  0%| F|  |TAMS 0x0000000090e00000, 0x0000000090e00000| Untracked 
| 271|0x0000000090f00000, 0x0000000090f00000, 0x0000000091000000|  0%| F|  |TAMS 0x0000000090f00000, 0x0000000090f00000| Untracked 
| 272|0x0000000091000000, 0x0000000091000000, 0x0000000091100000|  0%| F|  |TAMS 0x0000000091000000, 0x0000000091000000| Untracked 
| 273|0x0000000091100000, 0x0000000091100000, 0x0000000091200000|  0%| F|  |TAMS 0x0000000091100000, 0x0000000091100000| Untracked 
| 274|0x0000000091200000, 0x0000000091200000, 0x0000000091300000|  0%| F|  |TAMS 0x0000000091200000, 0x0000000091200000| Untracked 
| 275|0x0000000091300000, 0x0000000091300000, 0x0000000091400000|  0%| F|  |TAMS 0x0000000091300000, 0x0000000091300000| Untracked 
| 276|0x0000000091400000, 0x0000000091400000, 0x0000000091500000|  0%| F|  |TAMS 0x0000000091400000, 0x0000000091400000| Untracked 
| 277|0x0000000091500000, 0x0000000091500000, 0x0000000091600000|  0%| F|  |TAMS 0x0000000091500000, 0x0000000091500000| Untracked 
| 278|0x0000000091600000, 0x0000000091600000, 0x0000000091700000|  0%| F|  |TAMS 0x0000000091600000, 0x0000000091600000| Untracked 
| 279|0x0000000091700000, 0x0000000091700000, 0x0000000091800000|  0%| F|  |TAMS 0x0000000091700000, 0x0000000091700000| Untracked 
| 280|0x0000000091800000, 0x0000000091800000, 0x0000000091900000|  0%| F|  |TAMS 0x0000000091800000, 0x0000000091800000| Untracked 
|2027|0x00000000feb00000, 0x00000000fec00000, 0x00000000fec00000|100%| O|  |TAMS 0x00000000fec00000, 0x00000000fec00000| Untracked 
|2028|0x00000000fec00000, 0x00000000fec00000, 0x00000000fed00000|  0%| F|  |TAMS 0x00000000fec00000, 0x00000000fec00000| Untracked 
|2029|0x00000000fed00000, 0x00000000fed00000, 0x00000000fee00000|  0%| F|  |TAMS 0x00000000fed00000, 0x00000000fed00000| Untracked 
|2030|0x00000000fee00000, 0x00000000fee00000, 0x00000000fef00000|  0%| F|  |TAMS 0x00000000fee00000, 0x00000000fee00000| Untracked 
|2031|0x00000000fef00000, 0x00000000fef00000, 0x00000000ff000000|  0%| F|  |TAMS 0x00000000fef00000, 0x00000000fef00000| Untracked 
|2032|0x00000000ff000000, 0x00000000ff000000, 0x00000000ff100000|  0%| F|  |TAMS 0x00000000ff000000, 0x00000000ff000000| Untracked 
|2033|0x00000000ff100000, 0x00000000ff100000, 0x00000000ff200000|  0%| F|  |TAMS 0x00000000ff100000, 0x00000000ff100000| Untracked 
|2034|0x00000000ff200000, 0x00000000ff200000, 0x00000000ff300000|  0%| F|  |TAMS 0x00000000ff200000, 0x00000000ff200000| Untracked 
|2035|0x00000000ff300000, 0x00000000ff300000, 0x00000000ff400000|  0%| F|  |TAMS 0x00000000ff300000, 0x00000000ff300000| Untracked 
|2036|0x00000000ff400000, 0x00000000ff400000, 0x00000000ff500000|  0%| F|  |TAMS 0x00000000ff400000, 0x00000000ff400000| Untracked 
|2037|0x00000000ff500000, 0x00000000ff500000, 0x00000000ff600000|  0%| F|  |TAMS 0x00000000ff500000, 0x00000000ff500000| Untracked 
|2038|0x00000000ff600000, 0x00000000ff600000, 0x00000000ff700000|  0%| F|  |TAMS 0x00000000ff600000, 0x00000000ff600000| Untracked 
|2039|0x00000000ff700000, 0x00000000ff700000, 0x00000000ff800000|  0%| F|  |TAMS 0x00000000ff700000, 0x00000000ff700000| Untracked 
|2040|0x00000000ff800000, 0x00000000ff800000, 0x00000000ff900000|  0%| F|  |TAMS 0x00000000ff800000, 0x00000000ff800000| Untracked 
|2041|0x00000000ff900000, 0x00000000ff900000, 0x00000000ffa00000|  0%| F|  |TAMS 0x00000000ff900000, 0x00000000ff900000| Untracked 
|2042|0x00000000ffa00000, 0x00000000ffa00000, 0x00000000ffb00000|  0%| F|  |TAMS 0x00000000ffa00000, 0x00000000ffa00000| Untracked 
|2043|0x00000000ffb00000, 0x00000000ffb00000, 0x00000000ffc00000|  0%| F|  |TAMS 0x00000000ffb00000, 0x00000000ffb00000| Untracked 
|2044|0x00000000ffc00000, 0x00000000ffc00000, 0x00000000ffd00000|  0%| F|  |TAMS 0x00000000ffc00000, 0x00000000ffc00000| Untracked 
|2045|0x00000000ffd00000, 0x00000000ffd00000, 0x00000000ffe00000|  0%| F|  |TAMS 0x00000000ffd00000, 0x00000000ffd00000| Untracked 
|2046|0x00000000ffe00000, 0x00000000ffe00000, 0x00000000fff00000|  0%| F|  |TAMS 0x00000000ffe00000, 0x00000000ffe00000| Untracked 
|2047|0x00000000fff00000, 0x00000000fff00000, 0x0000000100000000|  0%| F|  |TAMS 0x00000000fff00000, 0x00000000fff00000| Untracked 

Card table byte_map: [0x000002dc273f0000,0x000002dc277f0000] _byte_map_base: 0x000002dc26ff0000

Marking Bits (Prev, Next): (CMBitMap*) 0x000002dc1483f5e0, (CMBitMap*) 0x000002dc1483f620
 Prev Bits: [0x000002dc27bf0000, 0x000002dc29bf0000)
 Next Bits: [0x000002dc29bf0000, 0x000002dc2bbf0000)

Polling page: 0x000002dc127e0000

Metaspace:

Usage:
  Non-class:    113.54 MB used.
      Class:     18.08 MB used.
       Both:    131.62 MB used.

Virtual space:
  Non-class space:      128.00 MB reserved,     114.00 MB ( 89%) committed,  2 nodes.
      Class space:        1.00 GB reserved,      18.50 MB (  2%) committed,  1 nodes.
             Both:        1.12 GB reserved,     132.50 MB ( 12%) committed. 

Chunk freelists:
   Non-Class:  13.28 MB
       Class:  13.39 MB
        Both:  26.67 MB

MaxMetaspaceSize: unlimited
CompressedClassSpaceSize: 1.00 GB
Initial GC threshold: 21.00 MB
Current GC threshold: 213.75 MB
CDS: off
MetaspaceReclaimPolicy: balanced
 - commit_granule_bytes: 65536.
 - commit_granule_words: 8192.
 - virtual_space_node_default_size: 8388608.
 - enlarge_chunks_in_place: 1.
 - new_chunks_are_fully_committed: 0.
 - uncommit_free_chunks: 1.
 - use_allocation_guard: 0.
 - handle_deallocations: 1.


Internal statistics:

num_allocs_failed_limit: 6.
num_arena_births: 1394.
num_arena_deaths: 2.
num_vsnodes_births: 3.
num_vsnodes_deaths: 0.
num_space_committed: 2118.
num_space_uncommitted: 0.
num_chunks_returned_to_freelist: 8.
num_chunks_taken_from_freelist: 6490.
num_chunk_merges: 6.
num_chunk_splits: 4338.
num_chunks_enlarged: 2921.
num_inconsistent_stats: 0.

CodeHeap 'non-profiled nmethods': size=120000Kb used=9797Kb max_used=9954Kb free=110202Kb
 bounds [0x000002dc1f790000, 0x000002dc20160000, 0x000002dc26cc0000]
CodeHeap 'profiled nmethods': size=120000Kb used=31026Kb max_used=31026Kb free=88973Kb
 bounds [0x000002dc17cc0000, 0x000002dc19b10000, 0x000002dc1f1f0000]
CodeHeap 'non-nmethods': size=5760Kb used=1794Kb max_used=1871Kb free=3965Kb
 bounds [0x000002dc1f1f0000, 0x000002dc1f460000, 0x000002dc1f790000]
 total_blobs=16867 nmethods=15979 adapters=799
 compilation: enabled
              stopped_count=0, restarted_count=0
 full_count=0

Compilation events (20 events):
Event: 39.130 Thread 0x000002dc2e824d70 nmethod 19495 0x000002dc1f912510 code [0x000002dc1f9126a0, 0x000002dc1f912778]
Event: 39.130 Thread 0x000002dc2e824d70 19606       1       com.android.tools.r8.internal.GS::comparator (2 bytes)
Event: 39.130 Thread 0x000002dc2e824d70 nmethod 19606 0x000002dc1f912210 code [0x000002dc1f9123a0, 0x000002dc1f912478]
Event: 39.130 Thread 0x000002dc2e824d70 19285       1       com.android.tools.r8.internal.s30::b (5 bytes)
Event: 39.130 Thread 0x000002dc2e824d70 nmethod 19285 0x000002dc1f911f10 code [0x000002dc1f9120a0, 0x000002dc1f912178]
Event: 39.132 Thread 0x000002dc2e824d70 19641       2       com.android.tools.r8.ir.regalloc.b::a (1852 bytes)
Event: 39.165 Thread 0x000002dc2e821240 nmethod 19420 0x000002dc1fdc3890 code [0x000002dc1fdc3bc0, 0x000002dc1fdc6b50]
Event: 39.165 Thread 0x000002dc2e821240 19636       4       com.android.tools.r8.ir.regalloc.c::c (184 bytes)
Event: 39.178 Thread 0x000002dc2e824d70 nmethod 19641 0x000002dc19b03e10 code [0x000002dc19b049e0, 0x000002dc19b099e8]
Event: 39.178 Thread 0x000002dc2e824d70 19670       2       com.android.tools.r8.internal.mC::b (66 bytes)
Event: 39.178 Thread 0x000002dc2e824d70 nmethod 19670 0x000002dc19b0d890 code [0x000002dc19b0da80, 0x000002dc19b0dd68]
Event: 39.178 Thread 0x000002dc2e824d70 19661       2       com.android.tools.r8.internal.FQ$$Lambda$2759/0x00000001011c2f18::apply (16 bytes)
Event: 39.179 Thread 0x000002dc2e824d70 nmethod 19661 0x000002dc19b0df10 code [0x000002dc19b0e0c0, 0x000002dc19b0e278]
Event: 39.179 Thread 0x000002dc2e824d70 19664       2       com.android.tools.r8.internal.FQ::a (12 bytes)
Event: 39.179 Thread 0x000002dc2e824d70 nmethod 19664 0x000002dc19b0e390 code [0x000002dc19b0e540, 0x000002dc19b0e678]
Event: 39.179 Thread 0x000002dc2e824d70 19663       2       com.android.tools.r8.internal.FQ$$Lambda$2760/0x00000001011c3410::apply (16 bytes)
Event: 39.179 Thread 0x000002dc2e824d70 nmethod 19663 0x000002dc19b0e790 code [0x000002dc19b0e940, 0x000002dc19b0eaf8]
Event: 39.179 Thread 0x000002dc2e824d70 19672 %     3       com.android.tools.r8.ir.regalloc.b::c @ 2503 (4465 bytes)
Event: 39.184 Thread 0x000002dc2e821240 nmethod 19636 0x000002dc1fdc2890 code [0x000002dc1fdc2a80, 0x000002dc1fdc31b8]
Event: 39.184 Thread 0x000002dc2e821240 19500       4       com.android.tools.r8.ir.optimize.Z::a (278 bytes)

GC Heap History (20 events):
Event: 26.709 GC heap after
{Heap after GC invocations=55 (full 0):
 garbage-first heap   total 305152K, used 103745K [0x0000000080000000, 0x0000000100000000)
  region size 1024K, 1 young (1024K), 1 survivors (1024K)
 Metaspace       used 109352K, committed 110208K, reserved 1179648K
  class space    used 14839K, committed 15232K, reserved 1048576K
}
Event: 32.099 GC heap before
{Heap before GC invocations=55 (full 0):
 garbage-first heap   total 305152K, used 235841K [0x0000000080000000, 0x0000000100000000)
  region size 1024K, 131 young (134144K), 1 survivors (1024K)
 Metaspace       used 117853K, committed 118720K, reserved 1179648K
  class space    used 15862K, committed 16256K, reserved 1048576K
}
Event: 32.108 GC heap after
{Heap after GC invocations=56 (full 0):
 garbage-first heap   total 305152K, used 110532K [0x0000000080000000, 0x0000000100000000)
  region size 1024K, 8 young (8192K), 8 survivors (8192K)
 Metaspace       used 117853K, committed 118720K, reserved 1179648K
  class space    used 15862K, committed 16256K, reserved 1048576K
}
Event: 34.688 GC heap before
{Heap before GC invocations=57 (full 0):
 garbage-first heap   total 305152K, used 239556K [0x0000000080000000, 0x0000000100000000)
  region size 1024K, 135 young (138240K), 8 survivors (8192K)
 Metaspace       used 119687K, committed 120512K, reserved 1179648K
  class space    used 16085K, committed 16448K, reserved 1048576K
}
Event: 34.706 GC heap after
{Heap after GC invocations=58 (full 0):
 garbage-first heap   total 305152K, used 120526K [0x0000000080000000, 0x0000000100000000)
  region size 1024K, 17 young (17408K), 17 survivors (17408K)
 Metaspace       used 119687K, committed 120512K, reserved 1179648K
  class space    used 16085K, committed 16448K, reserved 1048576K
}
Event: 34.712 GC heap before
{Heap before GC invocations=58 (full 0):
 garbage-first heap   total 305152K, used 121550K [0x0000000080000000, 0x0000000100000000)
  region size 1024K, 18 young (18432K), 17 survivors (17408K)
 Metaspace       used 119695K, committed 120512K, reserved 1179648K
  class space    used 16088K, committed 16448K, reserved 1048576K
}
Event: 34.733 GC heap after
{Heap after GC invocations=59 (full 0):
 garbage-first heap   total 305152K, used 119674K [0x0000000080000000, 0x0000000100000000)
  region size 1024K, 2 young (2048K), 2 survivors (2048K)
 Metaspace       used 119695K, committed 120512K, reserved 1179648K
  class space    used 16088K, committed 16448K, reserved 1048576K
}
Event: 36.249 GC heap before
{Heap before GC invocations=59 (full 0):
 garbage-first heap   total 305152K, used 239482K [0x0000000080000000, 0x0000000100000000)
  region size 1024K, 120 young (122880K), 2 survivors (2048K)
 Metaspace       used 126146K, committed 127040K, reserved 1179648K
  class space    used 17068K, committed 17536K, reserved 1048576K
}
Event: 36.277 GC heap after
{Heap after GC invocations=60 (full 0):
 garbage-first heap   total 305152K, used 135072K [0x0000000080000000, 0x0000000100000000)
  region size 1024K, 15 young (15360K), 15 survivors (15360K)
 Metaspace       used 126146K, committed 127040K, reserved 1179648K
  class space    used 17068K, committed 17536K, reserved 1048576K
}
Event: 37.019 GC heap before
{Heap before GC invocations=61 (full 0):
 garbage-first heap   total 305152K, used 238496K [0x0000000080000000, 0x0000000100000000)
  region size 1024K, 117 young (119808K), 15 survivors (15360K)
 Metaspace       used 128898K, committed 129792K, reserved 1179648K
  class space    used 17542K, committed 17984K, reserved 1048576K
}
Event: 37.055 GC heap after
{Heap after GC invocations=62 (full 0):
 garbage-first heap   total 305152K, used 150432K [0x0000000080000000, 0x0000000100000000)
  region size 1024K, 15 young (15360K), 15 survivors (15360K)
 Metaspace       used 128898K, committed 129792K, reserved 1179648K
  class space    used 17542K, committed 17984K, reserved 1048576K
}
Event: 37.085 GC heap before
{Heap before GC invocations=62 (full 0):
 garbage-first heap   total 305152K, used 151456K [0x0000000080000000, 0x0000000100000000)
  region size 1024K, 16 young (16384K), 15 survivors (15360K)
 Metaspace       used 129010K, committed 129920K, reserved 1179648K
  class space    used 17547K, committed 17984K, reserved 1048576K
}
Event: 37.111 GC heap after
{Heap after GC invocations=63 (full 0):
 garbage-first heap   total 305152K, used 150791K [0x0000000080000000, 0x0000000100000000)
  region size 1024K, 2 young (2048K), 2 survivors (2048K)
 Metaspace       used 129010K, committed 129920K, reserved 1179648K
  class space    used 17547K, committed 17984K, reserved 1048576K
}
Event: 37.396 GC heap before
{Heap before GC invocations=63 (full 0):
 garbage-first heap   total 305152K, used 239879K [0x0000000080000000, 0x0000000100000000)
  region size 1024K, 90 young (92160K), 2 survivors (2048K)
 Metaspace       used 130195K, committed 131072K, reserved 1179648K
  class space    used 17762K, committed 18176K, reserved 1048576K
}
Event: 37.418 GC heap after
{Heap after GC invocations=64 (full 0):
 garbage-first heap   total 305152K, used 164768K [0x0000000080000000, 0x0000000100000000)
  region size 1024K, 12 young (12288K), 12 survivors (12288K)
 Metaspace       used 130195K, committed 131072K, reserved 1179648K
  class space    used 17762K, committed 18176K, reserved 1048576K
}
Event: 38.627 GC heap before
{Heap before GC invocations=65 (full 0):
 garbage-first heap   total 309248K, used 242592K [0x0000000080000000, 0x0000000100000000)
  region size 1024K, 89 young (91136K), 12 survivors (12288K)
 Metaspace       used 133920K, committed 134784K, reserved 1179648K
  class space    used 18400K, committed 18816K, reserved 1048576K
}
Event: 38.651 GC heap after
{Heap after GC invocations=66 (full 0):
 garbage-first heap   total 309248K, used 171943K [0x0000000080000000, 0x0000000100000000)
  region size 1024K, 7 young (7168K), 7 survivors (7168K)
 Metaspace       used 133920K, committed 134784K, reserved 1179648K
  class space    used 18400K, committed 18816K, reserved 1048576K
}
Event: 38.721 GC heap before
{Heap before GC invocations=66 (full 0):
 garbage-first heap   total 309248K, used 179111K [0x0000000080000000, 0x0000000100000000)
  region size 1024K, 15 young (15360K), 7 survivors (7168K)
 Metaspace       used 134004K, committed 134912K, reserved 1179648K
  class space    used 18409K, committed 18816K, reserved 1048576K
}
Event: 38.743 GC heap after
{Heap after GC invocations=67 (full 0):
 garbage-first heap   total 309248K, used 170998K [0x0000000080000000, 0x0000000100000000)
  region size 1024K, 1 young (1024K), 1 survivors (1024K)
 Metaspace       used 134004K, committed 134912K, reserved 1179648K
  class space    used 18409K, committed 18816K, reserved 1048576K
}
Event: 39.228 GC heap before
{Heap before GC invocations=67 (full 0):
 garbage-first heap   total 309248K, used 249846K [0x0000000080000000, 0x0000000100000000)
  region size 1024K, 78 young (79872K), 1 survivors (1024K)
 Metaspace       used 134778K, committed 135680K, reserved 1179648K
  class space    used 18517K, committed 18944K, reserved 1048576K
}

Dll operation events (3 events):
Event: 0.009 Loaded shared library C:\Program Files\Android\Android Studio\jbr\bin\java.dll
Event: 0.220 Loaded shared library C:\Program Files\Android\Android Studio\jbr\bin\zip.dll
Event: 0.634 Loaded shared library C:\Program Files\Android\Android Studio\jbr\bin\verify.dll

Deoptimization events (20 events):
Event: 39.037 Thread 0x000002dc3f147fe0 DEOPT PACKING pc=0x000002dc200644f4 sp=0x000000f9e42f9760
Event: 39.037 Thread 0x000002dc3f147fe0 DEOPT UNPACKING pc=0x000002dc1f2469a3 sp=0x000000f9e42f96e8 mode 2
Event: 39.047 Thread 0x000002dc40b0e060 Uncommon trap: trap_request=0xffffff45 fr.pc=0x000002dc200e5680 relative=0x0000000000000080
Event: 39.047 Thread 0x000002dc40b0e060 Uncommon trap: reason=unstable_if action=reinterpret pc=0x000002dc200e5680 method=com.android.tools.r8.internal.ck.a(C)Z @ 21 c2
Event: 39.047 Thread 0x000002dc40b0e060 DEOPT PACKING pc=0x000002dc200e5680 sp=0x000000f9e48f9230
Event: 39.047 Thread 0x000002dc40b0e060 DEOPT UNPACKING pc=0x000002dc1f2469a3 sp=0x000000f9e48f91c0 mode 2
Event: 39.073 Thread 0x000002dc38847740 Uncommon trap: trap_request=0xffffff45 fr.pc=0x000002dc2003511c relative=0x000000000000007c
Event: 39.073 Thread 0x000002dc38847740 Uncommon trap: reason=unstable_if action=reinterpret pc=0x000002dc2003511c method=com.android.tools.r8.internal.Ma.a(Lcom/android/tools/r8/internal/J9;)Z @ 18 c2
Event: 39.073 Thread 0x000002dc38847740 DEOPT PACKING pc=0x000002dc2003511c sp=0x000000f9deef5ca0
Event: 39.073 Thread 0x000002dc38847740 DEOPT UNPACKING pc=0x000002dc1f2469a3 sp=0x000000f9deef5c28 mode 2
Event: 39.165 Thread 0x000002dc38847740 DEOPT PACKING pc=0x000002dc20147908 sp=0x000000f9deef6310
Event: 39.165 Thread 0x000002dc38847740 DEOPT UNPACKING pc=0x000002dc1f247143 sp=0x000000f9deef5728 mode 0
Event: 39.165 Thread 0x000002dc38847740 Uncommon trap: trap_request=0xffffff45 fr.pc=0x000002dc1fa346cc relative=0x000000000000046c
Event: 39.165 Thread 0x000002dc38847740 Uncommon trap: reason=unstable_if action=reinterpret pc=0x000002dc1fa346cc method=com.android.tools.r8.internal.mC.b(Ljava/lang/Iterable;Lcom/android/tools/r8/internal/lW;)Z @ 37 c2
Event: 39.165 Thread 0x000002dc38847740 DEOPT PACKING pc=0x000002dc1fa346cc sp=0x000000f9deef6340
Event: 39.173 Thread 0x000002dc38847740 DEOPT UNPACKING pc=0x000002dc1f2469a3 sp=0x000000f9deef6308 mode 2
Event: 39.174 Thread 0x000002dc38847740 Uncommon trap: trap_request=0xffffff45 fr.pc=0x000002dc1fa346cc relative=0x000000000000046c
Event: 39.174 Thread 0x000002dc38847740 Uncommon trap: reason=unstable_if action=reinterpret pc=0x000002dc1fa346cc method=com.android.tools.r8.internal.mC.b(Ljava/lang/Iterable;Lcom/android/tools/r8/internal/lW;)Z @ 37 c2
Event: 39.174 Thread 0x000002dc38847740 DEOPT PACKING pc=0x000002dc1fa346cc sp=0x000000f9deef64f0
Event: 39.174 Thread 0x000002dc38847740 DEOPT UNPACKING pc=0x000002dc1f2469a3 sp=0x000000f9deef64c8 mode 2

Classes unloaded (1 events):
Event: 37.635 Thread 0x000002dc2e66d880 Unloading class 0x000000010117c000 'java/lang/invoke/LambdaForm$DMH+0x000000010117c000'

Classes redefined (0 events):
No events

Internal exceptions (20 events):
Event: 36.087 Thread 0x000002dc3f146690 Exception <a 'java/lang/NoSuchMethodError'{0x000000008bc0d178}: 'void java.lang.invoke.DirectMethodHandle$Holder.invokeInterface(java.lang.Object, java.lang.Object, java.lang.Object, int)'> (0x000000008bc0d178) 
thrown [s\src\hotspot\share\interpreter\linkResolver.cpp, line 771]
Event: 36.887 Thread 0x000002dc40b0e060 Exception <a 'java/lang/NoSuchMethodError'{0x000000008c90cea0}: 'java.lang.Object java.lang.invoke.DirectMethodHandle$Holder.invokeStatic(java.lang.Object, int, java.lang.Object, java.lang.Object)'> (0x000000008c90cea0) 
thrown [s\src\hotspot\share\interpreter\linkResolver.cpp, line 771]
Event: 36.887 Thread 0x000002dc3f146690 Exception <a 'java/lang/NoSuchMethodError'{0x000000008c943e98}: 'java.lang.Object java.lang.invoke.DirectMethodHandle$Holder.invokeStatic(java.lang.Object, int, java.lang.Object, java.lang.Object)'> (0x000000008c943e98) 
thrown [s\src\hotspot\share\interpreter\linkResolver.cpp, line 771]
Event: 36.891 Thread 0x000002dc3f146690 Exception <a 'java/lang/NoSuchMethodError'{0x000000008c958390}: 'java.lang.Object java.lang.invoke.DirectMethodHandle$Holder.invokeStatic(java.lang.Object, java.lang.Object, int, java.lang.Object, java.lang.Object)'> (0x000000008c958390) 
thrown [s\src\hotspot\share\interpreter\linkResolver.cpp, line 771]
Event: 37.346 Thread 0x000002dc3f146690 Exception <a 'java/lang/IncompatibleClassChangeError'{0x000000008d502e40}: Found class java.lang.Object, but interface was expected> (0x000000008d502e40) 
thrown [s\src\hotspot\share\interpreter\linkResolver.cpp, line 838]
Event: 37.348 Thread 0x000002dc3f146690 Exception <a 'java/lang/IncompatibleClassChangeError'{0x000000008d507cc8}: Found class java.lang.Object, but interface was expected> (0x000000008d507cc8) 
thrown [s\src\hotspot\share\interpreter\linkResolver.cpp, line 838]
Event: 37.348 Thread 0x000002dc40b0f9b0 Exception <a 'java/lang/IncompatibleClassChangeError'{0x000000008de90320}: Found class java.lang.Object, but interface was expected> (0x000000008de90320) 
thrown [s\src\hotspot\share\interpreter\linkResolver.cpp, line 838]
Event: 37.348 Thread 0x000002dc40b0e060 Exception <a 'java/lang/IncompatibleClassChangeError'{0x000000008d687fa0}: Found class java.lang.Object, but interface was expected> (0x000000008d687fa0) 
thrown [s\src\hotspot\share\interpreter\linkResolver.cpp, line 838]
Event: 37.348 Thread 0x000002dc3f147fe0 Exception <a 'java/lang/IncompatibleClassChangeError'{0x000000008df3dbe8}: Found class java.lang.Object, but interface was expected> (0x000000008df3dbe8) 
thrown [s\src\hotspot\share\interpreter\linkResolver.cpp, line 838]
Event: 37.904 Thread 0x000002dc40b0e060 Exception <a 'java/lang/NoSuchMethodError'{0x0000000090901770}: 'void java.lang.invoke.DirectMethodHandle$Holder.invokeSpecial(java.lang.Object, java.lang.Object, int, java.lang.Object)'> (0x0000000090901770) 
thrown [s\src\hotspot\share\interpreter\linkResolver.cpp, line 771]
Event: 37.904 Thread 0x000002dc3f147fe0 Exception <a 'java/lang/NoSuchMethodError'{0x0000000090879a90}: 'void java.lang.invoke.DirectMethodHandle$Holder.invokeSpecial(java.lang.Object, java.lang.Object, int, java.lang.Object)'> (0x0000000090879a90) 
thrown [s\src\hotspot\share\interpreter\linkResolver.cpp, line 771]
Event: 37.904 Thread 0x000002dc40b0f9b0 Exception <a 'java/lang/NoSuchMethodError'{0x0000000090a54800}: 'void java.lang.invoke.DirectMethodHandle$Holder.invokeSpecial(java.lang.Object, java.lang.Object, int, java.lang.Object)'> (0x0000000090a54800) 
thrown [s\src\hotspot\share\interpreter\linkResolver.cpp, line 771]
Event: 38.135 Thread 0x000002dc40b0ef90 Exception <a 'java/lang/NoSuchMethodError'{0x000000008fdab5c8}: 'int java.lang.invoke.DirectMethodHandle$Holder.invokeSpecial(java.lang.Object, java.lang.Object, java.lang.Object, int, java.lang.Object)'> (0x000000008fdab5c8) 
thrown [s\src\hotspot\share\interpreter\linkResolver.cpp, line 771]
Event: 38.135 Thread 0x000002dc40b0f9b0 Exception <a 'java/lang/NoSuchMethodError'{0x0000000090049f98}: 'int java.lang.invoke.DirectMethodHandle$Holder.invokeSpecial(java.lang.Object, java.lang.Object, java.lang.Object, int, java.lang.Object)'> (0x0000000090049f98) 
thrown [s\src\hotspot\share\interpreter\linkResolver.cpp, line 771]
Event: 38.135 Thread 0x000002dc38847740 Exception <a 'java/lang/NoSuchMethodError'{0x000000008fd2c510}: 'int java.lang.invoke.DirectMethodHandle$Holder.invokeSpecial(java.lang.Object, java.lang.Object, java.lang.Object, int, java.lang.Object)'> (0x000000008fd2c510) 
thrown [s\src\hotspot\share\interpreter\linkResolver.cpp, line 771]
Event: 38.135 Thread 0x000002dc3f147fe0 Exception <a 'java/lang/NoSuchMethodError'{0x000000008fe87200}: 'int java.lang.invoke.DirectMethodHandle$Holder.invokeSpecial(java.lang.Object, java.lang.Object, java.lang.Object, int, java.lang.Object)'> (0x000000008fe87200) 
thrown [s\src\hotspot\share\interpreter\linkResolver.cpp, line 771]
Event: 38.135 Thread 0x000002dc3f146690 Exception <a 'java/lang/NoSuchMethodError'{0x000000008fdcd2a0}: 'int java.lang.invoke.DirectMethodHandle$Holder.invokeSpecial(java.lang.Object, java.lang.Object, java.lang.Object, int, java.lang.Object)'> (0x000000008fdcd2a0) 
thrown [s\src\hotspot\share\interpreter\linkResolver.cpp, line 771]
Event: 38.135 Thread 0x000002dc40b0e060 Exception <a 'java/lang/NoSuchMethodError'{0x000000008fc39850}: 'int java.lang.invoke.DirectMethodHandle$Holder.invokeSpecial(java.lang.Object, java.lang.Object, java.lang.Object, int, java.lang.Object)'> (0x000000008fc39850) 
thrown [s\src\hotspot\share\interpreter\linkResolver.cpp, line 771]
Event: 38.448 Thread 0x000002dc3f147fe0 Exception <a 'java/lang/NoSuchMethodError'{0x000000008ea3c130}: 'java.lang.Object java.lang.invoke.DirectMethodHandle$Holder.invokeInterface(java.lang.Object, java.lang.Object, int)'> (0x000000008ea3c130) 
thrown [s\src\hotspot\share\interpreter\linkResolver.cpp, line 771]
Event: 39.210 Thread 0x000002dc38847740 Exception <a 'java/lang/NoSuchMethodError'{0x000000008f1dba28}: 'int java.lang.invoke.DirectMethodHandle$Holder.invokeSpecial(java.lang.Object, java.lang.Object, int)'> (0x000000008f1dba28) 
thrown [s\src\hotspot\share\interpreter\linkResolver.cpp, line 771]

VM Operations (20 events):
Event: 38.544 Executing VM operation: ICBufferFull done
Event: 38.620 Executing VM operation: ICBufferFull
Event: 38.625 Executing VM operation: ICBufferFull done
Event: 38.626 Executing VM operation: G1CollectForAllocation
Event: 38.653 Executing VM operation: G1CollectForAllocation done
Event: 38.721 Executing VM operation: G1CollectForAllocation
Event: 38.766 Executing VM operation: G1CollectForAllocation done
Event: 38.854 Executing VM operation: HandshakeAllThreads
Event: 38.855 Executing VM operation: HandshakeAllThreads done
Event: 38.913 Executing VM operation: ICBufferFull
Event: 38.915 Executing VM operation: ICBufferFull done
Event: 38.933 Executing VM operation: HandshakeAllThreads
Event: 38.934 Executing VM operation: HandshakeAllThreads done
Event: 39.053 Executing VM operation: ICBufferFull
Event: 39.058 Executing VM operation: ICBufferFull done
Event: 39.078 Executing VM operation: HandshakeAllThreads
Event: 39.098 Executing VM operation: HandshakeAllThreads done
Event: 39.143 Executing VM operation: HandshakeAllThreads
Event: 39.162 Executing VM operation: HandshakeAllThreads done
Event: 39.228 Executing VM operation: G1CollectForAllocation

Events (20 events):
Event: 38.563 Thread 0x000002dc2e836630 flushing nmethod 0x000002dc1994c410
Event: 38.563 Thread 0x000002dc2e836630 flushing nmethod 0x000002dc1994e110
Event: 38.563 Thread 0x000002dc2e836630 flushing nmethod 0x000002dc1994f010
Event: 38.563 Thread 0x000002dc2e836630 flushing nmethod 0x000002dc19954890
Event: 38.563 Thread 0x000002dc2e836630 flushing nmethod 0x000002dc1995e190
Event: 38.563 Thread 0x000002dc2e836630 flushing nmethod 0x000002dc19962b90
Event: 38.563 Thread 0x000002dc2e836630 flushing nmethod 0x000002dc19966910
Event: 38.563 Thread 0x000002dc2e836630 flushing nmethod 0x000002dc19975610
Event: 38.563 Thread 0x000002dc2e836630 flushing nmethod 0x000002dc19975b10
Event: 38.563 Thread 0x000002dc2e836630 flushing nmethod 0x000002dc19977090
Event: 38.563 Thread 0x000002dc2e836630 flushing nmethod 0x000002dc19977b10
Event: 38.563 Thread 0x000002dc2e836630 flushing nmethod 0x000002dc19978290
Event: 38.563 Thread 0x000002dc2e836630 flushing nmethod 0x000002dc19979e90
Event: 38.563 Thread 0x000002dc2e836630 flushing nmethod 0x000002dc1998b790
Event: 38.563 Thread 0x000002dc2e836630 flushing nmethod 0x000002dc1998c390
Event: 38.563 Thread 0x000002dc2e836630 flushing nmethod 0x000002dc1998c710
Event: 38.563 Thread 0x000002dc2e836630 flushing nmethod 0x000002dc1998e090
Event: 38.563 Thread 0x000002dc2e836630 flushing nmethod 0x000002dc1998f990
Event: 38.563 Thread 0x000002dc2e836630 flushing nmethod 0x000002dc1999e510
Event: 38.563 Thread 0x000002dc2e836630 flushing nmethod 0x000002dc199a9290


Dynamic libraries:
0x00007ff6764b0000 - 0x00007ff6764ba000 	C:\Program Files\Android\Android Studio\jbr\bin\java.exe
0x00007ffd06e70000 - 0x00007ffd07068000 	C:\Windows\SYSTEM32\ntdll.dll
0x00007ffd06730000 - 0x00007ffd067f2000 	C:\Windows\System32\KERNEL32.DLL
0x00007ffd04830000 - 0x00007ffd04b26000 	C:\Windows\System32\KERNELBASE.dll
0x00007ffd04540000 - 0x00007ffd04640000 	C:\Windows\System32\ucrtbase.dll
0x00007ffcfd520000 - 0x00007ffcfd53b000 	C:\Program Files\Android\Android Studio\jbr\bin\VCRUNTIME140.dll
0x00007ffcf87b0000 - 0x00007ffcf87c7000 	C:\Program Files\Android\Android Studio\jbr\bin\jli.dll
0x00007ffd056d0000 - 0x00007ffd0586d000 	C:\Windows\System32\USER32.dll
0x00007ffcfb130000 - 0x00007ffcfb3cb000 	C:\Windows\WinSxS\amd64_microsoft.windows.common-controls_6595b64144ccf1df_6.0.19041.6280_none_60bc30a171f2f3f3\COMCTL32.dll
0x00007ffd04510000 - 0x00007ffd04532000 	C:\Windows\System32\win32u.dll
0x00007ffd06100000 - 0x00007ffd0619e000 	C:\Windows\System32\msvcrt.dll
0x00007ffd06ad0000 - 0x00007ffd06afb000 	C:\Windows\System32\GDI32.dll
0x00007ffd04640000 - 0x00007ffd04759000 	C:\Windows\System32\gdi32full.dll
0x00007ffd04790000 - 0x00007ffd0482d000 	C:\Windows\System32\msvcp_win.dll
0x00007ffd05380000 - 0x00007ffd053af000 	C:\Windows\System32\IMM32.DLL
0x00007ffcff8f0000 - 0x00007ffcff8fc000 	C:\Program Files\Android\Android Studio\jbr\bin\vcruntime140_1.dll
0x00007ffcd7e50000 - 0x00007ffcd7edd000 	C:\Program Files\Android\Android Studio\jbr\bin\msvcp140.dll
0x00007ffcbe450000 - 0x00007ffcbf0d3000 	C:\Program Files\Android\Android Studio\jbr\bin\server\jvm.dll
0x00007ffd05460000 - 0x00007ffd05511000 	C:\Windows\System32\ADVAPI32.dll
0x00007ffd069b0000 - 0x00007ffd06a4f000 	C:\Windows\System32\sechost.dll
0x00007ffd05fe0000 - 0x00007ffd06100000 	C:\Windows\System32\RPCRT4.dll
0x00007ffd04760000 - 0x00007ffd04787000 	C:\Windows\System32\bcrypt.dll
0x00007ffcff340000 - 0x00007ffcff349000 	C:\Windows\SYSTEM32\WSOCK32.dll
0x00007ffd04250000 - 0x00007ffd0429b000 	C:\Windows\SYSTEM32\POWRPROF.dll
0x00007ffcf6650000 - 0x00007ffcf6677000 	C:\Windows\SYSTEM32\WINMM.dll
0x00007ffcfe5c0000 - 0x00007ffcfe5ca000 	C:\Windows\SYSTEM32\VERSION.dll
0x00007ffd05650000 - 0x00007ffd056bb000 	C:\Windows\System32\WS2_32.dll
0x00007ffd04080000 - 0x00007ffd04092000 	C:\Windows\SYSTEM32\UMPDC.dll
0x00007ffd023b0000 - 0x00007ffd023c2000 	C:\Windows\SYSTEM32\kernel.appcore.dll
0x00007ffcff330000 - 0x00007ffcff33a000 	C:\Program Files\Android\Android Studio\jbr\bin\jimage.dll
0x00007ffcf5000000 - 0x00007ffcf5201000 	C:\Windows\SYSTEM32\DBGHELP.DLL
0x00007ffcf9b60000 - 0x00007ffcf9b94000 	C:\Windows\SYSTEM32\dbgcore.DLL
0x00007ffd04c30000 - 0x00007ffd04cb2000 	C:\Windows\System32\bcryptPrimitives.dll
0x00007ffcf9400000 - 0x00007ffcf940e000 	C:\Program Files\Android\Android Studio\jbr\bin\instrument.dll
0x00007ffcfc770000 - 0x00007ffcfc795000 	C:\Program Files\Android\Android Studio\jbr\bin\java.dll
0x00007ffcfc6f0000 - 0x00007ffcfc708000 	C:\Program Files\Android\Android Studio\jbr\bin\zip.dll
0x00007ffd05870000 - 0x00007ffd05fe0000 	C:\Windows\System32\SHELL32.dll
0x00007ffd025b0000 - 0x00007ffd02d55000 	C:\Windows\SYSTEM32\windows.storage.dll
0x00007ffd04fc0000 - 0x00007ffd05313000 	C:\Windows\System32\combase.dll
0x00007ffd03e70000 - 0x00007ffd03e9b000 	C:\Windows\SYSTEM32\Wldp.dll
0x00007ffd06b20000 - 0x00007ffd06bed000 	C:\Windows\System32\OLEAUT32.dll
0x00007ffd061a0000 - 0x00007ffd0624d000 	C:\Windows\System32\SHCORE.dll
0x00007ffd06c50000 - 0x00007ffd06cab000 	C:\Windows\System32\shlwapi.dll
0x00007ffd04440000 - 0x00007ffd04464000 	C:\Windows\SYSTEM32\profapi.dll
0x00007ffcfc270000 - 0x00007ffcfc289000 	C:\Program Files\Android\Android Studio\jbr\bin\net.dll
0x00007ffcfe4b0000 - 0x00007ffcfe5ba000 	C:\Windows\SYSTEM32\WINHTTP.dll
0x00007ffd03bd0000 - 0x00007ffd03c3a000 	C:\Windows\system32\mswsock.dll
0x00007ffcfc000000 - 0x00007ffcfc016000 	C:\Program Files\Android\Android Studio\jbr\bin\nio.dll
0x00007ffcfc4a0000 - 0x00007ffcfc4b0000 	C:\Program Files\Android\Android Studio\jbr\bin\verify.dll
0x00007ffcfe1a0000 - 0x00007ffcfe1c7000 	C:\Users\Administrator\.gradle\native\c067742578af261105cb4f569cf0c3c89f3d7b1fecec35dd04571415982c5e48\windows-amd64\native-platform.dll
0x00007ffcbf7f0000 - 0x00007ffcbf934000 	C:\Users\Administrator\.gradle\native\38dada09dfb8b06ba9b0570ebf7e218e3eb74d4ef43ca46872605cf95ebc2f47\windows-amd64\native-platform-file-events.dll
0x00007ffcfe030000 - 0x00007ffcfe039000 	C:\Program Files\Android\Android Studio\jbr\bin\management.dll
0x00007ffcfc760000 - 0x00007ffcfc76b000 	C:\Program Files\Android\Android Studio\jbr\bin\management_ext.dll
0x00007ffd06cb0000 - 0x00007ffd06cb8000 	C:\Windows\System32\PSAPI.DLL
0x00007ffd03dc0000 - 0x00007ffd03dd8000 	C:\Windows\SYSTEM32\CRYPTSP.dll
0x00007ffd034f0000 - 0x00007ffd03528000 	C:\Windows\system32\rsaenh.dll
0x00007ffd04400000 - 0x00007ffd0442e000 	C:\Windows\SYSTEM32\USERENV.dll
0x00007ffd03de0000 - 0x00007ffd03dec000 	C:\Windows\SYSTEM32\CRYPTBASE.dll
0x00007ffd038b0000 - 0x00007ffd038eb000 	C:\Windows\SYSTEM32\IPHLPAPI.DLL
0x00007ffd056c0000 - 0x00007ffd056c8000 	C:\Windows\System32\NSI.dll
0x00007ffcff0d0000 - 0x00007ffcff0e7000 	C:\Windows\SYSTEM32\dhcpcsvc6.DLL
0x00007ffcff0b0000 - 0x00007ffcff0cd000 	C:\Windows\SYSTEM32\dhcpcsvc.DLL
0x00007ffd038f0000 - 0x00007ffd039ba000 	C:\Windows\SYSTEM32\DNSAPI.dll
0x00007ffcff320000 - 0x00007ffcff327000 	C:\Windows\system32\wshunix.dll
0x00007ffd00c20000 - 0x00007ffd00c37000 	C:\Windows\system32\napinsp.dll
0x00007ffd00c00000 - 0x00007ffd00c1b000 	C:\Windows\system32\pnrpnsp.dll
0x00007ffd00be0000 - 0x00007ffd00bfd000 	C:\Windows\system32\wshbth.dll
0x00007ffcffaa0000 - 0x00007ffcffabd000 	C:\Windows\system32\NLAapi.dll
0x00007ffd00bc0000 - 0x00007ffd00bd2000 	C:\Windows\System32\winrnr.dll
0x00007ffcfca70000 - 0x00007ffcfca7a000 	C:\Windows\System32\rasadhlp.dll
0x00007ffcfc650000 - 0x00007ffcfc6d0000 	C:\Windows\System32\fwpuclnt.dll
0x00007ffd03740000 - 0x00007ffd03773000 	C:\Windows\SYSTEM32\ntmarta.dll
0x00007ffd017c0000 - 0x00007ffd01854000 	C:\Windows\system32\apphelp.dll

dbghelp: loaded successfully - version: 4.0.5 - missing functions: none
symbol engine: initialized successfully - sym options: 0x614 - pdb path: .;C:\Program Files\Android\Android Studio\jbr\bin;C:\Windows\SYSTEM32;C:\Windows\WinSxS\amd64_microsoft.windows.common-controls_6595b64144ccf1df_6.0.19041.6280_none_60bc30a171f2f3f3;C:\Program Files\Android\Android Studio\jbr\bin\server;C:\Users\Administrator\.gradle\native\c067742578af261105cb4f569cf0c3c89f3d7b1fecec35dd04571415982c5e48\windows-amd64;C:\Users\Administrator\.gradle\native\38dada09dfb8b06ba9b0570ebf7e218e3eb74d4ef43ca46872605cf95ebc2f47\windows-amd64

VM Arguments:
jvm_args: --add-opens=java.base/java.util=ALL-UNNAMED --add-opens=java.base/java.lang=ALL-UNNAMED --add-opens=java.base/java.lang.invoke=ALL-UNNAMED --add-opens=java.prefs/java.util.prefs=ALL-UNNAMED --add-opens=java.base/java.nio.charset=ALL-UNNAMED --add-opens=java.base/java.net=ALL-UNNAMED --add-opens=java.base/java.util.concurrent.atomic=ALL-UNNAMED -Xmx2048m -Dfile.encoding=UTF-8 -Duser.country=PH -Duser.language=en -Duser.variant -javaagent:C:\Users\Administrator\.gradle\wrapper\dists\gradle-8.4-bin\1w5dpkrfk8irigvoxmyhowfim\gradle-8.4\lib\agents\gradle-instrumentation-agent-8.4.jar 
java_command: org.gradle.launcher.daemon.bootstrap.GradleDaemon 8.4
java_class_path (initial): C:\Users\Administrator\.gradle\wrapper\dists\gradle-8.4-bin\1w5dpkrfk8irigvoxmyhowfim\gradle-8.4\lib\gradle-launcher-8.4.jar
Launcher Type: SUN_STANDARD

[Global flags]
     intx CICompilerCount                          = 4                                         {product} {ergonomic}
     uint ConcGCThreads                            = 2                                         {product} {ergonomic}
     uint G1ConcRefinementThreads                  = 8                                         {product} {ergonomic}
   size_t G1HeapRegionSize                         = 1048576                                   {product} {ergonomic}
    uintx GCDrainStackTargetSize                   = 64                                        {product} {ergonomic}
   size_t InitialHeapSize                          = 268435456                                 {product} {ergonomic}
   size_t MarkStackSize                            = 4194304                                   {product} {ergonomic}
   size_t MaxHeapSize                              = 2147483648                                {product} {command line}
   size_t MaxNewSize                               = 1287651328                                {product} {ergonomic}
   size_t MinHeapDeltaBytes                        = 1048576                                   {product} {ergonomic}
   size_t MinHeapSize                              = 8388608                                   {product} {ergonomic}
    uintx NonNMethodCodeHeapSize                   = 5839372                                {pd product} {ergonomic}
    uintx NonProfiledCodeHeapSize                  = 122909434                              {pd product} {ergonomic}
    uintx ProfiledCodeHeapSize                     = 122909434                              {pd product} {ergonomic}
    uintx ReservedCodeCacheSize                    = 251658240                              {pd product} {ergonomic}
     bool SegmentedCodeCache                       = true                                      {product} {ergonomic}
   size_t SoftMaxHeapSize                          = 2147483648                             {manageable} {ergonomic}
     bool UseCompressedClassPointers               = true                           {product lp64_product} {ergonomic}
     bool UseCompressedOops                        = true                           {product lp64_product} {ergonomic}
     bool UseG1GC                                  = true                                      {product} {ergonomic}
     bool UseLargePagesIndividualAllocation        = false                                  {pd product} {ergonomic}

Logging:
Log output configuration:
 #0: stdout all=warning uptime,level,tags
 #1: stderr all=off uptime,level,tags

Environment Variables:
PATH=C:\Program Files\Google\Chrome\Application;C:\Program Files (x86)\Common Files\Oracle\Java\java8path;C:\Program Files (x86)\Common Files\Oracle\Java\javapath;C:\ProgramData\Oracle\Java\javapath;C:\Windows\system32;C:\Windows;C:\Windows\System32\Wbem;C:\Windows\System32\WindowsPowerShell\v1.0\;C:\Windows\System32\OpenSSH\;C:\Program Files\NVIDIA Corporation\NVIDIA App\NvDLISR;C:\Program Files (x86)\NVIDIA Corporation\PhysX\Common;C:\Users\Administrator\AppData\Local\Microsoft\WindowsApps;
USERNAME=Administrator
OS=Windows_NT
PROCESSOR_IDENTIFIER=AMD64 Family 23 Model 1 Stepping 1, AuthenticAMD
TMP=C:\Users\ADMINI~1\AppData\Local\Temp
TEMP=C:\Users\ADMINI~1\AppData\Local\Temp



Periodic native trim disabled

JNI global refs:
JNI global refs: 31, weak refs: 71

JNI global refs memory usage: 843, weak refs: 1473

OOME stack traces (most recent first):
Classloader memory used:
Loader org.gradle.internal.classloader.VisitableURLClassLoader$InstrumentingVisitableURLClassLoader: 6291K
Loader org.gradle.internal.classloader.VisitableURLClassLoader                         : 4932K
Loader bootstrap                                                                       : 3832K
Loader org.gradle.initialization.MixInLegacyTypesClassLoader                           : 1542K
Loader jdk.internal.reflect.DelegatingClassLoader                                      : 111K
Loader jdk.internal.loader.ClassLoaders$PlatformClassLoader                            : 102354B
Loader jdk.internal.loader.ClassLoaders$AppClassLoader                                 : 28460B
Loader org.gradle.internal.classloader.VisitableURLClassLoader                         : 8432B
Loader sun.reflect.misc.MethodUtil                                                     : 373B

Classes loaded by more than one classloader:
Class Program                                                                         : loaded 5 times (x 70B)
Class Build_gradle$1                                                                  : loaded 3 times (x 72B)
Class Build_gradle                                                                    : loaded 3 times (x 128B)
Class com.google.common.collect.Iterators$MergingIterator                             : loaded 2 times (x 79B)
Class com.google.common.io.Closer$SuppressingSuppressor                               : loaded 2 times (x 73B)
Class org.objectweb.asm.ModuleVisitor                                                 : loaded 2 times (x 79B)
Class com.google.common.io.ByteSource                                                 : loaded 2 times (x 82B)
Class [Lcom.google.common.collect.AbstractMapEntry;                                   : loaded 2 times (x 67B)
Class com.google.common.io.AppendableWriter                                           : loaded 2 times (x 98B)
Class com.google.common.collect.ImmutableRangeSet$AsSet                               : loaded 2 times (x 233B)
Class com.google.common.collect.SingletonImmutableList                                : loaded 2 times (x 167B)
Class com.google.common.cache.CacheLoader$SupplierToCacheLoader                       : loaded 2 times (x 73B)
Class org.gradle.internal.classpath.ClassPath                                         : loaded 2 times (x 68B)
Class com.google.common.io.FileWriteMode                                              : loaded 2 times (x 77B)
Class com.google.common.cache.RemovalListener                                         : loaded 2 times (x 68B)
Class org.gradle.api.internal.classpath.DefaultModuleRegistry                         : loaded 2 times (x 84B)
Class com.google.common.collect.FluentIterable$1                                      : loaded 2 times (x 79B)
Class com.google.common.collect.FluentIterable$2                                      : loaded 2 times (x 79B)
Class com.google.common.collect.FluentIterable$3                                      : loaded 2 times (x 79B)
Class Settings_gradle$1$1                                                             : loaded 2 times (x 72B)
Class com.google.common.collect.ImmutableEnumSet                                      : loaded 2 times (x 144B)
Class [Lcom.google.common.collect.MapMaker$Dummy;                                     : loaded 2 times (x 67B)
Class com.google.common.collect.ListMultimap                                          : loaded 2 times (x 68B)
Class com.google.common.base.CharMatcher$JavaDigit                                    : loaded 2 times (x 109B)
Class com.google.common.base.CharMatcher$Digit                                        : loaded 2 times (x 110B)
Class com.google.common.collect.AbstractMultimap                                      : loaded 2 times (x 121B)
Class com.google.common.cache.CacheBuilder$OneWeigher                                 : loaded 2 times (x 80B)
Class org.gradle.api.Action                                                           : loaded 2 times (x 68B)
Class com.google.common.io.ByteArrayDataOutput                                        : loaded 2 times (x 68B)
Class com.google.common.collect.ImmutableEntry                                        : loaded 2 times (x 80B)
Class com.google.common.collect.Lists$StringAsImmutableList                           : loaded 2 times (x 167B)
Class com.google.common.collect.ImmutableMap$SerializedForm                           : loaded 2 times (x 71B)
Class com.google.common.cache.LocalCache$StrongEntry                                  : loaded 2 times (x 106B)
Class com.google.common.collect.MapMakerInternalMap$InternalEntryHelper               : loaded 2 times (x 68B)
Class org.objectweb.asm.FieldWriter                                                   : loaded 2 times (x 76B)
Class com.google.common.base.CharMatcher                                              : loaded 2 times (x 109B)
Class com.google.common.base.CharMatcher$IsNot                                        : loaded 2 times (x 109B)
Class com.google.common.collect.RegularImmutableSortedSet                             : loaded 2 times (x 233B)
Class org.jetbrains.kotlin.config.MavenComparableVersion$IntegerItem                  : loaded 2 times (x 78B)
Class com.google.common.collect.Maps$IteratorBasedAbstractMap                         : loaded 2 times (x 123B)
Class com.google.common.collect.SetMultimap                                           : loaded 2 times (x 68B)
Class com.google.common.base.Splitter                                                 : loaded 2 times (x 70B)
Class [Lcom.google.common.cache.Weigher;                                              : loaded 2 times (x 67B)
Class com.google.common.collect.Iterators$ArrayItr                                    : loaded 2 times (x 95B)
Class com.google.common.collect.MapMakerInternalMap$Strength                          : loaded 2 times (x 78B)
Class com.google.common.cache.LocalCache$Segment                                      : loaded 2 times (x 152B)
Class org.gradle.api.internal.DefaultClassPathProvider                                : loaded 2 times (x 74B)
Class org.gradle.internal.installation.GradleInstallation$1                           : loaded 2 times (x 73B)
Class com.google.common.cache.LocalCache$AbstractReferenceEntry                       : loaded 2 times (x 105B)
Class org.objectweb.asm.Type                                                          : loaded 2 times (x 70B)
Class com.google.common.util.concurrent.AbstractFuture$Failure                        : loaded 2 times (x 70B)
Class com.google.common.base.CharMatcher$BitSetMatcher                                : loaded 2 times (x 110B)
Class com.google.common.collect.ImmutableMap$IteratorBasedImmutableMap                : loaded 2 times (x 123B)
Class com.google.common.io.Files$FileByteSource                                       : loaded 2 times (x 83B)
Class com.google.common.collect.ImmutableMap                                          : loaded 2 times (x 118B)
Class com.google.common.base.Converter                                                : loaded 2 times (x 88B)
Class com.google.common.collect.ImmutableSortedSetFauxverideShim                      : loaded 2 times (x 145B)
Class com.google.common.collect.ImmutableSet$EmptySetBuilderImpl                      : loaded 2 times (x 74B)
Class com.google.common.base.Equivalence                                              : loaded 2 times (x 80B)
Class com.google.common.primitives.Ints                                               : loaded 2 times (x 69B)
Class com.google.common.cache.LocalCache$EntryFactory$1                               : loaded 2 times (x 81B)
Class com.google.common.cache.LocalCache$EntryFactory$2                               : loaded 2 times (x 81B)
Class com.google.common.cache.LocalCache$EntryFactory$3                               : loaded 2 times (x 81B)
Class com.google.common.cache.LocalCache$EntryFactory$4                               : loaded 2 times (x 81B)
Class com.google.common.cache.LocalCache$EntryFactory$5                               : loaded 2 times (x 81B)
Class com.google.common.cache.LocalCache$EntryFactory$6                               : loaded 2 times (x 81B)
Class com.google.common.cache.LocalCache$EntryFactory$7                               : loaded 2 times (x 81B)
Class com.google.common.cache.LocalCache$EntryFactory$8                               : loaded 2 times (x 81B)
Class com.google.common.base.Predicate                                                : loaded 2 times (x 68B)
Class com.google.common.cache.LocalCache$StrongValueReference                         : loaded 2 times (x 88B)
Class org.gradle.internal.classloader.FilteringClassLoader                            : loaded 2 times (x 103B)
Class com.google.common.collect.AbstractMapBasedMultimap$WrappedCollection            : loaded 2 times (x 122B)
Class com.google.common.collect.RegularImmutableSet                                   : loaded 2 times (x 146B)
Class [Lcom.google.common.cache.LocalCache$Strength;                                  : loaded 2 times (x 67B)
Class org.gradle.internal.classpath.DefaultClassPath$ImmutableUniqueList$Builder      : loaded 2 times (x 73B)
Class com.google.common.collect.AbstractRangeSet                                      : loaded 2 times (x 112B)
Class com.google.common.collect.Maps$8                                                : loaded 2 times (x 80B)
Class [Lcom.google.common.cache.CacheBuilder$NullListener;                            : loaded 2 times (x 67B)
Class com.google.common.base.PatternCompiler                                          : loaded 2 times (x 68B)
Class com.google.common.io.CharStreams$NullWriter                                     : loaded 2 times (x 97B)
Class com.google.common.base.CharMatcher$InRange                                      : loaded 2 times (x 109B)
Class com.google.common.collect.Maps$KeySet                                           : loaded 2 times (x 135B)
Class com.google.common.collect.ImmutableMultimap$EntryCollection                     : loaded 2 times (x 125B)
Class com.google.common.collect.Sets$SetView                                          : loaded 2 times (x 136B)
Class com.google.common.collect.BiMap                                                 : loaded 2 times (x 68B)
Class com.google.common.collect.Lists                                                 : loaded 2 times (x 69B)
Class org.objectweb.asm.AnnotationWriter                                              : loaded 2 times (x 77B)
Class com.google.common.math.IntMath$1                                                : loaded 2 times (x 69B)
Class org.gradle.internal.classloader.ClassLoaderVisitor                              : loaded 2 times (x 74B)
Class org.objectweb.asm.Label                                                         : loaded 2 times (x 71B)
Class com.google.common.cache.CacheBuilder$NullListener                               : loaded 2 times (x 80B)
Class com.google.common.collect.ImmutableMultimap                                     : loaded 2 times (x 145B)
Class com.google.common.math.MathPreconditions                                        : loaded 2 times (x 69B)
Class com.google.common.io.ByteStreams$1                                              : loaded 2 times (x 83B)
Class org.gradle.internal.service.DefaultServiceLocator                               : loaded 2 times (x 81B)
Class org.gradle.internal.service.UnknownServiceException                             : loaded 2 times (x 81B)
Class com.google.common.util.concurrent.AbstractFuture$SynchronizedHelper             : loaded 2 times (x 76B)
Class com.google.common.collect.ArrayListMultimap                                     : loaded 2 times (x 170B)
Class com.google.common.base.Strings                                                  : loaded 2 times (x 69B)
Class com.google.common.io.Closer                                                     : loaded 2 times (x 76B)
Class com.google.common.cache.CacheLoader$InvalidCacheLoadException                   : loaded 2 times (x 80B)
Class org.gradle.internal.classloader.DefaultClassLoaderFactory                       : loaded 2 times (x 80B)
Class com.google.common.collect.UnmodifiableIterator                                  : loaded 2 times (x 78B)
Class com.google.common.base.Stopwatch                                                : loaded 2 times (x 70B)
Class com.google.common.base.Platform$JdkPatternCompiler                              : loaded 2 times (x 73B)
Class com.google.common.collect.Interners$InternerImpl                                : loaded 2 times (x 73B)
Class com.google.common.cache.LocalCache$LoadingValueReference                        : loaded 2 times (x 94B)
Class com.google.common.base.CharMatcher$SingleWidth                                  : loaded 2 times (x 110B)
Class com.google.common.collect.Hashing                                               : loaded 2 times (x 69B)
Class com.google.common.io.ByteStreams$LimitedInputStream                             : loaded 2 times (x 90B)
Class com.google.common.collect.MapMakerInternalMap$AbstractStrongKeyEntry            : loaded 2 times (x 78B)
Class com.google.common.collect.ImmutableRangeSet$ComplementRanges                    : loaded 2 times (x 167B)
Class com.google.common.base.JdkPattern                                               : loaded 2 times (x 73B)
Class com.google.common.base.Optional                                                 : loaded 2 times (x 78B)
Class com.google.common.collect.Multimap                                              : loaded 2 times (x 68B)
Class com.google.common.base.FunctionalEquivalence                                    : loaded 2 times (x 81B)
Class org.objectweb.asm.AnnotationVisitor                                             : loaded 2 times (x 76B)
Class org.objectweb.asm.RecordComponentWriter                                         : loaded 2 times (x 76B)
Class com.google.common.cache.LocalCache$1                                            : loaded 2 times (x 87B)
Class com.google.common.cache.LocalCache$2                                            : loaded 2 times (x 140B)
Class com.google.common.collect.RegularImmutableBiMap                                 : loaded 2 times (x 146B)
Class org.gradle.internal.classloader.VisitableURLClassLoader$Spec                    : loaded 2 times (x 72B)
Class org.gradle.api.GradleException                                                  : loaded 2 times (x 80B)
Class com.google.common.base.CharMatcher$JavaLetterOrDigit                            : loaded 2 times (x 109B)
Class org.gradle.api.internal.classpath.ModuleRegistry                                : loaded 2 times (x 68B)
Class com.google.common.collect.ForwardingObject                                      : loaded 2 times (x 70B)
Class com.google.common.cache.CacheBuilder                                            : loaded 2 times (x 70B)
Class org.objectweb.asm.ByteVector                                                    : loaded 2 times (x 77B)
Class com.google.common.collect.ImmutableCollection                                   : loaded 2 times (x 123B)
Class com.google.common.collect.ImmutableRangeSet                                     : loaded 2 times (x 113B)
Class com.google.common.base.PairwiseEquivalence                                      : loaded 2 times (x 81B)
Class com.google.common.base.Ticker                                                   : loaded 2 times (x 70B)
Class org.gradle.api.internal.ClassPathProvider                                       : loaded 2 times (x 68B)
Class com.google.common.base.Ascii                                                    : loaded 2 times (x 69B)
Class com.google.common.collect.RegularImmutableMap$Values                            : loaded 2 times (x 167B)
Class org.objectweb.asm.ModuleWriter                                                  : loaded 2 times (x 80B)
Class org.gradle.internal.classloader.ClasspathUtil$1                                 : loaded 2 times (x 74B)
Class [Lcom.google.common.collect.MapMakerInternalMap$Segment;                        : loaded 2 times (x 67B)
Class com.google.common.collect.ForwardingMap                                         : loaded 2 times (x 130B)
Class com.google.common.collect.ImmutableList$ReverseImmutableList                    : loaded 2 times (x 168B)
Class [Lorg.jetbrains.kotlin.utils.DescriptionAware;                                  : loaded 2 times (x 67B)
Class com.google.common.cache.AbstractCache$StatsCounter                              : loaded 2 times (x 68B)
Class org.objectweb.asm.FieldVisitor                                                  : loaded 2 times (x 75B)
Class org.objectweb.asm.Symbol                                                        : loaded 2 times (x 71B)
Class com.google.common.cache.LocalCache$Strength$1                                   : loaded 2 times (x 79B)
Class com.google.common.collect.EmptyImmutableListMultimap                            : loaded 2 times (x 174B)
Class com.google.common.cache.LocalCache$Strength$2                                   : loaded 2 times (x 79B)
Class com.google.common.cache.LocalCache$Strength$3                                   : loaded 2 times (x 79B)
Class org.gradle.internal.classloader.ClassLoaderFactory                              : loaded 2 times (x 68B)
Class com.google.common.collect.ObjectArrays                                          : loaded 2 times (x 69B)
Class com.google.common.base.Absent                                                   : loaded 2 times (x 78B)
Class com.google.common.util.concurrent.AbstractFuture$Waiter                         : loaded 2 times (x 70B)
Class com.google.common.util.concurrent.Uninterruptibles                              : loaded 2 times (x 69B)
Class com.google.common.collect.Iterators$10                                          : loaded 2 times (x 79B)
Class com.google.common.collect.Iterators$EmptyModifiableIterator                     : loaded 2 times (x 84B)
Class com.google.common.collect.ImmutableList                                         : loaded 2 times (x 166B)
Class org.gradle.api.internal.classpath.ManifestUtil                                  : loaded 2 times (x 69B)
Class org.gradle.api.specs.Spec                                                       : loaded 2 times (x 68B)
Class com.google.common.collect.RangeSet                                              : loaded 2 times (x 68B)
Class com.google.common.cache.CacheLoader$UnsupportedLoadingOperationException        : loaded 2 times (x 80B)
Class com.google.common.base.CharMatcher$Whitespace                                   : loaded 2 times (x 110B)
Class com.google.common.util.concurrent.ListenableFuture                              : loaded 2 times (x 68B)
Class com.google.common.collect.MapMaker$Dummy                                        : loaded 2 times (x 77B)
Class com.google.common.collect.Iterators$1                                           : loaded 2 times (x 79B)
Class com.google.common.collect.BaseImmutableMultimap                                 : loaded 2 times (x 121B)
Class com.google.common.collect.Iterators$4                                           : loaded 2 times (x 80B)
Class com.google.common.collect.RegularImmutableMap$BucketOverflowException           : loaded 2 times (x 80B)
Class com.google.common.collect.Iterators$5                                           : loaded 2 times (x 80B)
Class com.google.common.util.concurrent.AbstractFuture$UnsafeAtomicHelper             : loaded 2 times (x 76B)
Class com.google.common.base.Joiner                                                   : loaded 2 times (x 77B)
Class com.google.common.base.Equivalence$Equals                                       : loaded 2 times (x 80B)
Class com.google.common.base.Preconditions                                            : loaded 2 times (x 69B)
Class com.google.common.base.Function                                                 : loaded 2 times (x 68B)
Class com.google.common.collect.Iterators$9                                           : loaded 2 times (x 79B)
Class org.gradle.internal.IoActions                                                   : loaded 2 times (x 69B)
Class com.google.common.collect.MapMakerInternalMap$StrongKeyDummyValueEntry$Helper   : loaded 2 times (x 77B)
Class com.google.common.cache.ReferenceEntry                                          : loaded 2 times (x 68B)
Class com.google.common.collect.RegularImmutableMap$KeySet                            : loaded 2 times (x 148B)
Class com.google.common.collect.CollectPreconditions                                  : loaded 2 times (x 69B)
Class com.google.common.primitives.IntsMethodsForWeb                                  : loaded 2 times (x 69B)
Class com.google.common.collect.RangeGwtSerializationDependencies                     : loaded 2 times (x 69B)
Class com.google.common.collect.Maps                                                  : loaded 2 times (x 69B)
Class com.google.common.collect.RegularImmutableMap                                   : loaded 2 times (x 119B)
Class com.google.common.collect.AbstractIndexedListIterator                           : loaded 2 times (x 94B)
Class com.google.common.collect.ImmutableMultimap$Builder                             : loaded 2 times (x 81B)
Class com.google.common.base.CharMatcher$None                                         : loaded 2 times (x 110B)
Class org.gradle.api.internal.classpath.EffectiveClassPath                            : loaded 2 times (x 88B)
Class com.google.common.collect.UnmodifiableListIterator                              : loaded 2 times (x 93B)
Class com.google.common.io.Files                                                      : loaded 2 times (x 69B)
Class com.google.common.cache.CacheLoader$FunctionToCacheLoader                       : loaded 2 times (x 73B)
Class com.google.common.cache.CacheBuilder$1                                          : loaded 2 times (x 83B)
Class com.google.common.cache.CacheBuilder$2                                          : loaded 2 times (x 70B)
Class com.google.common.collect.ImmutableList$1                                       : loaded 2 times (x 95B)
Class com.google.common.base.Splitter$Strategy                                        : loaded 2 times (x 68B)
Class com.google.common.io.CharStreams                                                : loaded 2 times (x 69B)
Class com.google.common.collect.ImmutableMapEntrySet$RegularEntrySet                  : loaded 2 times (x 149B)
Class [Lcom.google.common.cache.RemovalListener;                                      : loaded 2 times (x 67B)
Class [Lcom.google.common.collect.ImmutableMapEntry;                                  : loaded 2 times (x 67B)
Class com.google.common.collect.Interners                                             : loaded 2 times (x 69B)
Class com.google.common.collect.MapMakerInternalMap$Strength$1                        : loaded 2 times (x 78B)
Class org.gradle.internal.installation.CurrentGradleInstallation                      : loaded 2 times (x 71B)
Class com.google.common.collect.MapMakerInternalMap$Strength$2                        : loaded 2 times (x 78B)
Class org.gradle.internal.agents.InstrumentingClassLoader                             : loaded 2 times (x 68B)
Class org.gradle.internal.installation.CurrentGradleInstallationLocator               : loaded 2 times (x 69B)
Class [Lcom.google.common.cache.LocalCache$Segment;                                   : loaded 2 times (x 67B)
Class org.gradle.api.internal.classpath.Module                                        : loaded 2 times (x 68B)
Class com.google.common.collect.ImmutableSortedSet                                    : loaded 2 times (x 233B)
Class com.google.common.base.Splitter$1$1                                             : loaded 2 times (x 84B)
Class com.google.common.collect.MapMakerInternalMap$Segment                           : loaded 2 times (x 140B)
Class com.google.common.collect.ImmutableSet$JdkBackedSetBuilderImpl                  : loaded 2 times (x 74B)
Class [Lorg.jetbrains.kotlin.config.LanguageOrApiVersion;                             : loaded 2 times (x 67B)
Class com.google.common.collect.ImmutableSet$RegularSetBuilderImpl                    : loaded 2 times (x 75B)
Class org.gradle.internal.service.CachingServiceLocator                               : loaded 2 times (x 80B)
Class [Lcom.google.common.collect.ImmutableEntry;                                     : loaded 2 times (x 67B)
Class com.google.common.collect.Sets$ImprovedAbstractSet                              : loaded 2 times (x 133B)
Class com.google.common.collect.AbstractMapBasedMultimap$AsMap                        : loaded 2 times (x 126B)
Class org.gradle.internal.classpath.DefaultClassPath                                  : loaded 2 times (x 88B)
Class com.google.common.collect.MapMakerInternalMap$1                                 : loaded 2 times (x 81B)
Class com.google.common.util.concurrent.AbstractFuture$SetFuture                      : loaded 2 times (x 73B)
Class com.google.common.collect.CollectCollectors                                     : loaded 2 times (x 69B)
Class com.google.common.collect.TransformedIterator                                   : loaded 2 times (x 78B)
Class com.google.common.base.Splitter$SplittingIterator                               : loaded 2 times (x 82B)
Class com.google.common.collect.ImmutableMultisetGwtSerializationDependencies         : loaded 2 times (x 123B)
Class com.google.common.collect.ImmutableListMultimap                                 : loaded 2 times (x 174B)
Class com.google.common.cache.LocalCache$LocalManualCache$1                           : loaded 2 times (x 73B)
Class org.gradle.internal.installation.GradleInstallation                             : loaded 2 times (x 73B)
Class [Lcom.google.common.collect.AbstractIterator$State;                             : loaded 2 times (x 67B)
Class org.objectweb.asm.SymbolTable$Entry                                             : loaded 2 times (x 72B)
Class [Lcom.google.common.cache.LocalCache$EntryFactory;                              : loaded 2 times (x 67B)
Class com.google.common.base.CharMatcher$Is                                           : loaded 2 times (x 109B)
Class com.google.common.base.Platform                                                 : loaded 2 times (x 69B)
Class com.google.common.collect.RegularImmutableAsList                                : loaded 2 times (x 176B)
Class com.google.common.base.Suppliers$NonSerializableMemoizingSupplier               : loaded 2 times (x 77B)
Class com.google.common.collect.PeekingIterator                                       : loaded 2 times (x 68B)
Class com.google.common.collect.ImmutableSetMultimap                                  : loaded 2 times (x 178B)
Class com.google.common.collect.ImmutableMapEntrySet                                  : loaded 2 times (x 149B)
Class com.google.common.cache.CacheLoader                                             : loaded 2 times (x 72B)
Class com.google.common.collect.ImmutableBiMapFauxverideShim                          : loaded 2 times (x 118B)
Class org.objectweb.asm.MethodTooLargeException                                       : loaded 2 times (x 81B)
Class com.google.common.cache.Cache                                                   : loaded 2 times (x 68B)
Class com.google.common.collect.Maps$EntrySet                                         : loaded 2 times (x 134B)
Class org.jetbrains.kotlin.config.ApiVersion                                          : loaded 2 times (x 84B)
Class org.gradle.internal.classloader.SystemClassLoaderSpec                           : loaded 2 times (x 69B)
Class com.google.common.io.LineBuffer                                                 : loaded 2 times (x 73B)
Class com.google.common.util.concurrent.internal.InternalFutureFailureAccess          : loaded 2 times (x 70B)
Class com.google.common.base.Charsets                                                 : loaded 2 times (x 69B)
Class org.jetbrains.kotlin.utils.DescriptionAware                                     : loaded 2 times (x 68B)
Class com.google.common.primitives.Ints$IntConverter                                  : loaded 2 times (x 88B)
Class com.google.common.collect.SingletonImmutableSet                                 : loaded 2 times (x 144B)
Class com.google.common.collect.Interners$InternerBuilder                             : loaded 2 times (x 74B)
Class [Lcom.google.common.base.AbstractIterator$State;                                : loaded 2 times (x 67B)
Class com.google.common.collect.ImmutableMap$Builder                                  : loaded 2 times (x 80B)
Class com.google.common.io.LineReader$1                                               : loaded 2 times (x 73B)
Class com.google.common.base.AbstractIterator                                         : loaded 2 times (x 78B)
Class org.objectweb.asm.ClassWriter                                                   : loaded 2 times (x 104B)
Class com.google.common.collect.Range                                                 : loaded 2 times (x 85B)
Class org.jetbrains.kotlin.config.LanguageVersion                                     : loaded 2 times (x 89B)
Class com.google.common.base.AbstractIterator$1                                       : loaded 2 times (x 69B)
Class org.jetbrains.kotlin.config.MavenComparableVersion$Item                         : loaded 2 times (x 68B)
Class [Lcom.google.common.cache.CacheBuilder$OneWeigher;                              : loaded 2 times (x 67B)
Class com.google.common.collect.Iterators                                             : loaded 2 times (x 69B)
Class com.google.common.base.CharMatcher$1                                            : loaded 2 times (x 111B)
Class com.google.common.base.CharMatcher$Ascii                                        : loaded 2 times (x 110B)
Class com.google.common.cache.LocalCache$ComputingValueReference                      : loaded 2 times (x 94B)
Class com.google.common.collect.ImmutableList$SerializedForm                          : loaded 2 times (x 71B)
Class org.gradle.api.UncheckedIOException                                             : loaded 2 times (x 80B)
Class com.google.common.base.CharMatcher$And                                          : loaded 2 times (x 110B)
Class com.google.common.io.Files$FileByteSink                                         : loaded 2 times (x 75B)
Class [Lcom.google.common.io.FileWriteMode;                                           : loaded 2 times (x 67B)
Class com.google.common.collect.IndexedImmutableSet                                   : loaded 2 times (x 148B)
Class com.google.common.base.ExtraObjectsMethodsForWeb                                : loaded 2 times (x 69B)
Class com.google.common.collect.AbstractListMultimap                                  : loaded 2 times (x 170B)
Class com.google.common.base.CharMatcher$Any                                          : loaded 2 times (x 110B)
Class com.google.common.collect.ImmutableEnumMap                                      : loaded 2 times (x 123B)
Class com.google.common.cache.LocalCache$Strength                                     : loaded 2 times (x 79B)
Class com.google.common.collect.AbstractMapBasedMultimap$KeySet                       : loaded 2 times (x 135B)
Class com.google.common.collect.SortedIterable                                        : loaded 2 times (x 68B)
Class com.google.common.collect.ArrayListMultimapGwtSerializationDependencies         : loaded 2 times (x 170B)
Class com.google.common.base.CharMatcher$RangesMatcher                                : loaded 2 times (x 110B)
Class com.google.common.collect.AbstractMapBasedMultimap$RandomAccessWrappedList      : loaded 2 times (x 165B)
Class org.objectweb.asm.Handler                                                       : loaded 2 times (x 70B)
Class com.google.common.collect.ImmutableList$SubList                                 : loaded 2 times (x 168B)
Class com.google.common.cache.LocalCache$ValueReference                               : loaded 2 times (x 68B)
Class com.google.common.collect.CollectSpliterators                                   : loaded 2 times (x 69B)
Class com.google.common.io.Java8Compatibility                                         : loaded 2 times (x 69B)
Class org.gradle.internal.classloader.ClasspathUtil                                   : loaded 2 times (x 69B)
Class org.objectweb.asm.CurrentFrame                                                  : loaded 2 times (x 71B)
Class com.google.common.util.concurrent.AbstractFuture                                : loaded 2 times (x 93B)
Class com.google.common.base.Splitter$1                                               : loaded 2 times (x 75B)
Class com.google.common.collect.TransformedListIterator                               : loaded 2 times (x 91B)
Class com.google.common.base.Ticker$1                                                 : loaded 2 times (x 70B)
Class com.google.common.collect.Maps$BiMapConverter                                   : loaded 2 times (x 88B)
Class org.gradle.api.internal.DefaultClassPathRegistry                                : loaded 2 times (x 74B)
Class org.jetbrains.kotlin.config.LanguageOrApiVersion                                : loaded 2 times (x 68B)
Class com.google.common.collect.AbstractIterator$State                                : loaded 2 times (x 77B)
Class com.google.common.util.concurrent.AbstractFuture$Cancellation                   : loaded 2 times (x 70B)
Class [Lorg.objectweb.asm.Symbol;                                                     : loaded 2 times (x 67B)
Class com.google.common.collect.Interner                                              : loaded 2 times (x 68B)
Class com.google.common.collect.ImmutableSet$SetBuilderImpl                           : loaded 2 times (x 74B)
Class org.gradle.api.internal.classpath.DefaultModuleRegistry$DefaultModule           : loaded 2 times (x 84B)
Class com.google.common.io.LineReader                                                 : loaded 2 times (x 70B)
Class com.google.common.base.CharMatcher$JavaIsoControl                               : loaded 2 times (x 110B)
Class com.google.common.collect.ImmutableMap$1                                        : loaded 2 times (x 79B)
Class org.jetbrains.kotlin.config.ApiVersion$Companion                                : loaded 2 times (x 69B)
Class com.google.common.base.CharMatcher$Or                                           : loaded 2 times (x 110B)
Class org.gradle.kotlin.dsl.VersionCatalogAccessorsKt                                 : loaded 2 times (x 69B)
Class com.google.common.base.Suppliers$SupplierOfInstance                             : loaded 2 times (x 77B)
Class org.objectweb.asm.RecordComponentVisitor                                        : loaded 2 times (x 75B)
Class com.google.common.collect.Iterables                                             : loaded 2 times (x 69B)
Class com.google.common.base.CharMatcher$JavaLowerCase                                : loaded 2 times (x 109B)
Class org.objectweb.asm.ClassTooLargeException                                        : loaded 2 times (x 81B)
Class org.jetbrains.kotlin.config.LanguageVersion$Companion                           : loaded 2 times (x 69B)
Class org.gradle.api.internal.classpath.UnknownModuleException                        : loaded 2 times (x 80B)
Class com.google.common.collect.FluentIterable                                        : loaded 2 times (x 79B)
Class com.google.common.util.concurrent.AbstractFuture$Listener                       : loaded 2 times (x 70B)
Class com.google.common.collect.MapMakerInternalMap$StrongKeyDummyValueEntry$LinkedStrongKeyDummyValueEntry: loaded 2 times (x 80B)
Class com.google.common.collect.Iterables$4                                           : loaded 2 times (x 79B)
Class org.objectweb.asm.Edge                                                          : loaded 2 times (x 70B)
Class com.google.common.collect.Maps$EntryTransformer                                 : loaded 2 times (x 68B)
Class com.google.common.collect.ImmutableCollection$Builder                           : loaded 2 times (x 74B)
Class com.google.common.io.ByteArrayDataInput                                         : loaded 2 times (x 68B)
Class [Lorg.objectweb.asm.SymbolTable$Entry;                                          : loaded 2 times (x 67B)
Class com.google.common.collect.SingletonImmutableBiMap                               : loaded 2 times (x 141B)
Class com.google.common.base.CommonPattern                                            : loaded 2 times (x 72B)
Class com.google.common.base.Suppliers$MemoizingSupplier                              : loaded 2 times (x 77B)
Class com.google.common.base.Suppliers                                                : loaded 2 times (x 69B)
Class [Lcom.google.common.collect.Iterators$EmptyModifiableIterator;                  : loaded 2 times (x 67B)
Class org.objectweb.asm.ClassVisitor                                                  : loaded 2 times (x 86B)
Class com.google.common.collect.MapMakerInternalMap$StrongKeyDummyValueEntry          : loaded 2 times (x 80B)
Class com.google.common.cache.LoadingCache                                            : loaded 2 times (x 68B)
Class org.gradle.internal.service.ServiceLookupException                              : loaded 2 times (x 80B)
Class com.google.common.collect.MapMakerInternalMap$StrongKeyDummyValueSegment        : loaded 2 times (x 140B)
Class org.gradle.cache.GlobalCache                                                    : loaded 2 times (x 68B)
Class com.google.common.base.Present                                                  : loaded 2 times (x 79B)
Class com.google.common.base.CharMatcher$NegatedFastMatcher                           : loaded 2 times (x 111B)
Class [Lorg.gradle.api.internal.ClassPathProvider;                                    : loaded 2 times (x 67B)
Class com.google.common.util.concurrent.AbstractFuture$SafeAtomicHelper               : loaded 2 times (x 77B)
Class com.google.common.collect.ImmutableMultimap$Values                              : loaded 2 times (x 124B)
Class org.gradle.util.internal.GUtil                                                  : loaded 2 times (x 69B)
Class com.google.common.math.IntMath                                                  : loaded 2 times (x 69B)
Class com.google.common.collect.AbstractIterator                                      : loaded 2 times (x 80B)
Class org.gradle.internal.classloader.ClassLoaderSpec                                 : loaded 2 times (x 69B)
Class com.google.common.io.LineProcessor                                              : loaded 2 times (x 68B)
Class com.google.common.base.NullnessCasts                                            : loaded 2 times (x 69B)
Class com.google.common.io.CharSink                                                   : loaded 2 times (x 77B)
Class org.objectweb.asm.Frame                                                         : loaded 2 times (x 71B)
Class com.google.common.cache.LocalCache$LocalManualCache                             : loaded 2 times (x 97B)
Class com.google.common.collect.AbstractMapEntry                                      : loaded 2 times (x 79B)
Class com.google.common.collect.ImmutableList$Builder                                 : loaded 2 times (x 75B)
Class com.google.common.base.CharMatcher$Negated                                      : loaded 2 times (x 111B)
Class com.google.common.cache.CacheLoader$1                                           : loaded 2 times (x 73B)
Class [Lcom.google.common.collect.MapMakerInternalMap$Strength;                       : loaded 2 times (x 67B)
Class com.google.common.util.concurrent.AbstractFuture$TrustedFuture                  : loaded 2 times (x 95B)
Class com.google.common.collect.MapMakerInternalMap$InternalEntry                     : loaded 2 times (x 68B)
Class com.google.common.collect.Maps$ViewCachingAbstractMap                           : loaded 2 times (x 123B)
Class com.google.common.collect.Sets                                                  : loaded 2 times (x 69B)
Class com.google.common.collect.ImmutableSet$Builder                                  : loaded 2 times (x 83B)
Class com.google.common.collect.MapMakerInternalMap                                   : loaded 2 times (x 159B)
Class com.google.common.base.CharMatcher$ForPredicate                                 : loaded 2 times (x 110B)
Class com.google.common.collect.ImmutableMap$MapViewOfValuesAsSingletonSets           : loaded 2 times (x 123B)
Class com.google.common.collect.ImmutableMapKeySet                                    : loaded 2 times (x 148B)
Class com.google.common.base.MoreObjects                                              : loaded 2 times (x 69B)
Class com.google.common.collect.SortedMapDifference                                   : loaded 2 times (x 68B)
Class org.objectweb.asm.SymbolTable                                                   : loaded 2 times (x 70B)
Class com.google.common.cache.CacheStats                                              : loaded 2 times (x 69B)
Class org.objectweb.asm.Attribute                                                     : loaded 2 times (x 75B)
Class org.gradle.internal.classloader.VisitableURLClassLoader                         : loaded 2 times (x 115B)
Class com.google.common.cache.LocalCache$LocalLoadingCache                            : loaded 2 times (x 132B)
Class com.google.common.base.Supplier                                                 : loaded 2 times (x 68B)
Class com.google.common.collect.ImmutableMultimap$Keys                                : loaded 2 times (x 164B)
Class com.google.common.base.Objects                                                  : loaded 2 times (x 69B)
Class com.google.common.util.concurrent.AbstractFuture$AtomicHelper                   : loaded 2 times (x 76B)
Class com.google.common.collect.ImmutableBiMap                                        : loaded 2 times (x 141B)
Class org.gradle.internal.Cast                                                        : loaded 2 times (x 69B)
Class org.jetbrains.kotlin.config.MavenComparableVersion$ListItem                     : loaded 2 times (x 178B)
Class org.gradle.api.internal.ClassPathRegistry                                       : loaded 2 times (x 68B)
Class com.google.common.cache.LocalCache$EntryFactory                                 : loaded 2 times (x 81B)
Class com.google.common.util.concurrent.UncheckedExecutionException                   : loaded 2 times (x 80B)
Class com.google.common.collect.ImmutableSet                                          : loaded 2 times (x 143B)
Class org.gradle.internal.classloader.VisitableURLClassLoader$InstrumentingVisitableURLClassLoader: loaded 2 times (x 121B)
Class org.gradle.internal.classloader.ClassLoaderHierarchy                            : loaded 2 times (x 68B)
Class com.google.common.io.Closer$Suppressor                                          : loaded 2 times (x 68B)
Class com.google.common.collect.AbstractMapBasedMultimap$WrappedList                  : loaded 2 times (x 165B)
Class [Lorg.objectweb.asm.Type;                                                       : loaded 2 times (x 67B)
Class com.google.common.collect.MapMakerInternalMap$WeakValueReference                : loaded 2 times (x 68B)
Class com.google.common.base.AbstractIterator$State                                   : loaded 2 times (x 77B)
Class com.google.common.cache.Weigher                                                 : loaded 2 times (x 68B)
Class com.google.common.collect.MapMakerInternalMap$StrongValueEntry                  : loaded 2 times (x 68B)
Class com.google.common.base.CharMatcher$NamedFastMatcher                             : loaded 2 times (x 110B)
Class org.gradle.internal.InternalTransformer                                         : loaded 2 times (x 68B)
Class org.gradle.internal.service.ServiceLocator                                      : loaded 2 times (x 68B)
Class Settings_gradle$1                                                               : loaded 2 times (x 72B)
Class org.jetbrains.kotlin.config.MavenComparableVersion                              : loaded 2 times (x 76B)
Class com.google.common.collect.ImmutableRangeSet$1                                   : loaded 2 times (x 169B)
Class com.google.common.util.concurrent.SettableFuture                                : loaded 2 times (x 95B)
Class com.google.common.io.Files$2                                                    : loaded 2 times (x 74B)
Class com.google.common.collect.ImmutableMapEntry                                     : loaded 2 times (x 83B)
Class com.google.common.io.ByteStreams                                                : loaded 2 times (x 69B)
Class com.google.common.base.CharMatcher$Invisible                                    : loaded 2 times (x 110B)
Class com.google.common.base.Joiner$1                                                 : loaded 2 times (x 78B)
Class com.google.common.collect.MapMaker                                              : loaded 2 times (x 70B)
Class com.google.common.base.Joiner$2                                                 : loaded 2 times (x 77B)
Class com.google.common.collect.ImmutableMultiset                                     : loaded 2 times (x 161B)
Class com.google.common.base.CharMatcher$FastMatcher                                  : loaded 2 times (x 109B)
Class [Lorg.jetbrains.kotlin.config.LanguageVersion;                                  : loaded 2 times (x 67B)
Class org.gradle.internal.classpath.DefaultClassPath$ImmutableUniqueList              : loaded 2 times (x 159B)
Class com.google.common.base.CharMatcher$JavaLetter                                   : loaded 2 times (x 109B)
Class com.google.common.collect.ImmutableMultimap$1                                   : loaded 2 times (x 80B)
Class com.google.common.collect.ImmutableMultimap$2                                   : loaded 2 times (x 79B)
Class org.gradle.internal.classpath.TransformedClassPath                              : loaded 2 times (x 94B)
Class com.google.common.collect.MapDifference                                         : loaded 2 times (x 68B)
Class com.google.common.collect.Sets$1                                                : loaded 2 times (x 137B)
Class com.google.common.collect.Sets$2                                                : loaded 2 times (x 137B)
Class com.google.common.util.concurrent.AbstractFuture$Trusted                        : loaded 2 times (x 68B)
Class com.google.common.collect.Sets$3                                                : loaded 2 times (x 137B)
Class com.google.common.graph.SuccessorsFunction                                      : loaded 2 times (x 68B)
Class com.google.common.collect.Sets$4                                                : loaded 2 times (x 137B)
Class Settings_gradle                                                                 : loaded 2 times (x 126B)
Class com.google.common.io.ByteSink                                                   : loaded 2 times (x 74B)
Class com.google.common.collect.AbstractMapBasedMultimap$WrappedCollection$WrappedIterator: loaded 2 times (x 82B)
Class org.objectweb.asm.MethodWriter                                                  : loaded 2 times (x 104B)
Class com.google.common.collect.Platform                                              : loaded 2 times (x 69B)
Class com.google.common.collect.ImmutableAsList                                       : loaded 2 times (x 169B)
Class com.google.common.util.concurrent.ExecutionError                                : loaded 2 times (x 80B)
Class com.google.common.io.ByteSink$AsCharSink                                        : loaded 2 times (x 78B)
Class com.google.common.base.Equivalence$Identity                                     : loaded 2 times (x 80B)
Class com.google.common.base.CharMatcher$AnyOf                                        : loaded 2 times (x 110B)
Class com.google.common.base.CharMatcher$IsEither                                     : loaded 2 times (x 109B)
Class com.google.common.collect.AbstractIterator$1                                    : loaded 2 times (x 69B)
Class com.google.common.cache.LocalCache                                              : loaded 2 times (x 185B)
Class com.google.common.collect.ImmutableRangeSet$Builder                             : loaded 2 times (x 75B)
Class com.google.common.collect.RegularImmutableList                                  : loaded 2 times (x 172B)
Class com.google.common.util.concurrent.AbstractFuture$UnsafeAtomicHelper$1           : loaded 2 times (x 74B)
Class com.google.common.base.CharMatcher$JavaUpperCase                                : loaded 2 times (x 109B)
Class com.google.common.collect.Multiset                                              : loaded 2 times (x 68B)
Class com.google.common.collect.ImmutableSet$CachingAsList                            : loaded 2 times (x 145B)
Class org.objectweb.asm.MethodVisitor                                                 : loaded 2 times (x 103B)
Class com.google.common.collect.AbstractMapBasedMultimap$KeySet$1                     : loaded 2 times (x 80B)
Class com.google.common.collect.ImmutableMapEntry$NonTerminalImmutableMapEntry        : loaded 2 times (x 83B)
Class com.google.common.collect.AbstractMapBasedMultimap                              : loaded 2 times (x 137B)


---------------  S Y S T E M  ---------------

OS:
 Windows 10 , 64 bit Build 19041 (10.0.19041.5915)
OS uptime: 0 days 0:54 hours

CPU: total 8 (initial active 8) (8 cores per cpu, 2 threads per core) family 23 model 1 stepping 1 microcode 0x0, cx8, cmov, fxsr, ht, mmx, 3dnowpref, sse, sse2, sse3, ssse3, sse4a, sse4.1, sse4.2, popcnt, lzcnt, tsc, tscinvbit, avx, avx2, aes, clmul, bmi1, bmi2, adx, sha, fma, vzeroupper, clflush, clflushopt
Processor Information for all 8 processors :
  Max Mhz: 3200, Current Mhz: 3200, Mhz Limit: 3200

Memory: 4k page, system-wide physical 16263M (1264M free)
TotalPageFile size 23943M (AvailPageFile size 5M)
current process WorkingSet (physical memory assigned to process): 655M, peak: 657M
current process commit charge ("private bytes"): 689M, peak: 1107M

vm_info: OpenJDK 64-Bit Server VM (17.0.9+0--11185874) for windows-amd64 JRE (17.0.9+0--11185874), built on Dec  6 2023 18:57:44 by "androidbuild" with MS VC++ 16.10 / 16.11 (VS2019)

END.
